
@{{BLOCK(blank)

@=======================================================================
@
@	blank, 256x192@8, 
@	Transparent color : FF,00,FF
@	+ palette 256 entries, not compressed
@	+ bitmap not compressed
@	Total size: 512 + 49152 = 49664
@
@	Time-stamp: 2026-04-09, 14:04:46
@	Exported by Cearn's GBA Image Transmogrifier, v0.9.2
@	( http://www.coranac.com/projects/#grit )
@
@=======================================================================

	.section .rodata
	.align	2
	.global blankBitmap		@ 49152 unsigned chars
	.hidden blankBitmap
blankBitmap:
	.word 0x0B0B0B0B,0x0B0B0B0B,0x0B0B0B0B,0x0B0B0B0B,0x0B0B0B0B,0x0B0B0B0B,0x0B0B0B0B,0x0B0B0B0B
	.word 0x0B0B0B0B,0x0B0B0B0B,0x0B0B0B0B,0x0B0B0B0B,0x0B0B0B0B,0x0B0B0B0B,0x0B0B0B0B,0x0B0B0B0B
	.word 0x0B0B0B0B,0x0B0B0B0B,0x0B0B0B0B,0x0B0B0B0B,0x0B0B0B0B,0x0B0B0B0B,0x0B0B0B0B,0x0B0B0B0B
	.word 0x0B0B0B0B,0x0B0B0B0B,0x0B0B0B0B,0x0B0B0B0B,0x0B0B0B0B,0x0B0B0B0B,0x0B0B0B0B,0x0B0B0B0B
	.word 0x0B0B0B0B,0x0B0B0B0B,0x0B0B0B0B,0x0B0B0B0B,0x0B0B0B0B,0x0B0B0B0B,0x0B0B0B0B,0x0B0B0B0B
	.word 0x0B0B0B0B,0x0B0B0B0B,0x0B0B0B0B,0x0B0B0B0B,0x0B0B0B0B,0x0B0B0B0B,0x0B0B0B0B,0x0B0B0B0B
	.word 0x0B0B0B0B,0x0B0B0B0B,0x0B0B0B0B,0x0B0B0B0B,0x0B0B0B0B,0x0B0B0B0B,0x0B0B0B0B,0x0B0B0B0B
	.word 0x0B0B0B0B,0x0B0B0B0B,0x0B0B0B0B,0x0B0B0B0B,0x23230B0B,0x23232323,0x0B0B0B23,0x0D444431

	.word 0x0B0B0B0B,0x0B0B0B0B,0x0B0B0B0B,0x0B0B0B0B,0x0B0B0B0B,0x0B0B0B0B,0x0B0B0B0B,0x0B0B0B0B
	.word 0x0B0B0B0B,0x0B0B0B0B,0x0B0B0B0B,0x0B0B0B0B,0x0B0B0B0B,0x0B0B0B0B,0x0B0B0B0B,0x0B0B0B0B
	.word 0x0B0B0B0B,0x0B0B0B0B,0x0B0B0B0B,0x0B0B0B0B,0x0B0B0B0B,0x0B0B0B0B,0x0B0B0B0B,0x0B0B0B0B
	.word 0x0B0B0B0B,0x0B0B0B0B,0x0B0B0B0B,0x0B0B0B0B,0x0B0B0B0B,0x0B0B0B0B,0x0B0B0B0B,0x0B0B0B0B
	.word 0x0B0B0B0B,0x0B0B0B0B,0x0B0B0B0B,0x0B0B0B0B,0x0B0B0B0B,0x0B0B0B0B,0x0B0B0B0B,0x0B0B0B0B
	.word 0x0B0B0B0B,0x0B0B0B0B,0x0B0B0B0B,0x0B0B0B0B,0x0B0B0B0B,0x0B0B0B0B,0x0B0B0B0B,0x0B0B0B0B
	.word 0x0B0B0B0B,0x0B0B0B0B,0x0B0B0B0B,0x0B0B0B0B,0x0B0B0B0B,0x0B0B0B0B,0x0B0B0B0B,0x0B0B0B0B
	.word 0x0B0B0B0B,0x0B0B0B0B,0x0B0B0B0B,0x2323230B,0x44442323,0x44444444,0x0B0B0B31,0x4444440B

	.word 0x0B0B0B0B,0x0B0B0B0B,0x0B0B0B0B,0x0B0B0B0B,0x0B0B0B0B,0x0B0B0B0B,0x0B0B0B0B,0x0B0B0B0B
	.word 0x0B0B0B0B,0x0B0B0B0B,0x0B0B0B0B,0x0B0B0B0B,0x0B0B0B0B,0x0B0B0B0B,0x0B0B0B0B,0x0B0B0B0B
	.word 0x0B0B0B0B,0x0B0B0B0B,0x0B0B0B0B,0x0B0B0B0B,0x0B0B0B0B,0x0B0B0B0B,0x0B0B0B0B,0x0B0B0B0B
	.word 0x0B0B0B0B,0x0B0B0B0B,0x0B0B0B0B,0x0B0B0B0B,0x0B0B0B0B,0x0B0B0B0B,0x0B0B0B0B,0x0B0B0B0B
	.word 0x0B0B0B0B,0x0B0B0B0B,0x0B0B0B0B,0x0B0B0B0B,0x0B0B0B0B,0x0B0B0B0B,0x0B0B0B0B,0x0B0B0B0B
	.word 0x0B0B0B0B,0x0B0B0B0B,0x0B0B0B0B,0x0B0B0B0B,0x0B0B0B0B,0x0B0B0B0B,0x0B0B0B0B,0x0B0B0B0B
	.word 0x0B0B0B0B,0x0B0B0B0B,0x0B0B0B0B,0x0B0B0B0B,0x0B0B0B0B,0x0B0B0B0B,0x0B0B0B0B,0x0B0B0B0B
	.word 0x0B0B0B0B,0x0B0B0B0B,0x0B0B0B0B,0x4444440B,0x44444444,0x31314444,0x0B0B0B0B,0x4444310B

	.word 0x0B0B0B0B,0x0B0B0B0B,0x0B0B0B0B,0x0B0B0B0B,0x0B0B0B0B,0x0B0B0B0B,0x0B0B0B0B,0x0B0B0B0B
	.word 0x0B0B0B0B,0x0B0B0B0B,0x0B0B0B0B,0x0B0B0B0B,0x0B0B0B0B,0x0B0B0B0B,0x0B0B0B0B,0x0B0B0B0B
	.word 0x0B0B0B0B,0x0B0B0B0B,0x0B0B0B0B,0x0B0B0B0B,0x0B0B0B0B,0x0B0B0B0B,0x0B0B0B0B,0x0B0B0B0B
	.word 0x0B0B0B0B,0x0B0B0B0B,0x0B0B0B0B,0x0B0B0B0B,0x0B0B0B0B,0x0B0B0B0B,0x0B0B0B0B,0x0B0B0B0B
	.word 0x0B0B0B0B,0x0B0B0B0B,0x0B0B0B0B,0x0B0B0B0B,0x0B0B0B0B,0x0B0B0B0B,0x0B0B0B0B,0x0B0B0B0B
	.word 0x0B0B0B0B,0x0B0B0B0B,0x0B0B0B0B,0x0B0B0B0B,0x0B0B0B0B,0x0B0B0B0B,0x0B0B0B0B,0x0B0B0B0B
	.word 0x0B0B0B0B,0x0B0B0B0B,0x0B0B0B0B,0x0B0B0B0B,0x0B0B0B0B,0x0B0B0B0B,0x0B0B0B0B,0x0B0B0B0B
	.word 0x0B0B0B0B,0x0B0B0B0B,0x0B0B0B0B,0x0D44440B,0x0A313144,0x0B0B310A,0x0B0B0B0B,0x0D440B0B

	.word 0x0B0B0B0B,0x0B0B0B0B,0x0B0B0B0B,0x0B0B0B0B,0x0B0B0B0B,0x0B0B0B0B,0x0B0B0B0B,0x010B0B0B
	.word 0x08080808,0x08080808,0x0B0B0B0B,0x0B0B0B0B,0x0B0B0B0B,0x0B0B0B0B,0x0B0B0B0B,0x0B0B0B0B
	.word 0x0B0B0B0B,0x0B0B0B0B,0x0B0B0B0B,0x0B0B0B0B,0x0B0B0B0B,0x0B0B0B0B,0x0B0B0B0B,0x0B0B0B0B
	.word 0x0B0B0B0B,0x0B0B0B0B,0x0B0B0B0B,0x0B0B0B0B,0x0B0B0B0B,0x0B0B0B0B,0x0B0B0B0B,0x0B0B0B0B
	.word 0x0B0B0B0B,0x0B0B0B0B,0x0B0B0B0B,0x0B0B0B0B,0x0B0B0B0B,0x0B0B0B0B,0x0B0B0B0B,0x0B0B0B0B
	.word 0x0B0B0B0B,0x0B0B0B0B,0x0B0B0B0B,0x0B0B0B0B,0x0B0B0B0B,0x0B0B0B0B,0x0B0B0B0B,0x0B0B0B0B
	.word 0x0B0B0B0B,0x0B0B0B0B,0x0B0B0B0B,0x0B0B0B0B,0x0B0B0B0B,0x0B0B0B0B,0x0B0B0B0B,0x0B0B0B0B
	.word 0x0B0B0B0B,0x0B0B0B0B,0x0B0B0B0B,0x0A0A0A0B,0x0B0B0B31,0x0B0B0B0B,0x0B0B0B0B,0x440A0B0B

	.word 0x0B0B0B0B,0x0B0B0B0B,0x0B0B0B0B,0x0B0B0B0B,0x0B0B0B0B,0x0B0B0B0B,0x520B0B0B,0x15080808
	.word 0x00000000,0x00000000,0x0B0B0B08,0x0B0B0B0B,0x0B0B0B0B,0x0B0B0B0B,0x0B0B0B0B,0x0B0B0B0B
	.word 0x0B0B0B0B,0x0B0B0B0B,0x0B0B0B0B,0x0B0B0B0B,0x0B0B0B0B,0x0B0B0B0B,0x0B0B0B0B,0x0B0B0B0B
	.word 0x0B0B0B0B,0x0B0B0B0B,0x0B0B0B0B,0x0B0B0B0B,0x0B0B0B0B,0x0B0B0B0B,0x0B0B0B0B,0x0B0B0B0B
	.word 0x0B0B0B0B,0x0B0B0B0B,0x0B0B0B0B,0x0B0B0B0B,0x0B0B0B0B,0x0B0B0B0B,0x0B0B0B0B,0x0B0B0B0B
	.word 0x0B0B0B0B,0x0B0B0B0B,0x0B0B0B0B,0x0B0B0B0B,0x0B0B0B0B,0x0B0B0B0B,0x0B0B0B0B,0x0B0B0B0B
	.word 0x0B0B0B0B,0x0B0B0B0B,0x0B0B0B0B,0x0B0B0B0B,0x0B0B0B0B,0x0B0B0B0B,0x0B0B0B0B,0x0B0B0B0B
	.word 0x0B0B0B0B,0x0B0B0B0B,0x0B0B0B0B,0x0B0B0B0B,0x0B0B0B0B,0x0B0B0B0B,0x0B0B0B0B,0x0A0B0B0B

	.word 0x0B0B0B0B,0x0B0B0B0B,0x0B0B0B0B,0x0B0B0B0B,0x0B0B0B0B,0x0B0B0B0B,0x150B0B0B,0x00000000
	.word 0x42424224,0x00004242,0x0B0B1B00,0x0B0B0B0B,0x0B0B0B0B,0x0B0B0B0B,0x0B0B0B0B,0x0B0B0B0B
	.word 0x0B0B0B0B,0x0B0B0B0B,0x0B0B0B0B,0x0B0B0B0B,0x0B0B0B0B,0x0B0B0B0B,0x0B0B0B0B,0x0B0B0B0B
	.word 0x0B0B0B0B,0x0B0B0B0B,0x0B0B0B0B,0x0B0B0B0B,0x0B0B0B0B,0x0B0B0B0B,0x0B0B0B0B,0x0B0B0B0B
	.word 0x0B0B0B0B,0x0B0B0B0B,0x0B0B0B0B,0x0B0B0B0B,0x0B0B0B0B,0x0B0B0B0B,0x0B0B0B0B,0x0B0B0B0B
	.word 0x0B0B0B0B,0x0B0B0B0B,0x0B0B0B0B,0x0B0B0B0B,0x0B0B0B0B,0x0B0B0B0B,0x0B0B0B0B,0x0B0B0B0B
	.word 0x0B0B0B0B,0x0B0B0B0B,0x0B0B0B0B,0x0B0B0B0B,0x0B0B0B0B,0x0B0B0B0B,0x0B0B0B0B,0x0B0B0B0B
	.word 0x0B0B0B0B,0x0B0B0B0B,0x0B0B0B0B,0x0B0B0B0B,0x0B0B0B0B,0x0B0B0B0B,0x2C2C0B0B,0x0B0B0B48

	.word 0x0B0B0B0B,0x0B0B0B0B,0x0B0B0B0B,0x0B0B0B0B,0x0B0B0B0B,0x0B0B0B0B,0x150B0B0B,0x42422400
	.word 0x26262625,0x004B2626,0x0B0B1B00,0x0B0B0B0B,0x0B0B0B0B,0x0B0B0B0B,0x0B0B0B0B,0x0B0B0B0B
	.word 0x0B0B0B0B,0x0B0B0B0B,0x0B0B0B0B,0x0B0B0B0B,0x0B0B0B0B,0x0B0B0B0B,0x0B0B0B0B,0x0B0B0B0B
	.word 0x0B0B0B0B,0x0B0B0B0B,0x0B0B0B0B,0x0B0B0B0B,0x0B0B0B0B,0x0B0B0B0B,0x0B0B0B0B,0x0B0B0B0B
	.word 0x0B0B0B0B,0x0B0B0B0B,0x0B0B0B0B,0x0B0B0B0B,0x0B0B0B0B,0x0B0B0B0B,0x0B0B0B0B,0x0B0B0B0B
	.word 0x0B0B0B0B,0x0B0B0B0B,0x0B0B0B0B,0x0B0B0B0B,0x0B0B0B0B,0x0B0B0B0B,0x0B0B0B0B,0x0B0B0B0B
	.word 0x0B0B0B0B,0x0B0B0B0B,0x0B0B0B0B,0x0B0B0B0B,0x0B0B0B0B,0x0B0B0B0B,0x0B0B0B0B,0x0B0B0B0B
	.word 0x0B0B0B0B,0x0B0B0B0B,0x0B0B0B0B,0x0B0B0B0B,0x0B0B0B0B,0x0B0B0B0B,0x44442C0B,0x0B0B0B44

	.word 0x0B0B0B0B,0x0B0B0B0B,0x0B0B0B0B,0x0B0B0B0B,0x0B0B0B0B,0x0B0B0B0B,0x150B0B0B,0x26262500
	.word 0x26262626,0x22262626,0x0B0B1B00,0x0B0B0B0B,0x0B0B0B0B,0x0B0B0B0B,0x0B0B0B0B,0x0B0B0B0B
	.word 0x0B0B0B0B,0x0B0B0B0B,0x0B0B0B0B,0x0B0B0B0B,0x0B0B0B0B,0x0B0B0B0B,0x0B0B0B0B,0x0B0B0B0B
	.word 0x0B0B0B0B,0x0B0B0B0B,0x0B0B0B0B,0x0B0B0B0B,0x0B0B0B0B,0x0B0B0B0B,0x0B0B0B0B,0x0B0B0B0B
	.word 0x0B0B0B0B,0x0B0B0B0B,0x0B0B0B0B,0x0B0B0B0B,0x0B0B0B0B,0x0B0B0B0B,0x0B0B0B0B,0x0B0B0B0B
	.word 0x0B0B0B0B,0x0B0B0B0B,0x0B0B0B0B,0x0B0B0B0B,0x0B0B0B0B,0x0B0B0B0B,0x0B0B0B0B,0x0B0B0B0B
	.word 0x0B0B0B0B,0x0B0B0B0B,0x0B0B0B0B,0x0B0B0B0B,0x0B0B0B0B,0x0B0B0B0B,0x0B0B0B0B,0x0B0B0B0B
	.word 0x0B0B0B0B,0x0B0B0B0B,0x0B0B0B0B,0x0B0B0B0B,0x0B0B0B0B,0x0B0B0B0B,0x4444442C,0x0B0B0B0A

	.word 0x0B0B0B0B,0x0B0B0B0B,0x0B0B0B0B,0x0B0B0B0B,0x0B0B0B0B,0x0B0B0B0B,0x150B0B0B,0x26262500
	.word 0x26262626,0x22262626,0x0B0B1B00,0x0B0B0B0B,0x0B0B0B0B,0x0B0B0B0B,0x0B0B0B0B,0x0B0B0B0B
	.word 0x0B0B0B0B,0x0B0B0B0B,0x0B0B0B0B,0x0B0B0B0B,0x0B0B0B0B,0x0B0B0B0B,0x0B0B0B0B,0x0B0B0B0B
	.word 0x0B0B0B0B,0x0B0B0B0B,0x0B0B0B0B,0x0B0B0B0B,0x0B0B0B0B,0x0B0B0B0B,0x0B0B0B0B,0x0B0B0B0B
	.word 0x0B0B0B0B,0x0B0B0B0B,0x0B0B0B0B,0x0B0B0B0B,0x0B0B0B0B,0x0B0B0B0B,0x0B0B0B0B,0x0B0B0B0B
	.word 0x0B0B0B0B,0x0B0B0B0B,0x0B0B0B0B,0x0B0B0B0B,0x0B0B0B0B,0x0B0B0B0B,0x0B0B0B0B,0x0B0B0B0B
	.word 0x0B0B0B0B,0x0B0B0B0B,0x0B0B0B0B,0x0B0B0B0B,0x0B0B0B0B,0x0B0B0B0B,0x0B0B0B0B,0x0B0B0B0B
	.word 0x0B0B0B0B,0x0B0B0B0B,0x0B0B0B0B,0x0B0B0B0B,0x0B0B0B0B,0x480B0B0B,0x0A444444,0x0B0B0B0B

	.word 0x0B0B0B0B,0x0B0B0B0B,0x0B0B0B0B,0x0B0B0B0B,0x0B0B0B0B,0x0B0B0B0B,0x150B0B0B,0x26262500
	.word 0x26262626,0x22262626,0x0B0B1B00,0x0B0B0B0B,0x0B0B0B0B,0x0B0B0B0B,0x0B0B0B0B,0x0B0B0B0B
	.word 0x0B0B0B0B,0x0B0B0B0B,0x0B0B0B0B,0x0B0B0B0B,0x0B0B0B0B,0x0B0B0B0B,0x0B0B0B0B,0x0B0B0B0B
	.word 0x0B0B0B0B,0x0B0B0B0B,0x0B0B0B0B,0x0B0B0B0B,0x0B0B0B0B,0x0B0B0B0B,0x0B0B0B0B,0x0B0B0B0B
	.word 0x0B0B0B0B,0x0B0B0B0B,0x0B0B0B0B,0x0B0B0B0B,0x0B0B0B0B,0x0B0B0B0B,0x0B0B0B0B,0x0B0B0B0B
	.word 0x0B0B0B0B,0x0B0B0B0B,0x0B0B0B0B,0x0B0B0B0B,0x0B0B0B0B,0x0B0B0B0B,0x0B0B0B0B,0x0B0B0B0B
	.word 0x0B0B0B0B,0x0B0B0B0B,0x0B0B0B0B,0x0B0B0B0B,0x0B0B0B0B,0x0B0B0B0B,0x0B0B0B0B,0x0B0B0B0B
	.word 0x0B0B0B0B,0x0B0B0B0B,0x0B0B0B0B,0x0B0B0B0B,0x0B0B0B0B,0x4448430B,0x0B0A2E44,0x0B0B0B0B

	.word 0x0B0B0B0B,0x0B0B0B0B,0x0B0B0B0B,0x0B0B0B0B,0x0B0B0B0B,0x0B0B0B0B,0x150B0B0B,0x26262500
	.word 0x26262626,0x22262626,0x0B0B1B00,0x0B0B0B0B,0x0B0B0B0B,0x0B0B0B0B,0x0B0B0B0B,0x0B0B0B0B
	.word 0x0B0B0B0B,0x0B0B0B0B,0x0B0B0B0B,0x0B0B0B0B,0x0B0B0B0B,0x0B0B0B0B,0x0B0B0B0B,0x0B0B0B0B
	.word 0x0B0B0B0B,0x0B0B0B0B,0x0B0B0B0B,0x0B0B0B0B,0x0B0B0B0B,0x0B0B0B0B,0x0B0B0B0B,0x0B0B0B0B
	.word 0x0B0B0B0B,0x0B0B0B0B,0x0B0B0B0B,0x0B0B0B0B,0x0B0B0B0B,0x0B0B0B0B,0x0B0B0B0B,0x0B0B0B0B
	.word 0x0B0B0B0B,0x0B0B0B0B,0x0B0B0B0B,0x0B0B0B0B,0x0B0B0B0B,0x0B0B0B0B,0x0B0B0B0B,0x0B0B0B0B
	.word 0x0B0B0B0B,0x0B0B0B0B,0x0B0B0B0B,0x0B0B0B0B,0x0B0B0B0B,0x0B0B0B0B,0x0B0B0B0B,0x0B0B0B0B
	.word 0x0B0B0B0B,0x0B0B0B0B,0x0B0B0B0B,0x0B0B0B0B,0x430B0B0B,0x44444443,0x0B0B0B2E,0x0B0B0B0B

	.word 0x0B0B0B0B,0x0B0B0B0B,0x0B0B0B0B,0x0B0B0B0B,0x0B0B0B0B,0x0B0B0B0B,0x150B0B0B,0x26262500
	.word 0x26262626,0x22262626,0x0B0B1B00,0x0B0B0B0B,0x0B0B0B0B,0x0B0B0B0B,0x0B0B0B0B,0x0B0B0B0B
	.word 0x0B0B0B0B,0x0B0B0B0B,0x0B0B0B0B,0x0B0B0B0B,0x0B0B0B0B,0x0B0B0B0B,0x0B0B0B0B,0x0B0B0B0B
	.word 0x0B0B0B0B,0x0B0B0B0B,0x0B0B0B0B,0x0B0B0B0B,0x0B0B0B0B,0x0B0B0B0B,0x0B0B0B0B,0x0B0B0B0B
	.word 0x0B0B0B0B,0x0B0B0B0B,0x0B0B0B0B,0x0B0B0B0B,0x0B0B0B0B,0x0B0B0B0B,0x0B0B0B0B,0x0B0B0B0B
	.word 0x0B0B0B0B,0x0B0B0B0B,0x0B0B0B0B,0x0B0B0B0B,0x0B0B0B0B,0x0B0B0B0B,0x0B0B0B0B,0x0B0B0B0B
	.word 0x0B0B0B0B,0x0B0B0B0B,0x0B0B0B0B,0x0B0B0B0B,0x0B0B0B0B,0x0B0B0B0B,0x0B0B0B0B,0x0B0B0B0B
	.word 0x0B0B0B0B,0x0B0B0B0B,0x0B0B0B0B,0x0B0B0B0B,0x0D430B0B,0x2E1F4444,0x0B0B0B0B,0x0B0B0B0B

	.word 0x0B0B0B0B,0x0B0B0B0B,0x0B0B0B0B,0x0B0B0B0B,0x0B0B0B0B,0x0B0B0B0B,0x150B0B0B,0x26262500
	.word 0x26262626,0x22262626,0x0B0B1B00,0x0B0B0B0B,0x0B0B0B0B,0x0B0B0B0B,0x0B0B0B0B,0x0B0B0B0B
	.word 0x0B0B0B0B,0x0B0B0B0B,0x0B0B0B0B,0x0B0B0B0B,0x0B0B0B0B,0x0B0B0B0B,0x0B0B0B0B,0x0B0B0B0B
	.word 0x0B0B0B0B,0x0B0B0B0B,0x0B0B0B0B,0x0B0B0B0B,0x0B0B0B0B,0x0B0B0B0B,0x0B0B0B0B,0x0B0B0B0B
	.word 0x0B0B0B0B,0x0B0B0B0B,0x0B0B0B0B,0x0B0B0B0B,0x0B0B0B0B,0x0B0B0B0B,0x0B0B0B0B,0x0B0B0B0B
	.word 0x0B0B0B0B,0x0B0B0B0B,0x0B0B0B0B,0x0B0B0B0B,0x0B0B0B0B,0x0B0B0B0B,0x0B0B0B0B,0x0B0B0B0B
	.word 0x0B0B0B0B,0x0B0B0B0B,0x0B0B0B0B,0x0B0B0B0B,0x0B0B0B0B,0x0B0B0B0B,0x0B0B0B0B,0x0B0B0B0B
	.word 0x0B0B0B0B,0x0B0B0B0B,0x0B0B0B0B,0x0B0B0B0B,0x44440B0B,0x0B0B2E44,0x0B0B0B0B,0x0B0B0B0B

	.word 0x0B0B0B0B,0x0B0B0B0B,0x0B0B0B0B,0x0B0B0B0B,0x0B0B0B0B,0x0B0B0B0B,0x150B0B0B,0x26262500
	.word 0x26262626,0x22262626,0x0B0B0800,0x0B0B0B0B,0x0B0B0B0B,0x0B0B0B0B,0x0B0B0B0B,0x0B0B0B0B
	.word 0x0B0B0B0B,0x0B0B0B0B,0x0B0B0B0B,0x0B0B0B0B,0x0B0B0B0B,0x0B0B0B0B,0x0B0B0B0B,0x0B0B0B0B
	.word 0x0B0B0B0B,0x0B0B0B0B,0x0B0B0B0B,0x0B0B0B0B,0x0B0B0B0B,0x0B0B0B0B,0x0B0B0B0B,0x0B0B0B0B
	.word 0x0B0B0B0B,0x0B0B0B0B,0x0B0B0B0B,0x0B0B0B0B,0x0B0B0B0B,0x0B0B0B0B,0x0B0B0B0B,0x0B0B0B0B
	.word 0x0B0B0B0B,0x0B0B0B0B,0x0B0B0B0B,0x0B0B0B0B,0x0B0B0B0B,0x0B0B0B0B,0x0B0B0B0B,0x0B0B0B0B
	.word 0x0B0B0B0B,0x0B0B0B0B,0x0B0B0B0B,0x0B0B0B0B,0x0B0B0B0B,0x0B0B0B0B,0x0B0B0B0B,0x0B0B0B0B
	.word 0x0B0B0B0B,0x0B0B0B0B,0x0B0B0B0B,0x0B0B0B0B,0x1F1F0B0B,0x0B0B0B2E,0x0B0B0B0B,0x0E0B0B0B

	.word 0x0B0B0B0B,0x0B0B0B0B,0x0B0B0B0B,0x0B0B0B0B,0x0B0B0B0B,0x0B0B0B0B,0x150B0B0B,0x26262500
	.word 0x26262626,0x42262626,0x0B1B0000,0x0B0B0B0B,0x0B0B0B0B,0x0B0B0B0B,0x0B0B0B0B,0x0B0B0B0B
	.word 0x0B0B0B0B,0x0B0B0B0B,0x0B0B0B0B,0x0B0B0B0B,0x0B0B0B0B,0x0B0B0B0B,0x0B0B0B0B,0x0B0B0B0B
	.word 0x0B0B0B0B,0x0B0B0B0B,0x0B0B0B0B,0x0B0B0B0B,0x0B0B0B0B,0x0B0B0B0B,0x0B0B0B0B,0x0B0B0B0B
	.word 0x0B0B0B0B,0x0B0B0B0B,0x0B0B0B0B,0x0B0B0B0B,0x0B0B0B0B,0x0B0B0B0B,0x0B0B0B0B,0x0B0B0B0B
	.word 0x0B0B0B0B,0x0B0B0B0B,0x0B0B0B0B,0x0B0B0B0B,0x0B0B0B0B,0x0B0B0B0B,0x0B0B0B0B,0x0B0B0B0B
	.word 0x0B0B0B0B,0x0B0B0B0B,0x0B0B0B0B,0x0B0B0B0B,0x0B0B0B0B,0x0B0B0B0B,0x0B0B0B0B,0x0B0B0B0B
	.word 0x0B0B0B0B,0x0B0B0B0B,0x0B0B0B0B,0x0B0B0B0B,0x0B0B0B0B,0x0B0B0B0B,0x0B0B0B0B,0x440E0B0B

	.word 0x0B0B0B3B,0x0B0B0B0B,0x0B0B0B0B,0x0B0B0B0B,0x0B0B0B0B,0x0B0B0B0B,0x150B0B0B,0x26262500
	.word 0x26262626,0x26262626,0x0B1B0022,0x0B0B0B0B,0x0B0B0B0B,0x0B0B0B0B,0x0B0B0B0B,0x0B0B0B0B
	.word 0x0B0B0B0B,0x0B0B0B0B,0x0B0B0B0B,0x0B0B0B0B,0x0B0B0B0B,0x0B0B0B0B,0x0B0B0B0B,0x0B0B0B0B
	.word 0x0B0B0B0B,0x0B0B0B0B,0x0B0B0B0B,0x0B0B0B0B,0x0B0B0B0B,0x0B0B0B0B,0x0B0B0B0B,0x0B0B0B0B
	.word 0x0B0B0B0B,0x0B0B0B0B,0x0B0B0B0B,0x0B0B0B0B,0x0B0B0B0B,0x0B0B0B0B,0x0B0B0B0B,0x0B0B0B0B
	.word 0x0B0B0B0B,0x0B0B0B0B,0x0B0B0B0B,0x0B0B0B0B,0x0B0B0B0B,0x0B0B0B0B,0x0B0B0B0B,0x0B0B0B0B
	.word 0x0B0B0B0B,0x0B0B0B0B,0x0B0B0B0B,0x0B0B0B0B,0x0B0B0B0B,0x0B0B0B0B,0x0B0B0B0B,0x0B0B0B0B
	.word 0x0B0B0B0B,0x0B0B0B0B,0x0B0B0B0B,0x0B0B0B0B,0x0B0B0B0B,0x0B0B0B0B,0x0B0B0B0B,0x0D443E0B

	.word 0x0B0B0B00,0x0B0B0B0B,0x0B0B0B0B,0x0B0B0B0B,0x0B0B0B0B,0x0B0B0B0B,0x150B0B0B,0x26262500
	.word 0x26262626,0x26262626,0x0B1B0022,0x0B0B0B0B,0x0B0B0B0B,0x0B0B0B0B,0x0B0B0B0B,0x0B0B0B0B
	.word 0x0B0B0B0B,0x0B0B0B0B,0x0B0B0B0B,0x0B0B0B0B,0x0B0B0B0B,0x0B0B0B0B,0x0B0B0B0B,0x0B0B0B0B
	.word 0x0B0B0B0B,0x0B0B0B0B,0x0B0B0B0B,0x0B0B0B0B,0x0B0B0B0B,0x0B0B0B0B,0x0B0B0B0B,0x0B0B0B0B
	.word 0x0B0B0B0B,0x0B0B0B0B,0x0B0B0B0B,0x0B0B0B0B,0x0B0B0B0B,0x0B0B0B0B,0x0B0B0B0B,0x0B0B0B0B
	.word 0x0B0B0B0B,0x0B0B0B0B,0x0B0B0B0B,0x0B0B0B0B,0x0B0B0B0B,0x0B0B0B0B,0x0B0B0B0B,0x0B0B0B0B
	.word 0x0B0B0B0B,0x0B0B0B0B,0x0B0B0B0B,0x0B0B0B0B,0x0B0B0B0B,0x0B0B0B0B,0x0B0B0B0B,0x0B0B0B0B
	.word 0x0B0B0B0B,0x0B0B0B0B,0x0B0B0B0B,0x0B0B0B0B,0x0B0B0B0B,0x0B0B0B0B,0x0B0B0B0B,0x4444443E

	.word 0x0B0B0B00,0x0B0B0B0B,0x0B0B0B0B,0x0B0B0B0B,0x0B0B0B0B,0x0B0B0B0B,0x150B0B0B,0x26262500
	.word 0x26262626,0x26262626,0x0B1B0022,0x0B0B0B0B,0x0B0B0B0B,0x0B0B0B0B,0x0B0B0B0B,0x0B0B0B0B
	.word 0x0B0B0B0B,0x0B0B0B0B,0x0B0B0B0B,0x0B0B0B0B,0x0B0B0B0B,0x0B0B0B0B,0x0B0B0B0B,0x0B0B0B0B
	.word 0x0B0B0B0B,0x0B0B0B0B,0x0B0B0B0B,0x0B0B0B0B,0x0B0B0B0B,0x0B0B0B0B,0x0B0B0B0B,0x0B0B0B0B
	.word 0x0B0B0B0B,0x0B0B0B0B,0x0B0B0B0B,0x0B0B0B0B,0x0B0B0B0B,0x0B0B0B0B,0x0B0B0B0B,0x0B0B0B0B
	.word 0x0B0B0B0B,0x0B0B0B0B,0x0B0B0B0B,0x0B0B0B0B,0x0B0B0B0B,0x0B0B0B0B,0x0B0B0B0B,0x0B0B0B0B
	.word 0x0B0B0B0B,0x0B0B0B0B,0x0B0B0B0B,0x0B0B0B0B,0x0B0B0B0B,0x0B0B0B0B,0x0B0B0B0B,0x0B0B0B0B
	.word 0x0B0B0B0B,0x0B0B0B0B,0x0B0B0B0B,0x0B0B0B0B,0x0B0B0B0B,0x0B0B0B0B,0x0B0B0B0B,0x1F444444

	.word 0x0B0B0B00,0x0B0B0B0B,0x0B0B0B0B,0x0B0B0B0B,0x0B0B0B0B,0x0B0B0B0B,0x150B0B0B,0x26262500
	.word 0x26262626,0x26262626,0x0B1B0022,0x0B0B0B0B,0x0B0B0B0B,0x0B0B0B0B,0x0B0B0B0B,0x0B0B0B0B
	.word 0x0B0B0B0B,0x0B0B0B0B,0x0B0B0B0B,0x0B0B0B0B,0x0B0B0B0B,0x0B0B0B0B,0x0B0B0B0B,0x0B0B0B0B
	.word 0x0B0B0B0B,0x0B0B0B0B,0x0B0B0B0B,0x0B0B0B0B,0x0B0B0B0B,0x0B0B0B0B,0x0B0B0B0B,0x0B0B0B0B
	.word 0x0B0B0B0B,0x0B0B0B0B,0x0B0B0B0B,0x0B0B0B0B,0x0B0B0B0B,0x0B0B0B0B,0x0B0B0B0B,0x0B0B0B0B
	.word 0x0B0B0B0B,0x0B0B0B0B,0x0B0B0B0B,0x0B0B0B0B,0x0B0B0B0B,0x0B0B0B0B,0x0B0B0B0B,0x0B0B0B0B
	.word 0x0B0B0B0B,0x0B0B0B0B,0x0B0B0B0B,0x0B0B0B0B,0x0B0B0B0B,0x0B0B0B0B,0x0B0B0B0B,0x0B0B0B0B
	.word 0x0B0B0B0B,0x0B0B0B0B,0x0B0B0B0B,0x0B0B0B0B,0x0B0B0B0B,0x0B0B0B0B,0x0B0B0B0B,0x0B3F4444

	.word 0x0B0B0B00,0x0B0B0B0B,0x0B0B0B0B,0x0B0B0B0B,0x0B0B0B0B,0x0B0B0B0B,0x150B0B0B,0x26262500
	.word 0x26262626,0x26262626,0x0B1B0022,0x0B0B0B0B,0x0B0B0B0B,0x0B0B0B0B,0x0B0B0B0B,0x0B0B0B0B
	.word 0x0B0B0B0B,0x0B0B0B0B,0x0B0B0B0B,0x0B0B0B0B,0x0B0B0B0B,0x0B0B0B0B,0x0B0B0B0B,0x0B0B0B0B
	.word 0x0B0B0B0B,0x0B0B0B0B,0x0B0B0B0B,0x0B0B0B0B,0x0B0B0B0B,0x0B0B0B0B,0x0B0B0B0B,0x0B0B0B0B
	.word 0x0B0B0B0B,0x0B0B0B0B,0x0B0B0B0B,0x0B0B0B0B,0x0B0B0B0B,0x0B0B0B0B,0x0B0B0B0B,0x0B0B0B0B
	.word 0x0B0B0B0B,0x0B0B0B0B,0x0B0B0B0B,0x0B0B0B0B,0x0B0B0B0B,0x0B0B0B0B,0x0B0B0B0B,0x0B0B0B0B
	.word 0x0B0B0B0B,0x0B0B0B0B,0x0B0B0B0B,0x0B0B0B0B,0x0B0B0B0B,0x0B0B0B0B,0x0B0B0B0B,0x0B0B0B0B
	.word 0x0B0B0B0B,0x0B0B0B0B,0x0B0B0B0B,0x0B0B0B0B,0x0B0B0B0B,0x0B0B0B0B,0x0B0B0B0B,0x0B0B3F39

	.word 0x0B0B0B00,0x0B0B0B0B,0x0B0B0B0B,0x0B0B0B0B,0x0B0B0B0B,0x0B0B0B0B,0x150B0B0B,0x26262500
	.word 0x26262626,0x26262626,0x0B1B0022,0x0B0B0B0B,0x0B0B0B0B,0x0B0B0B0B,0x0B0B0B0B,0x0B0B0B0B
	.word 0x0B0B0B0B,0x0B0B0B0B,0x0B0B0B0B,0x0B0B0B0B,0x0B0B0B0B,0x0B0B0B0B,0x0B0B0B0B,0x0B0B0B0B
	.word 0x0B0B0B0B,0x0B0B0B0B,0x0B0B0B0B,0x0B0B0B0B,0x0B0B0B0B,0x0B0B0B0B,0x0B0B0B0B,0x0B0B0B0B
	.word 0x0B0B0B0B,0x0B0B0B0B,0x0B0B0B0B,0x0B0B0B0B,0x0B0B0B0B,0x0B0B0B0B,0x0B0B0B0B,0x0B0B0B0B
	.word 0x0B0B0B0B,0x0B0B0B0B,0x0B0B0B0B,0x0B0B0B0B,0x0B0B0B0B,0x0B0B0B0B,0x0B0B0B0B,0x0B0B0B0B
	.word 0x0B0B0B0B,0x0B0B0B0B,0x0B0B0B0B,0x0B0B0B0B,0x0B0B0B0B,0x0B0B0B0B,0x0B0B0B0B,0x0B0B0B0B
	.word 0x0B0B0B0B,0x0B0B0B0B,0x0B0B0B0B,0x0B0B0B0B,0x0B0B0B0B,0x0B0B0B0B,0x0B0B0B0B,0x0B0B0B0B

	.word 0x0B0B0B00,0x0B0B0B0B,0x0B0B0B0B,0x0B0B0B0B,0x0B0B0B0B,0x0B0B0B0B,0x150B0B0B,0x26262500
	.word 0x26262626,0x26262626,0x0B1B0022,0x0B0B0B0B,0x0B0B0B0B,0x0B0B0B0B,0x0B0B0B0B,0x0B0B0B0B
	.word 0x0B0B0B0B,0x0B0B0B0B,0x0B0B0B0B,0x0B0B0B0B,0x0B0B0B0B,0x0B0B0B0B,0x0B0B0B0B,0x0B0B0B0B
	.word 0x0B0B0B0B,0x0B0B0B0B,0x0B0B0B0B,0x0B0B0B0B,0x0B0B0B0B,0x0B0B0B0B,0x0B0B0B0B,0x0B0B0B0B
	.word 0x0B0B0B0B,0x0B0B0B0B,0x0B0B0B0B,0x0B0B0B0B,0x0B0B0B0B,0x0B0B0B0B,0x0B0B0B0B,0x0B0B0B0B
	.word 0x0B0B0B0B,0x0B0B0B0B,0x0B0B0B0B,0x0B0B0B0B,0x0B0B0B0B,0x0B0B0B0B,0x0B0B0B0B,0x0B0B0B0B
	.word 0x0B0B0B0B,0x0B0B0B0B,0x0B0B0B0B,0x0B0B0B0B,0x0B0B0B0B,0x0B0B0B0B,0x0B0B0B0B,0x0B0B0B0B
	.word 0x0B0B0B0B,0x0B0B0B0B,0x0B0B0B0B,0x0B0B0B0B,0x0B0B0B0B,0x0B0B0B0B,0x0B0B0B0B,0x0B0B0B0B

	.word 0x0B0B0B00,0x0B0B0B0B,0x0B0B0B0B,0x0B0B0B0B,0x0B0B0B0B,0x0B0B0B0B,0x150B0B0B,0x26262500
	.word 0x26262626,0x26262626,0x0B1B0022,0x0B0B0B0B,0x0B0B0B0B,0x0B0B0B0B,0x0B0B0B0B,0x0B0B0B0B
	.word 0x0B0B0B0B,0x0B0B0B0B,0x0B0B0B0B,0x0B0B0B0B,0x0B0B0B0B,0x0B0B0B0B,0x0B0B0B0B,0x0B0B0B0B
	.word 0x0B0B0B0B,0x0B0B0B0B,0x0B0B0B0B,0x0B0B0B0B,0x0B0B0B0B,0x0B0B0B0B,0x0B0B0B0B,0x0B0B0B0B
	.word 0x0B0B0B0B,0x0B0B0B0B,0x0B0B0B0B,0x0B0B0B0B,0x0B0B0B0B,0x0B0B0B0B,0x0B0B0B0B,0x0B0B0B0B
	.word 0x0B0B0B0B,0x0B0B0B0B,0x0B0B0B0B,0x0B0B0B0B,0x0B0B0B0B,0x0B0B0B0B,0x0B0B0B0B,0x0B0B0B0B
	.word 0x0B0B0B0B,0x0B0B0B0B,0x0B0B0B0B,0x0B0B0B0B,0x0B0B0B0B,0x0B0B0B0B,0x0B0B0B0B,0x0B0B0B0B
	.word 0x0B0B0B0B,0x0B0B0B0B,0x0B0B0B0B,0x0B0B0B0B,0x0B0B0B0B,0x0B0B0B0B,0x0B0B0B0B,0x0B0B0B0B

	.word 0x0B0B0B00,0x300B0B0B,0x30303030,0x30303030,0x0B0B0B30,0x0B0B0B0B,0x150B0B0B,0x26262500
	.word 0x26262626,0x26262626,0x0B1B0022,0x0B0B0B0B,0x0B0B0B0B,0x0B0B0B0B,0x0B0B0B0B,0x0B0B0B0B
	.word 0x0B0B0B0B,0x0B0B0B0B,0x0B0B0B0B,0x0B0B0B0B,0x0B0B0B0B,0x0B0B0B0B,0x0B0B0B0B,0x0B0B0B0B
	.word 0x0B0B0B0B,0x0B0B0B0B,0x0B0B0B0B,0x0B0B0B0B,0x0B0B0B0B,0x0B0B0B0B,0x0B0B0B0B,0x0B0B0B0B
	.word 0x0B0B0B0B,0x0B0B0B0B,0x0B0B0B0B,0x0B0B0B0B,0x0B0B0B0B,0x0B0B0B0B,0x0B0B0B0B,0x0B0B0B0B
	.word 0x0B0B0B0B,0x0B0B0B0B,0x0B0B0B0B,0x0B0B0B0B,0x0B0B0B0B,0x0B0B0B0B,0x0B0B0B0B,0x0B0B0B0B
	.word 0x0B0B0B0B,0x0B0B0B0B,0x0B0B0B0B,0x0B0B0B0B,0x0B0B0B0B,0x0B0B0B0B,0x0B0B0B0B,0x0B0B0B0B
	.word 0x0B0B0B0B,0x0B0B0B0B,0x0B0B0B0B,0x0B0B0B0B,0x0B0B0B0B,0x0B0B0B0B,0x0B0B0B0B,0x0B0B0B0B

	.word 0x0B0B0B00,0x000B0B0B,0x00000000,0x00000000,0x30301D00,0x0B0B3030,0x150B0B0B,0x26262500
	.word 0x26262626,0x26262626,0x0B1B0022,0x0B0B0B0B,0x0B0B0B0B,0x0B0B0B0B,0x0B0B0B0B,0x0B0B0B0B
	.word 0x0B0B0B0B,0x0B0B0B0B,0x0B0B0B0B,0x0B0B0B0B,0x0B0B0B0B,0x0B0B0B0B,0x0B0B0B0B,0x0B0B0B0B
	.word 0x0B0B0B0B,0x0B0B0B0B,0x0B0B0B0B,0x0B0B0B0B,0x0B0B0B0B,0x0B0B0B0B,0x0B0B0B0B,0x0B0B0B0B
	.word 0x0B0B0B0B,0x0B0B0B0B,0x0B0B0B0B,0x0B0B0B0B,0x0B0B0B0B,0x0B0B0B0B,0x0B0B0B0B,0x0B0B0B0B
	.word 0x0B0B0B0B,0x0B0B0B0B,0x0B0B0B0B,0x0B0B0B0B,0x0B0B0B0B,0x0B0B0B0B,0x0B0B0B0B,0x0B0B0B0B
	.word 0x0B0B0B0B,0x0B0B0B0B,0x0B0B0B0B,0x0B0B0B0B,0x0B0B0B0B,0x0B0B0B0B,0x0B0B0B0B,0x0B0B0B0B
	.word 0x0B0B0B0B,0x0B0B0B0B,0x0B0B0B0B,0x0B0B0B0B,0x0B0B0B0B,0x0B0B0B0B,0x0B0B0B0B,0x0B0B0B0B

	.word 0x0B0B0B00,0x000B0B0B,0x4D4D4D00,0x4D4D4D4D,0x00000000,0x0B0B0000,0x150B0B0B,0x26262500
	.word 0x26262626,0x26262626,0x0B1B0022,0x0B0B0B0B,0x0B0B0B0B,0x0B0B0B0B,0x0B0B0B0B,0x0B0B0B0B
	.word 0x0B0B0B0B,0x0B0B0B0B,0x0B0B0B0B,0x0B0B0B0B,0x0B0B0B0B,0x0B0B0B0B,0x0B0B0B0B,0x0B0B0B0B
	.word 0x0B0B0B0B,0x0B0B0B0B,0x0B0B0B0B,0x0B0B0B0B,0x0B0B0B0B,0x0B0B0B0B,0x0B0B0B0B,0x0B0B0B0B
	.word 0x0B0B0B0B,0x0B0B0B0B,0x0B0B0B0B,0x0B0B0B0B,0x0B0B0B0B,0x0B0B0B0B,0x0B0B0B0B,0x0B0B0B0B
	.word 0x0B0B0B0B,0x0B0B0B0B,0x0B0B0B0B,0x0B0B0B0B,0x0B0B0B0B,0x0B0B0B0B,0x0B0B0B0B,0x0B0B0B0B
	.word 0x0B0B0B0B,0x0B0B0B0B,0x0B0B0B0B,0x0B0B0B0B,0x0B0B0B0B,0x0B0B0B0B,0x0B0B0B0B,0x0B0B0B0B
	.word 0x0B0B0B0B,0x0B0B0B0B,0x0B0B0B0B,0x0B0B0B0B,0x0B0B0B0B,0x0B0B0B0B,0x0B0B0B0B,0x0B0B0B0B

	.word 0x0B0B0B00,0x000B0B0B,0x26261200,0x26262626,0x2B2B2B46,0x0B0B0000,0x150B0B0B,0x26262500
	.word 0x26262626,0x26262626,0x0B1B0022,0x0B0B0B0B,0x0B0B0B0B,0x0B0B0B0B,0x0B0B0B0B,0x0B0B0B0B
	.word 0x0B0B0B0B,0x0B0B0B0B,0x0B0B0B0B,0x0B0B0B0B,0x0B0B0B0B,0x0B0B0B0B,0x0B0B0B0B,0x0B0B0B0B
	.word 0x0B0B0B0B,0x0B0B0B0B,0x0B0B0B0B,0x0B0B0B0B,0x0B0B0B0B,0x0B0B0B0B,0x0B0B0B0B,0x0B0B0B0B
	.word 0x0B0B0B0B,0x0B0B0B0B,0x0B0B0B0B,0x0B0B0B0B,0x0B0B0B0B,0x0B0B0B0B,0x0B0B0B0B,0x0B0B0B0B
	.word 0x0B0B0B0B,0x0B0B0B0B,0x0B0B0B0B,0x0B0B0B0B,0x0B0B0B0B,0x0B0B0B0B,0x0B0B0B0B,0x0B0B0B0B
	.word 0x0B0B0B0B,0x0B0B0B0B,0x0B0B0B0B,0x0B0B0B0B,0x0B0B0B0B,0x0B0B0B0B,0x0B0B0B0B,0x0B0B0B0B
	.word 0x0B0B0B0B,0x0B0B0B0B,0x0B0B0B0B,0x0B0B0B0B,0x0B0B0B0B,0x0B0B0B0B,0x0B0B0B0B,0x0B0B0B0B

	.word 0x0B0B0B00,0x000B0B0B,0x26261200,0x26262626,0x07262626,0x0B0B0000,0x150B0B0B,0x26262500
	.word 0x26262626,0x26262626,0x0B1B0022,0x0B0B0B0B,0x0B0B0B0B,0x0B0B0B0B,0x0B0B0B0B,0x0B0B0B0B
	.word 0x0B0B0B0B,0x0B0B0B0B,0x0B0B0B0B,0x0B0B0B0B,0x0B0B0B0B,0x0B0B0B0B,0x0B0B0B0B,0x0B0B0B0B
	.word 0x0B0B0B0B,0x0B0B0B0B,0x0B0B0B0B,0x0B0B0B0B,0x0B0B0B0B,0x0B0B0B0B,0x0B0B0B0B,0x0B0B0B0B
	.word 0x0B0B0B0B,0x0B0B0B0B,0x0B0B0B0B,0x0B0B0B0B,0x0B0B0B0B,0x0B0B0B0B,0x0B0B0B0B,0x0B0B0B0B
	.word 0x0B0B0B0B,0x0B0B0B0B,0x0B0B0B0B,0x0B0B0B0B,0x0B0B0B0B,0x0B0B0B0B,0x0B0B0B0B,0x0B0B0B0B
	.word 0x0B0B0B0B,0x0B0B0B0B,0x0B0B0B0B,0x0B0B0B0B,0x0B0B0B0B,0x0B0B0B0B,0x0B0B0B0B,0x0B0B0B0B
	.word 0x0B0B0B0B,0x0B0B0B0B,0x0B0B0B0B,0x0B0B0B0B,0x0B0B0B0B,0x0B0B0B0B,0x0B0B0B0B,0x0B0B0B0B

	.word 0x0B0B0B00,0x000B0B0B,0x26261200,0x26262626,0x00262626,0x0B0B1700,0x150B0B0B,0x26262500
	.word 0x26262626,0x26262626,0x0B1B0022,0x0B0B0B0B,0x0B0B0B0B,0x0B0B0B0B,0x0B0B0B0B,0x0B0B0B0B
	.word 0x0B0B0B0B,0x0B0B0B0B,0x0B0B0B0B,0x0B0B0B0B,0x0B0B0B0B,0x0B0B0B0B,0x0B0B0B0B,0x0B0B0B0B
	.word 0x0B0B0B0B,0x0B0B0B0B,0x0B0B0B0B,0x0B0B0B0B,0x0B0B0B0B,0x0B0B0B0B,0x0B0B0B0B,0x0B0B0B0B
	.word 0x0B0B0B0B,0x0B0B0B0B,0x0B0B0B0B,0x0B0B0B0B,0x0B0B0B0B,0x0B0B0B0B,0x0B0B0B0B,0x0B0B0B0B
	.word 0x0B0B0B0B,0x0B0B0B0B,0x0B0B0B0B,0x0B0B0B0B,0x0B0B0B0B,0x0B0B0B0B,0x0B0B0B0B,0x0B0B0B0B
	.word 0x0B0B0B0B,0x0B0B0B0B,0x0B0B0B0B,0x0B0B0B0B,0x0B0B0B0B,0x0B0B0B0B,0x0B0B0B0B,0x0B0B0B0B
	.word 0x0B0B0B0B,0x0B0B0B0B,0x0B0B0B0B,0x0B0B0B0B,0x0B0B0B0B,0x0B0B0B0B,0x0B0B0B0B,0x0B0B0B0B

	.word 0x0B0B0B17,0x000B0B0B,0x26261200,0x26262626,0x00262626,0x0B0B0B00,0x150B0B0B,0x26262500
	.word 0x26262626,0x26262626,0x0B1B0022,0x0B0B0B0B,0x0B0B0B0B,0x0B0B0B0B,0x0B0B0B0B,0x0B0B0B0B
	.word 0x0B0B0B0B,0x0B0B0B0B,0x0B0B0B0B,0x0B0B0B0B,0x0B0B0B0B,0x0B0B0B0B,0x0B0B0B0B,0x0B0B0B0B
	.word 0x0B0B0B0B,0x0B0B0B0B,0x0B0B0B0B,0x0B0B0B0B,0x0B0B0B0B,0x0B0B0B0B,0x0B0B0B0B,0x0B0B0B0B
	.word 0x0B0B0B0B,0x0B0B0B0B,0x0B0B0B0B,0x0B0B0B0B,0x0B0B0B0B,0x0B0B0B0B,0x0B0B0B0B,0x0B0B0B0B
	.word 0x0B0B0B0B,0x0B0B0B0B,0x0B0B0B0B,0x0B0B0B0B,0x0B0B0B0B,0x0B0B0B0B,0x0B0B0B0B,0x0B0B0B0B
	.word 0x0B0B0B0B,0x0B0B0B0B,0x0B0B0B0B,0x0B0B0B0B,0x0B0B0B0B,0x0B0B0B0B,0x0B0B0B0B,0x0B0B0B0B
	.word 0x0B0B0B0B,0x0B0B0B0B,0x0B0B0B0B,0x0B0B0B0B,0x0B0B0B0B,0x0B0B0B0B,0x0B0B0B0B,0x0B0B0B0B

	.word 0x0B0B0B0B,0x000B0B0B,0x26261200,0x26262626,0x00262626,0x0B0B0B00,0x150B0B0B,0x26262500
	.word 0x26262626,0x26262626,0x0B1B0022,0x0B0B0B0B,0x0B0B0B0B,0x0B0B0B0B,0x0B0B0B0B,0x0B0B0B0B
	.word 0x0B0B0B0B,0x0B0B0B0B,0x0B0B0B0B,0x0B0B0B0B,0x0B0B0B0B,0x0B0B0B0B,0x0B0B0B0B,0x0B0B0B0B
	.word 0x0B0B0B0B,0x0B0B0B0B,0x0B0B0B0B,0x0B0B0B0B,0x0B0B0B0B,0x0B0B0B0B,0x0B0B0B0B,0x0B0B0B0B
	.word 0x0B0B0B0B,0x0B0B0B0B,0x0B0B0B0B,0x0B0B0B0B,0x0B0B0B0B,0x0B0B0B0B,0x0B0B0B0B,0x0B0B0B0B
	.word 0x0B0B0B0B,0x0B0B0B0B,0x0B0B0B0B,0x0B0B0B0B,0x0B0B0B0B,0x0B0B0B0B,0x0B0B0B0B,0x0B0B0B0B
	.word 0x0B0B0B0B,0x0B0B0B0B,0x0B0B0B0B,0x0B0B0B0B,0x0B0B0B0B,0x0B0B0B0B,0x0B0B0B0B,0x0B0B0B0B
	.word 0x0B0B0B0B,0x0B0B0B0B,0x0B0B0B0B,0x0B0B0B0B,0x0B0B0B0B,0x0B0B0B0B,0x0B0B0B0B,0x0B0B0B0B

	.word 0x0B0B0B0B,0x000B0B0B,0x26261200,0x26262626,0x00262626,0x0B0B0B00,0x150B0B0B,0x26262500
	.word 0x26262626,0x26262626,0x0B1B0022,0x0B0B0B0B,0x0B0B0B0B,0x0B0B0B0B,0x0B0B0B0B,0x0B0B0B0B
	.word 0x0B0B0B0B,0x0B0B0B0B,0x0B0B0B0B,0x0B0B0B0B,0x0B0B0B0B,0x0B0B0B0B,0x0B0B0B0B,0x0B0B0B0B
	.word 0x0B0B0B0B,0x0B0B0B0B,0x0B0B0B0B,0x0B0B0B0B,0x0B0B0B0B,0x0B0B0B0B,0x0B0B0B0B,0x0B0B0B0B
	.word 0x0B0B0B0B,0x0B0B0B0B,0x0B0B0B0B,0x0B0B0B0B,0x0B0B0B0B,0x0B0B0B0B,0x0B0B0B0B,0x0B0B0B0B
	.word 0x0B0B0B0B,0x0B0B0B0B,0x0B0B0B0B,0x0B0B0B0B,0x0B0B0B0B,0x0B0B0B0B,0x0B0B0B0B,0x0B0B0B0B
	.word 0x0B0B0B0B,0x0B0B0B0B,0x0B0B0B0B,0x0B0B0B0B,0x0B0B0B0B,0x0B0B0B0B,0x0B0B0B0B,0x0B0B0B0B
	.word 0x0B0B0B0B,0x0B0B0B0B,0x0B0B0B0B,0x0B0B0B0B,0x0B0B0B0B,0x0B0B0B0B,0x0B0B0B0B,0x0B0B0B0B

	.word 0x0B0B0B0B,0x000B0B0B,0x26262600,0x26262626,0x00262626,0x0B0B0B00,0x150B0B0B,0x26262500
	.word 0x26262626,0x26262626,0x0B1B0022,0x0B0B0B0B,0x0B0B0B0B,0x0B0B0B0B,0x0B0B0B0B,0x0B0B0B0B
	.word 0x0B0B0B0B,0x0B0B0B0B,0x0B0B0B0B,0x0B0B0B0B,0x0B0B0B0B,0x0B0B0B0B,0x0B0B0B0B,0x0B0B0B0B
	.word 0x0B0B0B0B,0x0B0B0B0B,0x0B0B0B0B,0x0B0B0B0B,0x0B0B0B0B,0x0B0B0B0B,0x0B0B0B0B,0x0B0B0B0B
	.word 0x0B0B0B0B,0x0B0B0B0B,0x0B0B0B0B,0x0B0B0B0B,0x0B0B0B0B,0x0B0B0B0B,0x0B0B0B0B,0x0B0B0B0B
	.word 0x0B0B0B0B,0x0B0B0B0B,0x0B0B0B0B,0x0B0B0B0B,0x0B0B0B0B,0x0B0B0B0B,0x0B0B0B0B,0x0B0B0B0B
	.word 0x0B0B0B0B,0x0B0B0B0B,0x0B0B0B0B,0x0B0B0B0B,0x0B0B0B0B,0x0B0B0B0B,0x0B0B0B0B,0x0B0B0B0B
	.word 0x0B0B0B0B,0x0B0B0B0B,0x0B0B0B0B,0x0B0B0B0B,0x0B0B0B0B,0x0B0B0B0B,0x0B0B0B0B,0x0B0B0B0B

	.word 0x0B0B0B0B,0x000B0B0B,0x26262600,0x26262626,0x00262626,0x0B0B0B00,0x150B0B0B,0x26262500
	.word 0x26262626,0x26262626,0x0B1B0022,0x0B0B0B0B,0x0B0B0B0B,0x0B0B0B0B,0x0B0B0B0B,0x0B0B0B0B
	.word 0x0B0B0B0B,0x0B0B0B0B,0x0B0B0B0B,0x0B0B0B0B,0x0B0B0B0B,0x0B0B0B0B,0x0B0B0B0B,0x0B0B0B0B
	.word 0x0B0B0B0B,0x0B0B0B0B,0x0B0B0B0B,0x0B0B0B0B,0x0B0B0B0B,0x0B0B0B0B,0x0B0B0B0B,0x0B0B0B0B
	.word 0x0B0B0B0B,0x0B0B0B0B,0x0B0B0B0B,0x0B0B0B0B,0x0B0B0B0B,0x0B0B0B0B,0x0B0B0B0B,0x0B0B0B0B
	.word 0x0B0B0B0B,0x0B0B0B0B,0x0B0B0B0B,0x0B0B0B0B,0x0B0B0B0B,0x0B0B0B0B,0x0B0B0B0B,0x0B0B0B0B
	.word 0x0B0B0B0B,0x0B0B0B0B,0x0B0B0B0B,0x0B0B0B0B,0x0B0B0B0B,0x0B0B0B0B,0x0B0B0B0B,0x0B0B0B0B
	.word 0x0B0B0B0B,0x0B0B0B0B,0x0B0B0B0B,0x0B0B0B0B,0x0B0B0B0B,0x0B0B0B0B,0x0B0B0B0B,0x0B0B0B0B

	.word 0x0B0B0B0B,0x000B0B0B,0x26261200,0x26262626,0x00262626,0x0B0B0B00,0x150B0B0B,0x26262500
	.word 0x26262626,0x26262626,0x0B1B0022,0x0B0B0B0B,0x0B0B0B0B,0x0B0B0B0B,0x0B0B0B0B,0x0B0B0B0B
	.word 0x0B0B0B0B,0x0B0B0B0B,0x0B0B0B0B,0x0B0B0B0B,0x0B0B0B0B,0x0B0B0B0B,0x0B0B0B0B,0x0B0B0B0B
	.word 0x0B0B0B0B,0x0B0B0B0B,0x0B0B0B0B,0x0B0B0B0B,0x0B0B0B0B,0x0B0B0B0B,0x0B0B0B0B,0x0B0B0B0B
	.word 0x0B0B0B0B,0x0B0B0B0B,0x0B0B0B0B,0x0B0B0B0B,0x0B0B0B0B,0x0B0B0B0B,0x0B0B0B0B,0x0B0B0B0B
	.word 0x0B0B0B0B,0x0B0B0B0B,0x0B0B0B0B,0x0B0B0B0B,0x0B0B0B0B,0x0B0B0B0B,0x0B0B0B0B,0x0B0B0B0B
	.word 0x0B0B0B0B,0x0B0B0B0B,0x0B0B0B0B,0x0B0B0B0B,0x0B0B0B0B,0x0B0B0B0B,0x0B0B0B0B,0x0B0B0B0B
	.word 0x0B0B0B0B,0x0B0B0B0B,0x0B0B0B0B,0x0B0B0B0B,0x0B0B0B0B,0x0B0B0B0B,0x0B0B0B0B,0x0B0B0B0B

	.word 0x0B0B0B0B,0x000B0B0B,0x26261200,0x26262626,0x00262626,0x0B104E00,0x150B0B0B,0x26262500
	.word 0x26262626,0x26262626,0x0B1B0022,0x0B0B0B0B,0x0B0B0B0B,0x0B0B0B0B,0x0B0B0B0B,0x0B0B0B0B
	.word 0x0B0B0B0B,0x0B0B0B0B,0x0B0B0B0B,0x0B0B0B0B,0x0B0B0B0B,0x0B0B0B0B,0x0B0B0B0B,0x0B0B0B0B
	.word 0x0B0B0B0B,0x0B0B0B0B,0x0B0B0B0B,0x0B0B0B0B,0x0B0B0B0B,0x0B0B0B0B,0x0B0B0B0B,0x0B0B0B0B
	.word 0x0B0B0B0B,0x0B0B0B0B,0x0B0B0B0B,0x0B0B0B0B,0x0B0B0B0B,0x0B0B0B0B,0x0B0B0B0B,0x0B0B0B0B
	.word 0x0B0B0B0B,0x0B0B0B0B,0x0B0B0B0B,0x0B0B0B0B,0x0B0B0B0B,0x0B0B0B0B,0x0B0B0B0B,0x0B0B0B0B
	.word 0x0B0B0B0B,0x0B0B0B0B,0x0B0B0B0B,0x0B0B0B0B,0x0B0B0B0B,0x0B0B0B0B,0x0B0B0B0B,0x0B0B0B0B
	.word 0x0B0B0B0B,0x0B0B0B0B,0x0B0B0B0B,0x0B0B0B0B,0x0B0B0B0B,0x0B0B0B0B,0x0B0B0B0B,0x0B0B0B0B

	.word 0x0B0B0B0B,0x000B0B0B,0x26261200,0x26262626,0x00262626,0x4E000000,0x15101010,0x26262500
	.word 0x26262626,0x26262626,0x0B1B0022,0x0B0B0B0B,0x0B0B0B0B,0x0B0B0B0B,0x0B0B0B0B,0x0B0B0B0B
	.word 0x0B0B0B0B,0x0B0B0B0B,0x0B0B0B0B,0x0B0B0B0B,0x0B0B0B0B,0x0B0B0B0B,0x0B0B0B0B,0x0B0B0B0B
	.word 0x0B0B0B0B,0x0B0B0B0B,0x0B0B0B0B,0x0B0B0B0B,0x0B0B0B0B,0x0B0B0B0B,0x0B0B0B0B,0x0B0B0B0B
	.word 0x0B0B0B0B,0x0B0B0B0B,0x0B0B0B0B,0x0B0B0B0B,0x0B0B0B0B,0x0B0B0B0B,0x0B0B0B0B,0x0B0B0B0B
	.word 0x0B0B0B0B,0x0B0B0B0B,0x0B0B0B0B,0x0B0B0B0B,0x0B0B0B0B,0x0B0B0B0B,0x0B0B0B0B,0x0B0B0B0B
	.word 0x0B0B0B0B,0x0B0B0B0B,0x0B0B0B0B,0x0B0B0B0B,0x0B0B0B0B,0x0B0B0B0B,0x0B0B0B0B,0x0B0B0B0B
	.word 0x0B0B0B0B,0x0B0B0B0B,0x0B0B0B0B,0x0B0B0B0B,0x0B0B0B0B,0x0B0B0B0B,0x0B0B0B0B,0x0B0B0B0B

	.word 0x0B0B0B0B,0x000B0B0B,0x26261200,0x26262626,0x2B262626,0x00383838,0x00000000,0x26262500
	.word 0x26262626,0x26262626,0x0B1B0022,0x0B0B0B0B,0x0B0B0B0B,0x0B0B0B0B,0x0B0B0B0B,0x0B0B0B0B
	.word 0x0B0B0B0B,0x0B0B0B0B,0x0B0B0B0B,0x0B0B0B0B,0x0B0B0B0B,0x0B0B0B0B,0x0B0B0B0B,0x0B0B0B0B
	.word 0x0B0B0B0B,0x0B0B0B0B,0x0B0B0B0B,0x0B0B0B0B,0x0B0B0B0B,0x0B0B0B0B,0x0B0B0B0B,0x0B0B0B0B
	.word 0x0B0B0B0B,0x0B0B0B0B,0x0B0B0B0B,0x0B0B0B0B,0x0B0B0B0B,0x0B0B0B0B,0x0B0B0B0B,0x0B0B0B0B
	.word 0x0B0B0B0B,0x0B0B0B0B,0x0B0B0B0B,0x0B0B0B0B,0x0B0B0B0B,0x0B0B0B0B,0x0B0B0B0B,0x0B0B0B0B
	.word 0x0B0B0B0B,0x0B0B0B0B,0x0B0B0B0B,0x0B0B0B0B,0x0B0B0B0B,0x0B0B0B0B,0x0B0B0B0B,0x0B0B0B0B
	.word 0x0B0B0B0B,0x0B0B0B0B,0x0B0B0B0B,0x0B0B0B0B,0x0B0B0B0B,0x0B0B0B0B,0x0B0B0B0B,0x0B0B0B0B

	.word 0x0B0B0B0B,0x000B0B0B,0x26261200,0x26262626,0x26262626,0x2B262626,0x38383838,0x26262538
	.word 0x26262626,0x37262626,0x0B1B0022,0x0B0B0B0B,0x0B0B0B0B,0x0B0B0B0B,0x0B0B0B0B,0x0B0B0B0B
	.word 0x0B0B0B0B,0x0B0B0B0B,0x0B0B0B0B,0x0B0B0B0B,0x0B0B0B0B,0x0B0B0B0B,0x0B0B0B0B,0x0B0B0B0B
	.word 0x0B0B0B0B,0x0B0B0B0B,0x0B0B0B0B,0x0B0B0B0B,0x0B0B0B0B,0x0B0B0B0B,0x0B0B0B0B,0x0B0B0B0B
	.word 0x0B0B0B0B,0x0B0B0B0B,0x0B0B0B0B,0x0B0B0B0B,0x0B0B0B0B,0x0B0B0B0B,0x0B0B0B0B,0x0B0B0B0B
	.word 0x0B0B0B0B,0x0B0B0B0B,0x0B0B0B0B,0x0B0B0B0B,0x0B0B0B0B,0x0B0B0B0B,0x0B0B0B0B,0x0B0B0B0B
	.word 0x0B0B0B0B,0x0B0B0B0B,0x0B0B0B0B,0x0B0B0B0B,0x0B0B0B0B,0x0B0B0B0B,0x0B0B0B0B,0x0B0B0B0B
	.word 0x0B0B0B0B,0x0B0B0B0B,0x0B0B0B0B,0x0B0B0B0B,0x0B0B0B0B,0x0B0B0B0B,0x0B0B0B0B,0x0B0B0B0B

	.word 0x10101010,0x00101010,0x26261200,0x26262626,0x26262626,0x26262626,0x26262626,0x26262626
	.word 0x26262626,0x22262626,0x0B470F00,0x0B0B0B0B,0x0B0B0B0B,0x0B0B0B0B,0x0B0B0B0B,0x0B0B0B0B
	.word 0x0B0B0B0B,0x0B0B0B0B,0x0B0B0B0B,0x0B0B0B0B,0x0B0B0B0B,0x0B0B0B0B,0x0B0B0B0B,0x0B0B0B0B
	.word 0x0B0B0B0B,0x0B0B0B0B,0x0B0B0B0B,0x0B0B0B0B,0x0B0B0B0B,0x0B0B0B0B,0x0B0B0B0B,0x0B0B0B0B
	.word 0x0B0B0B0B,0x0B0B0B0B,0x0B0B0B0B,0x0B0B0B0B,0x0B0B0B0B,0x0B0B0B0B,0x0B0B0B0B,0x0B0B0B0B
	.word 0x0B0B0B0B,0x0B0B0B0B,0x0B0B0B0B,0x0B0B0B0B,0x0B0B0B0B,0x0B0B0B0B,0x0B0B0B0B,0x0B0B0B0B
	.word 0x0B0B0B0B,0x0B0B0B0B,0x0B0B0B0B,0x0B0B0B0B,0x0B0B0B0B,0x0B0B0B0B,0x0B0B0B0B,0x0B0B0B0B
	.word 0x0B0B0B0B,0x0B0B0B0B,0x0B0B0B0B,0x0B0B0B0B,0x0B0B0B0B,0x0B0B0B0B,0x0B0B0B0B,0x0B0B0B0B

	.word 0x00000000,0x00000000,0x26262600,0x26262626,0x26262626,0x26262626,0x26262626,0x26262626
	.word 0x26262626,0x22262626,0x0B0B1B00,0x0B0B0B0B,0x0B0B0B0B,0x0B0B0B0B,0x0B0B0B0B,0x0B0B0B0B
	.word 0x0B0B0B0B,0x0B0B0B0B,0x0B0B0B0B,0x0B0B0B0B,0x0B0B0B0B,0x0B0B0B0B,0x0B0B0B0B,0x0B0B0B0B
	.word 0x0B0B0B0B,0x0B0B0B0B,0x0B0B0B0B,0x0B0B0B0B,0x0B0B0B0B,0x0B0B0B0B,0x0B0B0B0B,0x0B0B0B0B
	.word 0x0B0B0B0B,0x0B0B0B0B,0x0B0B0B0B,0x0B0B0B0B,0x0B0B0B0B,0x0B0B0B0B,0x0B0B0B0B,0x0B0B0B0B
	.word 0x0B0B0B0B,0x0B0B0B0B,0x0B0B0B0B,0x0B0B0B0B,0x0B0B0B0B,0x0B0B0B0B,0x0B0B0B0B,0x0B0B0B0B
	.word 0x0B0B0B0B,0x0B0B0B0B,0x0B0B0B0B,0x0B0B0B0B,0x0B0B0B0B,0x0B0B0B0B,0x0B0B0B0B,0x0B0B0B0B
	.word 0x0B0B0B0B,0x0B0B0B0B,0x0B0B0B0B,0x0B0B0B0B,0x0B0B0B0B,0x0B0B0B0B,0x0B0B0B0B,0x0B0B0B0B

	.word 0x38383838,0x38383838,0x26262638,0x26262626,0x26262626,0x26262626,0x26262626,0x26262626
	.word 0x26262626,0x22262626,0x0B0B1B00,0x0B0B0B0B,0x0B0B0B0B,0x0B0B0B0B,0x0B0B0B0B,0x0B0B0B0B
	.word 0x0B0B0B0B,0x0B0B0B0B,0x0B0B0B0B,0x0B0B0B0B,0x0B0B0B0B,0x0B0B0B0B,0x0B0B0B0B,0x0B0B0B0B
	.word 0x0B0B0B0B,0x0B0B0B0B,0x0B0B0B0B,0x0B0B0B0B,0x0B0B0B0B,0x0B0B0B0B,0x0B0B0B0B,0x0B0B0B0B
	.word 0x0B0B0B0B,0x0B0B0B0B,0x0B0B0B0B,0x0B0B0B0B,0x0B0B0B0B,0x0B0B0B0B,0x0B0B0B0B,0x0B0B0B0B
	.word 0x0B0B0B0B,0x0B0B0B0B,0x0B0B0B0B,0x0B0B0B0B,0x0B0B0B0B,0x0B0B0B0B,0x0B0B0B0B,0x0B0B0B0B
	.word 0x0B0B0B0B,0x0B0B0B0B,0x0B0B0B0B,0x0B0B0B0B,0x0B0B0B0B,0x0B0B0B0B,0x0B0B0B0B,0x0B0B0B0B
	.word 0x0B0B0B0B,0x0B0B0B0B,0x0B0B0B0B,0x0B0B0B0B,0x0B0B0B0B,0x0B0B0B0B,0x0B0B0B0B,0x0B0B0B0B

	.word 0x26262626,0x26262626,0x26262626,0x26262626,0x26262626,0x26262626,0x26262626,0x26262626
	.word 0x26262626,0x22262626,0x0B0B1B00,0x0B0B0B0B,0x0B0B0B0B,0x0B0B0B0B,0x0B0B0B0B,0x0B0B0B0B
	.word 0x0B0B0B0B,0x0B0B0B0B,0x0B0B0B0B,0x0B0B0B0B,0x0B0B0B0B,0x0B0B0B0B,0x0B0B0B0B,0x0B0B0B0B
	.word 0x0B0B0B0B,0x0B0B0B0B,0x0B0B0B0B,0x0B0B0B0B,0x0B0B0B0B,0x0B0B0B0B,0x0B0B0B0B,0x0B0B0B0B
	.word 0x0B0B0B0B,0x0B0B0B0B,0x0B0B0B0B,0x0B0B0B0B,0x0B0B0B0B,0x0B0B0B0B,0x0B0B0B0B,0x0B0B0B0B
	.word 0x0B0B0B0B,0x0B0B0B0B,0x0B0B0B0B,0x0B0B0B0B,0x0B0B0B0B,0x0B0B0B0B,0x0B0B0B0B,0x0B0B0B0B
	.word 0x0B0B0B0B,0x0B0B0B0B,0x0B0B0B0B,0x0B0B0B0B,0x0B0B0B0B,0x0B0B0B0B,0x0B0B0B0B,0x0B0B0B0B
	.word 0x0B0B0B0B,0x0B0B0B0B,0x0B0B0B0B,0x0B0B0B0B,0x0B0B0B0B,0x0B0B0B0B,0x0B0B0B0B,0x0B0B0B0B

	.word 0x26262626,0x26262626,0x26262626,0x26262626,0x26262626,0x26262626,0x26262626,0x26262626
	.word 0x26262626,0x22262626,0x0B0B1B00,0x0B0B0B0B,0x0B0B0B0B,0x0B0B0B0B,0x0B0B0B0B,0x0B0B0B0B
	.word 0x0B0B0B0B,0x0B0B0B0B,0x0B0B0B0B,0x0B0B0B0B,0x0B0B0B0B,0x0B0B0B0B,0x0B0B0B0B,0x0B0B0B0B
	.word 0x0B0B0B0B,0x0B0B0B0B,0x0B0B0B0B,0x0B0B0B0B,0x0B0B0B0B,0x0B0B0B0B,0x0B0B0B0B,0x0B0B0B0B
	.word 0x0B0B0B0B,0x0B0B0B0B,0x0B0B0B0B,0x0B0B0B0B,0x0B0B0B0B,0x0B0B0B0B,0x0B0B0B0B,0x0B0B0B0B
	.word 0x0B0B0B0B,0x0B0B0B0B,0x0B0B0B0B,0x0B0B0B0B,0x0B0B0B0B,0x0B0B0B0B,0x0B0B0B0B,0x0B0B0B0B
	.word 0x0B0B0B0B,0x0B0B0B0B,0x0B0B0B0B,0x0B0B0B0B,0x0B0B0B0B,0x0B0B0B0B,0x0B0B0B0B,0x0B0B0B0B
	.word 0x0B0B0B0B,0x0B0B0B0B,0x0B0B0B0B,0x0B0B0B0B,0x0B0B0B0B,0x0B0B0B0B,0x0B0B0B0B,0x0B0B0B0B

	.word 0x26262626,0x26262626,0x26262626,0x26262626,0x26262626,0x26262626,0x26262626,0x26262626
	.word 0x26262626,0x22262626,0x33333000,0x33333333,0x0B0B0B33,0x0B0B0B0B,0x0B0B0B0B,0x0B0B0B0B
	.word 0x0B0B0B0B,0x0B0B0B0B,0x0B0B0B0B,0x0B0B0B0B,0x0B0B0B0B,0x0B0B0B0B,0x0B0B0B0B,0x0B0B0B0B
	.word 0x0B0B0B0B,0x0B0B0B0B,0x0B0B0B0B,0x0B0B0B0B,0x0B0B0B0B,0x0B0B0B0B,0x0B0B0B0B,0x0B0B0B0B
	.word 0x0B0B0B0B,0x0B0B0B0B,0x0B0B0B0B,0x0B0B0B0B,0x0B0B0B0B,0x0B0B0B0B,0x0B0B0B0B,0x0B0B0B0B
	.word 0x0B0B0B0B,0x0B0B0B0B,0x0B0B0B0B,0x0B0B0B0B,0x0B0B0B0B,0x0B0B0B0B,0x0B0B0B0B,0x0B0B0B0B
	.word 0x0B0B0B0B,0x0B0B0B0B,0x0B0B0B0B,0x0B0B0B0B,0x0B0B0B0B,0x0B0B0B0B,0x0B0B0B0B,0x0B0B0B0B
	.word 0x0B0B0B0B,0x0B0B0B0B,0x0B0B0B0B,0x0B0B0B0B,0x0B0B0B0B,0x0B0B0B0B,0x0B0B0B0B,0x0B0B0B0B

	.word 0x26262626,0x26262626,0x26262626,0x26262626,0x26262626,0x26262626,0x26262626,0x26262626
	.word 0x26262626,0x22262626,0x00000000,0x00000000,0x0B0B3300,0x0B0B0B0B,0x0B0B0B0B,0x0B0B0B0B
	.word 0x0B0B0B0B,0x0B0B0B0B,0x0B0B0B0B,0x0B0B0B0B,0x0B0B0B0B,0x0B0B0B0B,0x0B0B0B0B,0x0B0B0B0B
	.word 0x0B0B0B0B,0x0B0B0B0B,0x0B0B0B0B,0x0B0B0B0B,0x0B0B0B0B,0x0B0B0B0B,0x0B0B0B0B,0x0B0B0B0B
	.word 0x0B0B0B0B,0x0B0B0B0B,0x0B0B0B0B,0x0B0B0B0B,0x0B0B0B0B,0x0B0B0B0B,0x0B0B0B0B,0x0B0B0B0B
	.word 0x0B0B0B0B,0x0B0B0B0B,0x0B0B0B0B,0x0B0B0B0B,0x0B0B0B0B,0x0B0B0B0B,0x0B0B0B0B,0x0B0B0B0B
	.word 0x0B0B0B0B,0x0B0B0B0B,0x0B0B0B0B,0x0B0B0B0B,0x0B0B0B0B,0x0B0B0B0B,0x0B0B0B0B,0x0B0B0B0B
	.word 0x0B0B0B0B,0x0B0B0B0B,0x0B0B0B0B,0x0B0B0B0B,0x0B0B0B0B,0x0B0B0B0B,0x0B0B0B0B,0x0B0B0B0B

	.word 0x26262626,0x26262626,0x26262626,0x26262626,0x26262626,0x26262626,0x26262626,0x26262626
	.word 0x26262626,0x4D262626,0x0F0F0F0F,0x000F0F0F,0x0B0B3300,0x0B0B0B0B,0x0B0B0B0B,0x0B0B0B0B
	.word 0x0B0B0B0B,0x0B0B0B0B,0x0B0B0B0B,0x0B0B0B0B,0x0B0B0B0B,0x0B0B0B0B,0x0B0B0B0B,0x0B0B0B0B
	.word 0x0B0B0B0B,0x0B0B0B0B,0x0B0B0B0B,0x0B0B0B0B,0x0B0B0B0B,0x0B0B0B0B,0x0B0B0B0B,0x0B0B0B0B
	.word 0x0B0B0B0B,0x0B0B0B0B,0x0B0B0B0B,0x0B0B0B0B,0x0B0B0B0B,0x0B0B0B0B,0x0B0B0B0B,0x0B0B0B0B
	.word 0x0B0B0B0B,0x0B0B0B0B,0x0B0B0B0B,0x0B0B0B0B,0x0B0B0B0B,0x0B0B0B0B,0x0B0B0B0B,0x0B0B0B0B
	.word 0x0B0B0B0B,0x0B0B0B0B,0x0B0B0B0B,0x0B0B0B0B,0x0B0B0B0B,0x0B0B0B0B,0x0B0B0B0B,0x0B0B0B0B
	.word 0x0B0B0B0B,0x0B0B0B0B,0x0B0B0B0B,0x0B0B0B0B,0x0B0B0B0B,0x0B0B0B0B,0x3333330B,0x33333333

	.word 0x26262626,0x26262626,0x26262626,0x26262626,0x26262626,0x26262626,0x26262626,0x26262626
	.word 0x26262626,0x26262626,0x26262626,0x0F262626,0x0B0B3300,0x0B0B0B0B,0x0B0B0B0B,0x0B0B0B0B
	.word 0x0B0B0B0B,0x0B0B0B0B,0x0B0B0B0B,0x0B0B0B0B,0x0B0B0B0B,0x0B0B0B0B,0x0B0B0B0B,0x0B0B0B0B
	.word 0x0B0B0B0B,0x0B0B0B0B,0x0B0B0B0B,0x0B0B0B0B,0x0B0B0B0B,0x0B0B0B0B,0x0B0B0B0B,0x0B0B0B0B
	.word 0x0B0B0B0B,0x0B0B0B0B,0x0B0B0B0B,0x0B0B0B0B,0x0B0B0B0B,0x0B0B0B0B,0x0B0B0B0B,0x0B0B0B0B
	.word 0x0B0B0B0B,0x0B0B0B0B,0x0B0B0B0B,0x0B0B0B0B,0x0B0B0B0B,0x0B0B0B0B,0x0B0B0B0B,0x0B0B0B0B
	.word 0x0B0B0B0B,0x0B0B0B0B,0x0B0B0B0B,0x0B0B0B0B,0x0B0B0B0B,0x0B0B0B0B,0x0B0B0B0B,0x0B0B0B0B
	.word 0x0B0B0B0B,0x0B0B0B0B,0x0B0B0B0B,0x3333330B,0x33333333,0x33333333,0x00000010,0x00000000

	.word 0x26262626,0x26262626,0x26262626,0x26262626,0x26262626,0x26262626,0x26262626,0x26262626
	.word 0x26262626,0x26262626,0x26262626,0x0F262626,0x0B0B3300,0x0B0B0B0B,0x0B0B0B0B,0x0B0B0B0B
	.word 0x0B0B0B0B,0x0B0B0B0B,0x0B0B0B0B,0x0B0B0B0B,0x0B0B0B0B,0x0B0B0B0B,0x0B0B0B0B,0x0B0B0B0B
	.word 0x0B0B0B0B,0x0B0B0B0B,0x0B0B0B0B,0x0B0B0B0B,0x0B0B0B0B,0x0B0B0B0B,0x0B0B0B0B,0x0B0B0B0B
	.word 0x0B0B0B0B,0x0B0B0B0B,0x0B0B0B0B,0x0B0B0B0B,0x0B0B0B0B,0x0B0B0B0B,0x0B0B0B0B,0x0B0B0B0B
	.word 0x0B0B0B0B,0x0B0B0B0B,0x0B0B0B0B,0x0B0B0B0B,0x0B0B0B0B,0x0B0B0B0B,0x0B0B0B0B,0x0B0B0B0B
	.word 0x0B0B0B0B,0x0B0B0B0B,0x0B0B0B0B,0x0B0B0B0B,0x0B0B0B0B,0x0B0B0B0B,0x0B0B0B0B,0x0B0B0B0B
	.word 0x0B0B0B0B,0x0B0B0B0B,0x33330B0B,0x00000010,0x00000000,0x00000000,0x00000000,0x00000000

	.word 0x37373737,0x37373737,0x37373737,0x26373737,0x26262626,0x26262626,0x26262626,0x26262626
	.word 0x26262626,0x26262626,0x26262626,0x0F262626,0x0B0B3300,0x0B0B0B0B,0x0B0B0B0B,0x0B0B0B0B
	.word 0x0B0B0B0B,0x0B0B0B0B,0x0B0B0B0B,0x0B0B0B0B,0x0B0B0B0B,0x0B0B0B0B,0x0B0B0B0B,0x0B0B0B0B
	.word 0x0B0B0B0B,0x0B0B0B0B,0x0B0B0B0B,0x0B0B0B0B,0x0B0B0B0B,0x0B0B0B0B,0x0B0B0B0B,0x0B0B0B0B
	.word 0x0B0B0B0B,0x0B0B0B0B,0x0B0B0B0B,0x0B0B0B0B,0x0B0B0B0B,0x0B0B0B0B,0x0B0B0B0B,0x0B0B0B0B
	.word 0x0B0B0B0B,0x0B0B0B0B,0x0B0B0B0B,0x0B0B0B0B,0x0B0B0B0B,0x0B0B0B0B,0x0B0B0B0B,0x0B0B0B0B
	.word 0x0B0B0B0B,0x0B0B0B0B,0x0B0B0B0B,0x0B0B0B0B,0x0B0B0B0B,0x0B0B0B0B,0x0B0B0B0B,0x1B1B1B1B
	.word 0x1B1B1B1B,0x1B1B1B1B,0x0000101B,0x21000000,0x21212121,0x21212121,0x21212121,0x21212121

	.word 0x00000000,0x00000000,0x00000000,0x37000000,0x26262626,0x26262626,0x26262626,0x26262626
	.word 0x26262626,0x26262626,0x26262626,0x0F262626,0x0B0B3300,0x0B0B0B0B,0x0B0B0B0B,0x0B0B0B0B
	.word 0x0B0B0B0B,0x0B0B0B0B,0x0B0B0B0B,0x0B0B0B0B,0x0B0B0B0B,0x0B0B0B0B,0x0B0B0B0B,0x0B0B0B0B
	.word 0x0B0B0B0B,0x0B0B0B0B,0x0B0B0B0B,0x0B0B0B0B,0x0B0B0B0B,0x0B0B0B0B,0x0B0B0B0B,0x0B0B0B0B
	.word 0x0B0B0B0B,0x0B0B0B0B,0x0B0B0B0B,0x0B0B0B0B,0x0B0B0B0B,0x0B0B0B0B,0x0B0B0B0B,0x0B0B0B0B
	.word 0x0B0B0B0B,0x0B0B0B0B,0x0B0B0B0B,0x0B0B0B0B,0x0B0B0B0B,0x0B0B0B0B,0x0B0B0B0B,0x0B0B0B0B
	.word 0x0B0B0B0B,0x0B0B0B0B,0x0B0B0B0B,0x0B0B0B0B,0x0B0B0B0B,0x0B0B0B0B,0x4E1B1B0B,0x00000000
	.word 0x00000000,0x00000000,0x00000000,0x08192100,0x08080808,0x08080808,0x08080808,0x08080808

	.word 0x14141414,0x14141414,0x14141414,0x00000014,0x2626262F,0x26262626,0x26262626,0x26262626
	.word 0x26262626,0x26262626,0x26262626,0x0F262626,0x0B0B3300,0x0B0B0B0B,0x0B0B0B0B,0x0B0B0B0B
	.word 0x0B0B0B0B,0x0B0B0B0B,0x0B0B0B0B,0x0B0B0B0B,0x0B0B0B0B,0x0B0B0B0B,0x0B0B0B0B,0x0B0B0B0B
	.word 0x0B0B0B0B,0x0B0B0B0B,0x0B0B0B0B,0x0B0B0B0B,0x0B0B0B0B,0x0B0B0B0B,0x0B0B0B0B,0x0B0B0B0B
	.word 0x0B0B0B0B,0x0B0B0B0B,0x0B0B0B0B,0x0B0B0B0B,0x0B0B0B0B,0x0B0B0B0B,0x0B0B0B0B,0x0B0B0B0B
	.word 0x0B0B0B0B,0x0B0B0B0B,0x0B0B0B0B,0x0B0B0B0B,0x0B0B0B0B,0x0B0B0B0B,0x0B0B0B0B,0x0B0B0B0B
	.word 0x0B0B0B0B,0x0B0B0B0B,0x0B0B0B0B,0x0B0B0B0B,0x0B0B0B0B,0x0B0B0B0B,0x0000004E,0x00000000
	.word 0x00000000,0x00000000,0x00000000,0x08080800,0x08080808,0x08080808,0x08080808,0x08080808

	.word 0x1A1A1A1A,0x1A1A1A1A,0x1A1A1A1A,0x0000001A,0x2626262F,0x26262626,0x26262626,0x26262626
	.word 0x26262626,0x26262626,0x26262626,0x0F262626,0x0B0B3300,0x0B0B0B0B,0x0B0B0B0B,0x0B0B0B0B
	.word 0x0B0B0B0B,0x0B0B0B0B,0x0B0B0B0B,0x0B0B0B0B,0x0B0B0B0B,0x0B0B0B0B,0x0B0B0B0B,0x1B1B0B0B
	.word 0x1B1B1B1B,0x1B1B1B1B,0x1B1B1B1B,0x1B1B1B1B,0x1B1B1B1B,0x1B1B1B1B,0x1B1B1B1B,0x0B1B1B1B
	.word 0x0B0B0B0B,0x0B0B0B0B,0x0B0B0B0B,0x0B0B0B0B,0x0B0B0B0B,0x0B0B0B0B,0x0B0B0B0B,0x0B0B0B0B
	.word 0x0B0B0B0B,0x0B0B0B0B,0x0B0B0B0B,0x0B0B0B0B,0x0B0B0B0B,0x0B0B0B0B,0x0B0B0B0B,0x0B0B0B0B
	.word 0x0B0B0B0B,0x0B0B0B0B,0x0B0B0B0B,0x0B0B0B0B,0x0B0B0B0B,0x4E1B1B1B,0x00000000,0x21000000
	.word 0x21212121,0x21212121,0x0000000C,0x08080800,0x08080808,0x08080808,0x08080808,0x08080808

	.word 0x1A1A1A1A,0x1A1A1A1A,0x1A1A1A1A,0x0000001A,0x2626262F,0x26262626,0x26262626,0x26262626
	.word 0x26262626,0x26262626,0x26262626,0x0F262626,0x0B0B3300,0x0B0B0B0B,0x0B0B0B0B,0x0B0B0B0B
	.word 0x0B0B0B0B,0x0B0B0B0B,0x0B0B0B0B,0x0B0B0B0B,0x0B0B0B0B,0x1B0B0B0B,0x1B1B1B1B,0x00001C1B
	.word 0x00000000,0x00000000,0x00000000,0x00000000,0x00000000,0x00000000,0x00000000,0x45000000
	.word 0x1B1B1B1B,0x0B0B0B1B,0x0B0B0B0B,0x0B0B0B0B,0x0B0B0B0B,0x0B0B0B0B,0x0B0B0B0B,0x0B0B0B0B
	.word 0x0B0B0B0B,0x0B0B0B0B,0x0B0B0B0B,0x0B0B0B0B,0x0B0B0B0B,0x0B0B0B0B,0x0B0B0B0B,0x0B0B0B0B
	.word 0x0B0B0B0B,0x0B0B0B0B,0x0B0B0B0B,0x0B0B0B0B,0x3A1B1B1B,0x00000000,0x00000000,0x08190C00
	.word 0x08080808,0x08080808,0x0C0C2108,0x08080819,0x08080808,0x08080808,0x08080808,0x08080808

	.word 0x1A1A1A1A,0x1A1A1A1A,0x1A1A1A1A,0x0000001A,0x2626262F,0x26262626,0x26262626,0x26262626
	.word 0x26262626,0x26262626,0x26262626,0x0F262626,0x0B0B3300,0x0B0B0B0B,0x0B0B0B0B,0x0B0B0B0B
	.word 0x0B0B0B0B,0x0B0B0B0B,0x0B0B0B0B,0x470B0B0B,0x1B1B1B1B,0x00401B1B,0x00000000,0x0C0C0000
	.word 0x0C0C0C0C,0x0C0C0C0C,0x0C0C0C0C,0x0C0C0C0C,0x0C0C0C0C,0x0C0C0C0C,0x00000000,0x00000000
	.word 0x00000000,0x1B1B2A00,0x0B0B1B1B,0x0B0B0B0B,0x0B0B0B0B,0x0B0B0B0B,0x0B0B0B0B,0x0B0B0B0B
	.word 0x0B0B0B0B,0x0B0B0B0B,0x0B0B0B0B,0x0B0B0B0B,0x0B0B0B0B,0x0B0B0B0B,0x0B0B0B0B,0x0B0B0B0B
	.word 0x0B0B0B0B,0x0B0B0B0B,0x0B0B0B0B,0x301B1B0B,0x00000000,0x0C0C0C00,0x0C0C0C0C,0x08080834
	.word 0x08080808,0x08080808,0x08080808,0x08080808,0x08080808,0x08080808,0x08080808,0x08080808

	.word 0x1A1A1A1A,0x1A1A1A1A,0x1A1A1A1A,0x0000001A,0x2626262F,0x26262626,0x26262626,0x26262626
	.word 0x26262626,0x26262626,0x26262626,0x0F262626,0x0B0B3300,0x0B0B0B0B,0x0B0B0B0B,0x0B0B0B0B
	.word 0x0B0B0B0B,0x0B0B0B0B,0x1B470B0B,0x061B1B1B,0x00000000,0x00000000,0x0C0C0C00,0x08200C0C
	.word 0x08080808,0x08080808,0x08080808,0x08080808,0x08080808,0x08080808,0x0C0C0C03,0x000C0C0C
	.word 0x00000000,0x00000000,0x1B410000,0x1B1B1B1B,0x0B0B0B1B,0x0B0B0B0B,0x0B0B0B0B,0x0B0B0B0B
	.word 0x0B0B0B0B,0x0B0B0B0B,0x0B0B0B0B,0x0B0B0B0B,0x0B0B0B0B,0x0B0B0B0B,0x0B0B0B0B,0x0B0B0B0B
	.word 0x0B0B0B0B,0x0B0B0B0B,0x1B1B1B0B,0x00000030,0x0C000000,0x08080834,0x08080808,0x08080808
	.word 0x08080808,0x08080808,0x08080808,0x08080808,0x08080808,0x08080808,0x08080808,0x08080808

	.word 0x51515151,0x51515151,0x51515151,0x00000051,0x2626262F,0x26262626,0x26262626,0x26262626
	.word 0x26262626,0x26262626,0x26262626,0x0F262626,0x0B0B3300,0x0B0B0B0B,0x0B0B0B0B,0x0B0B0B0B
	.word 0x0B0B0B0B,0x1B1B1B47,0x00351B1B,0x00000000,0x0C0C0C00,0x0C0C0C0C,0x0808360C,0x08080808
	.word 0x08080808,0x08080808,0x08080808,0x08080808,0x08080808,0x08080808,0x08080808,0x49080808
	.word 0x0C0C0C0C,0x000C0C0C,0x00000000,0x00000000,0x1B1B1600,0x0B0B281B,0x0B0B0B0B,0x0B0B0B0B
	.word 0x0B0B0B0B,0x0B0B0B0B,0x0B0B0B0B,0x0B0B0B0B,0x0B0B0B0B,0x0B0B0B0B,0x0B0B0B0B,0x1B0B0B0B
	.word 0x1B1B1B1B,0x1B1B281B,0x00000030,0x0C000000,0x08340C0C,0x08080808,0x08080808,0x08080808
	.word 0x08080808,0x08080808,0x08080808,0x08080808,0x08080808,0x08080808,0x08080808,0x08080808

	.word 0x14141414,0x14141414,0x14141414,0x00000014,0x04040437,0x04040404,0x04040404,0x04040404
	.word 0x04040404,0x04040404,0x04040404,0x22040404,0x1B1B4E00,0x1B1B1B28,0x1B1B281B,0x1B1B1B28
	.word 0x1B1B281B,0x00000017,0x00000000,0x0C0C0C0C,0x08082D0C,0x08080808,0x08080808,0x08080808
	.word 0x08080808,0x08080808,0x08080808,0x08080808,0x08080808,0x08080808,0x08080808,0x08080808
	.word 0x08080808,0x3C080808,0x0C0C0C0C,0x00000C0C,0x00000000,0x1B320000,0x1B281B1B,0x1B1B1B1B
	.word 0x0B0B0B0B,0x0B0B0B0B,0x0B0B0B0B,0x0B0B0B0B,0x0B0B0B0B,0x0B0B0B0B,0x28281B1B,0x001D1B1B
	.word 0x00000000,0x00000000,0x00000000,0x08340C0C,0x08080808,0x08080808,0x08080808,0x08080808
	.word 0x08080808,0x08080808,0x08080808,0x08080808,0x08080808,0x08080808,0x08080808,0x08080808

	.word 0x1A1A1A1A,0x1A1A1A1A,0x1A1A1A1A,0x0000001A,0x00000000,0x00000000,0x00000000,0x00000000
	.word 0x00000000,0x00000000,0x00000000,0x00000000,0x00000000,0x00000000,0x00000000,0x00000000
	.word 0x00000000,0x0C0C0C00,0x0C0C0C0C,0x08080808,0x08080808,0x08080808,0x08080808,0x08080808
	.word 0x08080808,0x08080808,0x08080808,0x08080808,0x08080808,0x08080808,0x08080808,0x08080808
	.word 0x08080808,0x08080808,0x08080808,0x0C110808,0x0C0C0C0C,0x0000000C,0x00000000,0x00000000
	.word 0x1B281B4F,0x1B28281B,0x1B281B1B,0x1B28281B,0x1B281B1B,0x3B28281B,0x00000000,0x00000000
	.word 0x0C0C0000,0x0C0C0C0C,0x340C0C0C,0x08080808,0x08080808,0x08080808,0x08080808,0x08080808
	.word 0x08080808,0x08080808,0x08080808,0x08080808,0x08080808,0x08080808,0x08080808,0x08080808

	.word 0x51515151,0x51515151,0x1A515151,0x0000001A,0x0C0C0C0C,0x0C0C0C0C,0x0C0C0C0C,0x0C0C0C0C
	.word 0x0C0C0C0C,0x0C0C0C0C,0x0C0C0C0C,0x0C0C0C0C,0x0C0C0C0C,0x0C0C0C0C,0x0C0C0C0C,0x0C0C0C0C
	.word 0x0C0C0C0C,0x0808080C,0x08080808,0x08080808,0x08080808,0x08080808,0x08080808,0x08080808
	.word 0x08080808,0x08080808,0x08080808,0x08080808,0x08080808,0x08080808,0x08080808,0x08080808
	.word 0x08080808,0x08080808,0x08080808,0x08080808,0x08080808,0x0C0C1108,0x0C0C0C0C,0x00000000
	.word 0x00000000,0x00000000,0x00000000,0x00000000,0x00000000,0x00000000,0x0C0C0C00,0x0C0C0C0C
	.word 0x08084A0C,0x08080808,0x08080808,0x08080808,0x08080808,0x08080808,0x08080808,0x08080808
	.word 0x08080808,0x08080808,0x08080808,0x08080808,0x08080808,0x08080808,0x08080808,0x08080808

	.word 0x00000000,0x00000000,0x1A000000,0x0000001A,0x08080808,0x08080808,0x08080808,0x08080808
	.word 0x08080808,0x08080808,0x08080808,0x08080808,0x08080808,0x08080808,0x08080808,0x08080808
	.word 0x08080808,0x08080808,0x08080808,0x08080808,0x08080808,0x08080808,0x08080808,0x08080808
	.word 0x08080808,0x08080808,0x08080808,0x08080808,0x08080808,0x08080808,0x08080808,0x08080808
	.word 0x08080808,0x08080808,0x08080808,0x08080808,0x08080808,0x08080808,0x08080808,0x0C0C0C3D
	.word 0x0C0C0C0C,0x0C0C0C0C,0x0C0C0C0C,0x0C0C0C0C,0x0C0C0C0C,0x0C0C0C0C,0x08080827,0x08080808
	.word 0x08080808,0x08080808,0x08080808,0x08080808,0x08080808,0x08080808,0x08080808,0x08080808
	.word 0x08080808,0x08080808,0x08080808,0x08080808,0x08080808,0x08080808,0x08080808,0x08080808

	.word 0x0C0C0C0C,0x0C0C0C0C,0x4C00000C,0x0000001A,0x08080808,0x08080808,0x08080808,0x08080808
	.word 0x08080808,0x08080808,0x08080808,0x08080808,0x08080808,0x08080808,0x08080808,0x08080808
	.word 0x08080808,0x08080808,0x08080808,0x08080808,0x08080808,0x08080808,0x08080808,0x08080808
	.word 0x08080808,0x08080808,0x08080808,0x08080808,0x08080808,0x08080808,0x08080808,0x08080808
	.word 0x08080808,0x08080808,0x08080808,0x08080808,0x08080808,0x08080808,0x08080808,0x08080808
	.word 0x08080808,0x08080808,0x08080808,0x08080808,0x08080808,0x08080808,0x08080808,0x08080808
	.word 0x08080808,0x08080808,0x08080808,0x08080808,0x08080808,0x08080808,0x08080808,0x08080808
	.word 0x08080808,0x08080808,0x08080808,0x08080808,0x08080808,0x08080808,0x08080808,0x08080808

	.word 0x08080808,0x08080808,0x18000008,0x0000001A,0x08080808,0x08080808,0x08080808,0x08080808
	.word 0x08080808,0x08080808,0x08080808,0x08080808,0x08080808,0x08080808,0x08080808,0x08080808
	.word 0x08080808,0x08080808,0x08080808,0x08080808,0x08080808,0x08080808,0x08080808,0x08080808
	.word 0x08080808,0x08080808,0x08080808,0x08080808,0x08080808,0x08080808,0x08080808,0x08080808
	.word 0x08080808,0x08080808,0x08080808,0x08080808,0x08080808,0x08080808,0x08080808,0x08080808
	.word 0x08080808,0x08080808,0x08080808,0x08080808,0x08080808,0x08080808,0x08080808,0x08080808
	.word 0x08080808,0x08080808,0x08080808,0x08080808,0x08080808,0x08080808,0x08080808,0x08080808
	.word 0x08080808,0x08080808,0x08080808,0x08080808,0x08080808,0x08080808,0x08080808,0x08080808

	.word 0x08080808,0x08080808,0x00000C08,0x0000001A,0x08080808,0x08080808,0x08080808,0x08080808
	.word 0x08080808,0x08080808,0x08080808,0x08080808,0x08080808,0x08080808,0x08080808,0x08080808
	.word 0x08080808,0x08080808,0x08080808,0x08080808,0x08080808,0x08080808,0x08080808,0x08080808
	.word 0x08080808,0x08080808,0x08080808,0x08080808,0x08080808,0x08080808,0x08080808,0x08080808
	.word 0x08080808,0x08080808,0x08080808,0x08080808,0x08080808,0x08080808,0x08080808,0x08080808
	.word 0x08080808,0x08080808,0x08080808,0x08080808,0x08080808,0x08080808,0x08080808,0x08080808
	.word 0x08080808,0x08080808,0x08080808,0x08080808,0x08080808,0x08080808,0x08080808,0x08080808
	.word 0x08080808,0x08080808,0x08080808,0x08080808,0x08080808,0x08080808,0x08080808,0x08080808

	.word 0x08080808,0x08080808,0x00000808,0x0000001A,0x08080808,0x08080808,0x08080808,0x08080808
	.word 0x08080808,0x08080808,0x08080808,0x08080808,0x08080808,0x08080808,0x08080808,0x08080808
	.word 0x08080808,0x08080808,0x08080808,0x08080808,0x08080808,0x08080808,0x08080808,0x08080808
	.word 0x08080808,0x08080808,0x08080808,0x08080808,0x08080808,0x08080808,0x08080808,0x08080808
	.word 0x08080808,0x08080808,0x08080808,0x08080808,0x08080808,0x08080808,0x08080808,0x08080808
	.word 0x08080808,0x08080808,0x08080808,0x08080808,0x08080808,0x08080808,0x08080808,0x08080808
	.word 0x08080808,0x08080808,0x08080808,0x08080808,0x08080808,0x08080808,0x08080808,0x08080808
	.word 0x08080808,0x08080808,0x08080808,0x08080808,0x08080808,0x08080808,0x08080808,0x08080808

	.word 0x08080808,0x08080808,0x00000808,0x00000005,0x08080808,0x08080808,0x08080808,0x08080808
	.word 0x08080808,0x08080808,0x08080808,0x08080808,0x08080808,0x08080808,0x08080808,0x08080808
	.word 0x08080808,0x08080808,0x08080808,0x08080808,0x08080808,0x08080808,0x08080808,0x08080808
	.word 0x08080808,0x08080808,0x08080808,0x08080808,0x08080808,0x08080808,0x08080808,0x08080808
	.word 0x08080808,0x08080808,0x08080808,0x08080808,0x08080808,0x08080808,0x08080808,0x08080808
	.word 0x08080808,0x08080808,0x08080808,0x08080808,0x08080808,0x08080808,0x08080808,0x08080808
	.word 0x08080808,0x08080808,0x08080808,0x08080808,0x08080808,0x08080808,0x08080808,0x08080808
	.word 0x08080808,0x08080808,0x08080808,0x08080808,0x08080808,0x08080808,0x08080808,0x08080808

	.word 0x08080808,0x08080808,0x00000808,0x00000000,0x08080808,0x08080808,0x08080808,0x08080808
	.word 0x08080808,0x08080808,0x08080808,0x08080808,0x08080808,0x08080808,0x08080808,0x08080808
	.word 0x08080808,0x08080808,0x08080808,0x08080808,0x08080808,0x08080808,0x08080808,0x08080808
	.word 0x08080808,0x08080808,0x08080808,0x08080808,0x08080808,0x08080808,0x08080808,0x08080808
	.word 0x08080808,0x08080808,0x08080808,0x08080808,0x08080808,0x08080808,0x08080808,0x08080808
	.word 0x08080808,0x08080808,0x08080808,0x08080808,0x08080808,0x08080808,0x08080808,0x08080808
	.word 0x08080808,0x08080808,0x08080808,0x08080808,0x08080808,0x08080808,0x08080808,0x08080808
	.word 0x08080808,0x08080808,0x08080808,0x08080808,0x08080808,0x08080808,0x08080808,0x08080808

	.word 0x08080808,0x08080808,0x0C0C0808,0x0C00000C,0x08080808,0x08080808,0x08080808,0x08080808
	.word 0x08080808,0x08080808,0x08080808,0x08080808,0x08080808,0x08080808,0x08080808,0x08080808
	.word 0x08080808,0x08080808,0x08080808,0x08080808,0x08080808,0x08080808,0x08080808,0x08080808
	.word 0x08080808,0x08080808,0x08080808,0x08080808,0x08080808,0x08080808,0x08080808,0x08080808
	.word 0x08080808,0x08080808,0x08080808,0x08080808,0x08080808,0x08080808,0x08080808,0x08080808
	.word 0x08080808,0x08080808,0x08080808,0x08080808,0x08080808,0x08080808,0x08080808,0x08080808
	.word 0x08080808,0x08080808,0x08080808,0x08080808,0x08080808,0x08080808,0x08080808,0x08080808
	.word 0x08080808,0x08080808,0x08080808,0x08080808,0x08080808,0x08080808,0x08080808,0x08080808

	.word 0x08080808,0x08080808,0x08080808,0x080C0C08,0x08080808,0x08080808,0x08080808,0x08080808
	.word 0x08080808,0x08080808,0x08080808,0x08080808,0x08080808,0x08080808,0x08080808,0x08080808
	.word 0x08080808,0x08080808,0x08080808,0x08080808,0x08080808,0x08080808,0x08080808,0x08080808
	.word 0x08080808,0x08080808,0x08080808,0x08080808,0x08080808,0x08080808,0x08080808,0x08080808
	.word 0x08080808,0x08080808,0x08080808,0x08080808,0x08080808,0x08080808,0x08080808,0x08080808
	.word 0x08080808,0x08080808,0x08080808,0x08080808,0x08080808,0x08080808,0x08080808,0x08080808
	.word 0x08080808,0x08080808,0x08080808,0x08080808,0x08080808,0x08080808,0x08080808,0x08080808
	.word 0x08080808,0x08080808,0x08080808,0x08080808,0x08080808,0x08080808,0x08080808,0x08080808

	.word 0x08080808,0x08080808,0x08080808,0x08080808,0x08080808,0x08080808,0x08080808,0x08080808
	.word 0x08080808,0x08080808,0x08080808,0x08080808,0x08080808,0x08080808,0x08080808,0x08080808
	.word 0x08080808,0x08080808,0x08080808,0x08080808,0x08080808,0x08080808,0x08080808,0x08080808
	.word 0x08080808,0x08080808,0x08080808,0x08080808,0x08080808,0x08080808,0x08080808,0x08080808
	.word 0x08080808,0x08080808,0x08080808,0x08080808,0x08080808,0x08080808,0x08080808,0x08080808
	.word 0x08080808,0x08080808,0x08080808,0x08080808,0x08080808,0x08080808,0x08080808,0x08080808
	.word 0x08080808,0x08080808,0x08080808,0x08080808,0x08080808,0x08080808,0x08080808,0x08080808
	.word 0x08080808,0x08080808,0x08080808,0x08080808,0x08080808,0x08080808,0x08080808,0x08080808

	.word 0x08080808,0x08080808,0x08080808,0x08080808,0x08080808,0x08080808,0x08080808,0x08080808
	.word 0x08080808,0x08080808,0x08080808,0x08080808,0x08080808,0x08080808,0x08080808,0x08080808
	.word 0x08080808,0x08080808,0x08080808,0x08080808,0x08080808,0x08080808,0x08080808,0x08080808
	.word 0x08080808,0x08080808,0x08080808,0x08080808,0x08080808,0x08080808,0x08080808,0x08080808
	.word 0x08080808,0x08080808,0x08080808,0x08080808,0x08080808,0x08080808,0x08080808,0x08080808
	.word 0x08080808,0x08080808,0x08080808,0x08080808,0x08080808,0x08080808,0x08080808,0x08080808
	.word 0x08080808,0x08080808,0x08080808,0x08080808,0x08080808,0x08080808,0x08080808,0x08080808
	.word 0x08080808,0x08080808,0x08080808,0x08080808,0x08080808,0x08080808,0x08080808,0x08080808

	.word 0x08080808,0x08080808,0x08080808,0x08080808,0x08080808,0x08080808,0x08080808,0x08080808
	.word 0x08080808,0x08080808,0x08080808,0x08080808,0x08080808,0x08080808,0x08080808,0x08080808
	.word 0x08080808,0x08080808,0x08080808,0x08080808,0x08080808,0x08080808,0x08080808,0x08080808
	.word 0x08080808,0x08080808,0x08080808,0x08080808,0x08080808,0x08080808,0x08080808,0x08080808
	.word 0x08080808,0x08080808,0x08080808,0x08080808,0x08080808,0x08080808,0x08080808,0x08080808
	.word 0x08080808,0x08080808,0x08080808,0x08080808,0x08080808,0x08080808,0x08080808,0x08080808
	.word 0x08080808,0x08080808,0x08080808,0x08080808,0x08080808,0x08080808,0x08080808,0x08080808
	.word 0x08080808,0x08080808,0x08080808,0x08080808,0x08080808,0x08080808,0x08080808,0x08080808

	.word 0x08080808,0x08080808,0x08080808,0x08080808,0x08080808,0x08080808,0x08080808,0x08080808
	.word 0x08080808,0x08080808,0x08080808,0x08080808,0x08080808,0x08080808,0x08080808,0x08080808
	.word 0x08080808,0x08080808,0x08080808,0x08080808,0x08080808,0x08080808,0x08080808,0x08080808
	.word 0x08080808,0x08080808,0x08080808,0x08080808,0x08080808,0x08080808,0x08080808,0x08080808
	.word 0x08080808,0x08080808,0x08080808,0x08080808,0x08080808,0x08080808,0x08080808,0x08080808
	.word 0x08080808,0x08080808,0x08080808,0x08080808,0x08080808,0x08080808,0x08080808,0x08080808
	.word 0x08080808,0x08080808,0x08080808,0x08080808,0x08080808,0x08080808,0x08080808,0x08080808
	.word 0x08080808,0x08080808,0x08080808,0x08080808,0x08080808,0x08080808,0x08080808,0x08080808

	.word 0x08080808,0x08080808,0x08080808,0x08080808,0x08080808,0x08080808,0x08080808,0x08080808
	.word 0x08080808,0x08080808,0x08080808,0x08080808,0x08080808,0x08080808,0x08080808,0x08080808
	.word 0x08080808,0x08080808,0x08080808,0x08080808,0x08080808,0x08080808,0x08080808,0x08080808
	.word 0x08080808,0x08080808,0x08080808,0x08080808,0x08080808,0x08080808,0x08080808,0x08080808
	.word 0x08080808,0x08080808,0x08080808,0x08080808,0x08080808,0x08080808,0x08080808,0x08080808
	.word 0x08080808,0x08080808,0x08080808,0x08080808,0x08080808,0x08080808,0x08080808,0x08080808
	.word 0x08080808,0x08080808,0x08080808,0x08080808,0x08080808,0x08080808,0x08080808,0x08080808
	.word 0x08080808,0x08080808,0x08080808,0x08080808,0x08080808,0x08080808,0x08080808,0x08080808

	.word 0x08080808,0x08080808,0x08080808,0x08080808,0x08080808,0x08080808,0x08080808,0x08080808
	.word 0x08080808,0x08080808,0x08080808,0x08080808,0x08080808,0x08080808,0x08080808,0x08080808
	.word 0x08080808,0x08080808,0x08080808,0x08080808,0x08080808,0x08080808,0x08080808,0x08080808
	.word 0x08080808,0x08080808,0x08080808,0x08080808,0x08080808,0x08080808,0x08080808,0x08080808
	.word 0x08080808,0x08080808,0x08080808,0x08080808,0x08080808,0x08080808,0x08080808,0x08080808
	.word 0x08080808,0x08080808,0x08080808,0x08080808,0x08080808,0x08080808,0x08080808,0x08080808
	.word 0x08080808,0x08080808,0x08080808,0x08080808,0x08080808,0x08080808,0x08080808,0x08080808
	.word 0x08080808,0x08080808,0x08080808,0x08080808,0x08080808,0x08080808,0x08080808,0x08080808

	.word 0x08080808,0x08080808,0x08080808,0x08080808,0x08080808,0x08080808,0x08080808,0x08080808
	.word 0x08080808,0x08080808,0x08080808,0x08080808,0x08080808,0x08080808,0x08080808,0x08080808
	.word 0x08080808,0x08080808,0x08080808,0x08080808,0x08080808,0x08080808,0x08080808,0x08080808
	.word 0x08080808,0x08080808,0x08080808,0x08080808,0x08080808,0x08080808,0x08080808,0x08080808
	.word 0x08080808,0x08080808,0x08080808,0x08080808,0x08080808,0x08080808,0x08080808,0x08080808
	.word 0x08080808,0x08080808,0x08080808,0x08080808,0x08080808,0x08080808,0x08080808,0x08080808
	.word 0x08080808,0x08080808,0x08080808,0x08080808,0x08080808,0x08080808,0x08080808,0x08080808
	.word 0x08080808,0x08080808,0x08080808,0x08080808,0x08080808,0x08080808,0x08080808,0x08080808

	.word 0x08080808,0x08080808,0x08080808,0x08080808,0x08080808,0x08080808,0x08080808,0x08080808
	.word 0x08080808,0x08080808,0x08080808,0x08080808,0x08080808,0x08080808,0x08080808,0x08080808
	.word 0x08080808,0x08080808,0x08080808,0x08080808,0x08080808,0x08080808,0x08080808,0x08080808
	.word 0x08080808,0x08080808,0x08080808,0x08080808,0x08080808,0x08080808,0x08080808,0x08080808
	.word 0x08080808,0x08080808,0x08080808,0x08080808,0x08080808,0x08080808,0x08080808,0x08080808
	.word 0x08080808,0x08080808,0x08080808,0x08080808,0x08080808,0x08080808,0x08080808,0x08080808
	.word 0x08080808,0x08080808,0x08080808,0x08080808,0x08080808,0x08080808,0x08080808,0x08080808
	.word 0x08080808,0x08080808,0x08080808,0x08080808,0x08080808,0x08080808,0x08080808,0x08080808

	.word 0x08080808,0x08080808,0x08080808,0x08080808,0x08080808,0x08080808,0x08080808,0x08080808
	.word 0x08080808,0x08080808,0x08080808,0x08080808,0x08080808,0x08080808,0x08080808,0x08080808
	.word 0x08080808,0x08080808,0x08080808,0x08080808,0x08080808,0x08080808,0x08080808,0x08080808
	.word 0x08080808,0x08080808,0x08080808,0x08080808,0x08080808,0x08080808,0x08080808,0x08080808
	.word 0x08080808,0x08080808,0x08080808,0x08080808,0x08080808,0x08080808,0x08080808,0x08080808
	.word 0x08080808,0x08080808,0x08080808,0x08080808,0x08080808,0x08080808,0x08080808,0x08080808
	.word 0x08080808,0x08080808,0x08080808,0x08080808,0x08080808,0x08080808,0x08080808,0x08080808
	.word 0x08080808,0x08080808,0x08080808,0x08080808,0x08080808,0x08080808,0x08080808,0x08080808

	.word 0x08080808,0x08080808,0x08080808,0x08080808,0x08080808,0x08080808,0x08080808,0x08080808
	.word 0x08080808,0x08080808,0x08080808,0x08080808,0x08080808,0x08080808,0x08080808,0x08080808
	.word 0x08080808,0x08080808,0x08080808,0x08080808,0x08080808,0x08080808,0x08080808,0x08080808
	.word 0x08080808,0x08080808,0x08080808,0x08080808,0x08080808,0x08080808,0x08080808,0x08080808
	.word 0x08080808,0x08080808,0x08080808,0x08080808,0x08080808,0x08080808,0x08080808,0x08080808
	.word 0x08080808,0x08080808,0x08080808,0x08080808,0x08080808,0x08080808,0x08080808,0x08080808
	.word 0x08080808,0x08080808,0x08080808,0x08080808,0x08080808,0x08080808,0x08080808,0x08080808
	.word 0x08080808,0x08080808,0x08080808,0x08080808,0x08080808,0x08080808,0x08080808,0x08080808

	.word 0x08080808,0x08080808,0x08080808,0x08080808,0x08080808,0x08080808,0x08080808,0x08080808
	.word 0x08080808,0x08080808,0x08080808,0x08080808,0x08080808,0x08080808,0x08080808,0x08080808
	.word 0x08080808,0x08080808,0x08080808,0x08080808,0x08080808,0x08080808,0x08080808,0x08080808
	.word 0x08080808,0x08080808,0x08080808,0x08080808,0x08080808,0x08080808,0x08080808,0x08080808
	.word 0x08080808,0x08080808,0x08080808,0x08080808,0x08080808,0x08080808,0x08080808,0x08080808
	.word 0x08080808,0x08080808,0x08080808,0x08080808,0x08080808,0x08080808,0x08080808,0x08080808
	.word 0x08080808,0x08080808,0x08080808,0x08080808,0x08080808,0x08080808,0x08080808,0x08080808
	.word 0x08080808,0x08080808,0x08080808,0x08080808,0x08080808,0x08080808,0x08080808,0x08080808

	.word 0x08080808,0x08080808,0x08080808,0x08080808,0x08080808,0x08080808,0x08080808,0x08080808
	.word 0x08080808,0x08080808,0x08080808,0x08080808,0x08080808,0x08080808,0x08080808,0x08080808
	.word 0x08080808,0x08080808,0x08080808,0x08080808,0x08080808,0x08080808,0x08080808,0x08080808
	.word 0x08080808,0x08080808,0x08080808,0x08080808,0x08080808,0x08080808,0x08080808,0x08080808
	.word 0x08080808,0x08080808,0x08080808,0x08080808,0x08080808,0x08080808,0x08080808,0x08080808
	.word 0x08080808,0x08080808,0x08080808,0x08080808,0x08080808,0x08080808,0x08080808,0x08080808
	.word 0x08080808,0x08080808,0x08080808,0x08080808,0x08080808,0x08080808,0x08080808,0x08080808
	.word 0x08080808,0x08080808,0x08080808,0x08080808,0x08080808,0x08080808,0x08080808,0x08080808

	.word 0x08080808,0x08080808,0x08080808,0x08080808,0x08080808,0x08080808,0x08080808,0x08080808
	.word 0x08080808,0x08080808,0x08080808,0x08080808,0x08080808,0x08080808,0x08080808,0x08080808
	.word 0x08080808,0x08080808,0x08080808,0x08080808,0x08080808,0x08080808,0x08080808,0x08080808
	.word 0x08080808,0x08080808,0x08080808,0x08080808,0x08080808,0x08080808,0x08080808,0x08080808
	.word 0x08080808,0x08080808,0x08080808,0x08080808,0x08080808,0x08080808,0x08080808,0x08080808
	.word 0x08080808,0x08080808,0x08080808,0x08080808,0x08080808,0x08080808,0x08080808,0x08080808
	.word 0x08080808,0x08080808,0x08080808,0x08080808,0x08080808,0x08080808,0x08080808,0x08080808
	.word 0x08080808,0x08080808,0x08080808,0x08080808,0x08080808,0x08080808,0x08080808,0x08080808

	.word 0x08080808,0x08080808,0x08080808,0x08080808,0x08080808,0x08080808,0x08080808,0x08080808
	.word 0x08080808,0x08080808,0x08080808,0x08080808,0x08080808,0x08080808,0x08080808,0x08080808
	.word 0x08080808,0x08080808,0x08080808,0x08080808,0x08080808,0x08080808,0x08080808,0x08080808
	.word 0x08080808,0x08080808,0x08080808,0x08080808,0x08080808,0x08080808,0x08080808,0x08080808
	.word 0x08080808,0x08080808,0x08080808,0x08080808,0x08080808,0x08080808,0x08080808,0x08080808
	.word 0x08080808,0x08080808,0x08080808,0x08080808,0x08080808,0x08080808,0x08080808,0x08080808
	.word 0x08080808,0x08080808,0x08080808,0x08080808,0x08080808,0x08080808,0x08080808,0x08080808
	.word 0x08080808,0x08080808,0x08080808,0x08080808,0x08080808,0x08080808,0x08080808,0x08080808

	.word 0x08080808,0x08080808,0x08080808,0x08080808,0x08080808,0x08080808,0x08080808,0x08080808
	.word 0x08080808,0x08080808,0x08080808,0x08080808,0x08080808,0x08080808,0x08080808,0x08080808
	.word 0x08080808,0x08080808,0x08080808,0x08080808,0x08080808,0x08080808,0x08080808,0x08080808
	.word 0x08080808,0x08080808,0x08080808,0x08080808,0x08080808,0x08080808,0x08080808,0x08080808
	.word 0x08080808,0x08080808,0x08080808,0x08080808,0x08080808,0x08080808,0x08080808,0x08080808
	.word 0x08080808,0x08080808,0x08080808,0x08080808,0x08080808,0x08080808,0x08080808,0x08080808
	.word 0x08080808,0x08080808,0x08080808,0x08080808,0x08080808,0x08080808,0x08080808,0x08080808
	.word 0x08080808,0x08080808,0x08080808,0x08080808,0x08080808,0x08080808,0x08080808,0x08080808

	.word 0x08080808,0x08080808,0x08080808,0x08080808,0x08080808,0x08080808,0x08080808,0x08080808
	.word 0x08080808,0x08080808,0x08080808,0x08080808,0x08080808,0x08080808,0x08080808,0x08080808
	.word 0x08080808,0x08080808,0x08080808,0x08080808,0x08080808,0x08080808,0x08080808,0x08080808
	.word 0x08080808,0x08080808,0x08080808,0x08080808,0x08080808,0x08080808,0x08080808,0x08080808
	.word 0x08080808,0x08080808,0x08080808,0x08080808,0x08080808,0x08080808,0x08080808,0x08080808
	.word 0x08080808,0x08080808,0x08080808,0x08080808,0x08080808,0x08080808,0x08080808,0x08080808
	.word 0x08080808,0x08080808,0x08080808,0x08080808,0x08080808,0x08080808,0x08080808,0x08080808
	.word 0x08080808,0x08080808,0x08080808,0x08080808,0x08080808,0x08080808,0x08080808,0x08080808

	.word 0x08080808,0x08080808,0x08080808,0x08080808,0x08080808,0x08080808,0x08080808,0x08080808
	.word 0x08080808,0x08080808,0x08080808,0x08080808,0x08080808,0x08080808,0x08080808,0x08080808
	.word 0x08080808,0x08080808,0x08080808,0x08080808,0x08080808,0x08080808,0x08080808,0x08080808
	.word 0x08080808,0x08080808,0x08080808,0x08080808,0x08080808,0x08080808,0x08080808,0x08080808
	.word 0x08080808,0x08080808,0x08080808,0x08080808,0x08080808,0x08080808,0x08080808,0x08080808
	.word 0x08080808,0x08080808,0x08080808,0x08080808,0x08080808,0x08080808,0x08080808,0x08080808
	.word 0x08080808,0x08080808,0x08080808,0x08080808,0x08080808,0x08080808,0x08080808,0x08080808
	.word 0x08080808,0x08080808,0x08080808,0x08080808,0x08080808,0x08080808,0x08080808,0x08080808

	.word 0x08080808,0x08080808,0x08080808,0x08080808,0x08080808,0x08080808,0x08080808,0x08080808
	.word 0x08080808,0x08080808,0x08080808,0x08080808,0x08080808,0x08080808,0x08080808,0x08080808
	.word 0x08080808,0x08080808,0x08080808,0x08080808,0x08080808,0x08080808,0x08080808,0x08080808
	.word 0x08080808,0x08080808,0x08080808,0x08080808,0x08080808,0x08080808,0x08080808,0x08080808
	.word 0x08080808,0x08080808,0x08080808,0x08080808,0x08080808,0x08080808,0x08080808,0x08080808
	.word 0x08080808,0x08080808,0x08080808,0x08080808,0x08080808,0x08080808,0x08080808,0x08080808
	.word 0x08080808,0x08080808,0x08080808,0x08080808,0x08080808,0x08080808,0x08080808,0x08080808
	.word 0x08080808,0x08080808,0x08080808,0x08080808,0x08080808,0x08080808,0x08080808,0x08080808

	.word 0x08080808,0x08080808,0x08080808,0x08080808,0x08080808,0x08080808,0x08080808,0x08080808
	.word 0x08080808,0x08080808,0x08080808,0x08080808,0x08080808,0x08080808,0x08080808,0x08080808
	.word 0x08080808,0x08080808,0x08080808,0x08080808,0x08080808,0x08080808,0x08080808,0x08080808
	.word 0x08080808,0x08080808,0x08080808,0x08080808,0x08080808,0x08080808,0x08080808,0x08080808
	.word 0x08080808,0x08080808,0x08080808,0x08080808,0x08080808,0x08080808,0x08080808,0x08080808
	.word 0x08080808,0x08080808,0x08080808,0x08080808,0x08080808,0x08080808,0x08080808,0x08080808
	.word 0x08080808,0x08080808,0x08080808,0x08080808,0x08080808,0x08080808,0x08080808,0x08080808
	.word 0x08080808,0x08080808,0x08080808,0x08080808,0x08080808,0x08080808,0x08080808,0x08080808

	.word 0x08080808,0x08080808,0x08080808,0x08080808,0x08080808,0x08080808,0x08080808,0x08080808
	.word 0x08080808,0x08080808,0x08080808,0x08080808,0x08080808,0x08080808,0x08080808,0x08080808
	.word 0x08080808,0x08080808,0x08080808,0x08080808,0x08080808,0x08080808,0x08080808,0x08080808
	.word 0x08080808,0x08080808,0x08080808,0x08080808,0x08080808,0x08080808,0x08080808,0x08080808
	.word 0x08080808,0x08080808,0x08080808,0x08080808,0x08080808,0x08080808,0x08080808,0x08080808
	.word 0x08080808,0x08080808,0x08080808,0x08080808,0x08080808,0x08080808,0x08080808,0x08080808
	.word 0x08080808,0x08080808,0x08080808,0x08080808,0x08080808,0x08080808,0x08080808,0x08080808
	.word 0x08080808,0x08080808,0x08080808,0x08080808,0x08080808,0x08080808,0x08080808,0x08080808

	.word 0x08080808,0x08080808,0x08080808,0x08080808,0x08080808,0x08080808,0x08080808,0x08080808
	.word 0x08080808,0x08080808,0x08080808,0x08080808,0x08080808,0x08080808,0x08080808,0x08080808
	.word 0x08080808,0x08080808,0x08080808,0x08080808,0x08080808,0x08080808,0x08080808,0x08080808
	.word 0x08080808,0x08080808,0x08080808,0x08080808,0x08080808,0x08080808,0x08080808,0x08080808
	.word 0x08080808,0x08080808,0x08080808,0x08080808,0x08080808,0x08080808,0x08080808,0x08080808
	.word 0x08080808,0x08080808,0x08080808,0x08080808,0x08080808,0x08080808,0x08080808,0x08080808
	.word 0x08080808,0x08080808,0x08080808,0x08080808,0x08080808,0x08080808,0x08080808,0x08080808
	.word 0x08080808,0x08080808,0x08080808,0x08080808,0x08080808,0x08080808,0x08080808,0x08080808

	.word 0x08080808,0x08080808,0x08080808,0x08080808,0x08080808,0x08080808,0x08080808,0x08080808
	.word 0x08080808,0x08080808,0x08080808,0x08080808,0x08080808,0x08080808,0x08080808,0x08080808
	.word 0x08080808,0x08080808,0x08080808,0x08080808,0x08080808,0x08080808,0x08080808,0x08080808
	.word 0x08080808,0x08080808,0x08080808,0x08080808,0x08080808,0x08080808,0x08080808,0x08080808
	.word 0x08080808,0x08080808,0x08080808,0x08080808,0x08080808,0x08080808,0x08080808,0x08080808
	.word 0x08080808,0x08080808,0x08080808,0x08080808,0x08080808,0x08080808,0x08080808,0x08080808
	.word 0x08080808,0x08080808,0x08080808,0x08080808,0x08080808,0x08080808,0x08080808,0x08080808
	.word 0x08080808,0x08080808,0x08080808,0x08080808,0x08080808,0x08080808,0x08080808,0x08080808

	.word 0x08080808,0x08080808,0x08080808,0x08080808,0x08080808,0x08080808,0x08080808,0x08080808
	.word 0x08080808,0x08080808,0x08080808,0x08080808,0x08080808,0x08080808,0x08080808,0x08080808
	.word 0x08080808,0x08080808,0x08080808,0x08080808,0x08080808,0x08080808,0x08080808,0x08080808
	.word 0x08080808,0x08080808,0x08080808,0x08080808,0x08080808,0x08080808,0x08080808,0x08080808
	.word 0x08080808,0x08080808,0x08080808,0x08080808,0x08080808,0x08080808,0x08080808,0x08080808
	.word 0x08080808,0x08080808,0x08080808,0x08080808,0x08080808,0x08080808,0x08080808,0x08080808
	.word 0x08080808,0x08080808,0x08080808,0x08080808,0x08080808,0x08080808,0x08080808,0x08080808
	.word 0x08080808,0x08080808,0x08080808,0x08080808,0x08080808,0x08080808,0x08080808,0x08080808

	.word 0x08080808,0x08080808,0x08080808,0x08080808,0x08080808,0x08080808,0x08080808,0x08080808
	.word 0x08080808,0x08080808,0x08080808,0x08080808,0x08080808,0x08080808,0x08080808,0x08080808
	.word 0x08080808,0x08080808,0x08080808,0x08080808,0x08080808,0x08080808,0x08080808,0x08080808
	.word 0x08080808,0x08080808,0x08080808,0x08080808,0x08080808,0x08080808,0x08080808,0x08080808
	.word 0x08080808,0x08080808,0x08080808,0x08080808,0x08080808,0x08080808,0x08080808,0x08080808
	.word 0x08080808,0x08080808,0x08080808,0x08080808,0x08080808,0x08080808,0x08080808,0x08080808
	.word 0x08080808,0x08080808,0x08080808,0x08080808,0x08080808,0x08080808,0x08080808,0x08080808
	.word 0x08080808,0x08080808,0x08080808,0x08080808,0x08080808,0x08080808,0x08080808,0x08080808

	.word 0x08080808,0x08080808,0x08080808,0x08080808,0x08080808,0x08080808,0x08080808,0x08080808
	.word 0x08080808,0x08080808,0x08080808,0x08080808,0x08080808,0x08080808,0x08080808,0x08080808
	.word 0x08080808,0x08080808,0x08080808,0x08080808,0x08080808,0x08080808,0x08080808,0x08080808
	.word 0x08080808,0x08080808,0x08080808,0x08080808,0x08080808,0x08080808,0x08080808,0x08080808
	.word 0x08080808,0x08080808,0x08080808,0x08080808,0x08080808,0x08080808,0x08080808,0x08080808
	.word 0x08080808,0x08080808,0x08080808,0x08080808,0x08080808,0x08080808,0x08080808,0x08080808
	.word 0x08080808,0x08080808,0x08080808,0x08080808,0x08080808,0x08080808,0x08080808,0x08080808
	.word 0x08080808,0x08080808,0x08080808,0x08080808,0x08080808,0x08080808,0x08080808,0x08080808

	.word 0x08080808,0x08080808,0x08080808,0x08080808,0x08080808,0x08080808,0x08080808,0x08080808
	.word 0x08080808,0x08080808,0x08080808,0x08080808,0x08080808,0x08080808,0x08080808,0x08080808
	.word 0x08080808,0x08080808,0x08080808,0x08080808,0x08080808,0x08080808,0x08080808,0x08080808
	.word 0x08080808,0x08080808,0x08080808,0x08080808,0x08080808,0x08080808,0x08080808,0x08080808
	.word 0x08080808,0x08080808,0x08080808,0x08080808,0x08080808,0x08080808,0x08080808,0x08080808
	.word 0x08080808,0x08080808,0x08080808,0x08080808,0x08080808,0x08080808,0x08080808,0x08080808
	.word 0x08080808,0x08080808,0x08080808,0x08080808,0x08080808,0x08080808,0x08080808,0x08080808
	.word 0x08080808,0x08080808,0x08080808,0x08080808,0x08080808,0x08080808,0x08080808,0x08080808

	.word 0x08080808,0x08080808,0x08080808,0x08080808,0x08080808,0x08080808,0x08080808,0x08080808
	.word 0x08080808,0x08080808,0x08080808,0x08080808,0x08080808,0x08080808,0x08080808,0x08080808
	.word 0x08080808,0x08080808,0x08080808,0x08080808,0x08080808,0x08080808,0x08080808,0x08080808
	.word 0x08080808,0x08080808,0x08080808,0x08080808,0x08080808,0x08080808,0x08080808,0x08080808
	.word 0x08080808,0x08080808,0x08080808,0x08080808,0x08080808,0x08080808,0x08080808,0x08080808
	.word 0x08080808,0x08080808,0x08080808,0x08080808,0x08080808,0x08080808,0x08080808,0x08080808
	.word 0x08080808,0x08080808,0x08080808,0x08080808,0x08080808,0x08080808,0x08080808,0x08080808
	.word 0x08080808,0x08080808,0x08080808,0x08080808,0x08080808,0x08080808,0x08080808,0x08080808

	.word 0x08080808,0x08080808,0x08080808,0x08080808,0x08080808,0x08080808,0x08080808,0x08080808
	.word 0x08080808,0x08080808,0x08080808,0x08080808,0x08080808,0x08080808,0x08080808,0x08080808
	.word 0x08080808,0x08080808,0x08080808,0x08080808,0x08080808,0x08080808,0x08080808,0x08080808
	.word 0x08080808,0x08080808,0x08080808,0x08080808,0x08080808,0x08080808,0x08080808,0x08080808
	.word 0x08080808,0x08080808,0x08080808,0x08080808,0x08080808,0x08080808,0x08080808,0x08080808
	.word 0x08080808,0x08080808,0x08080808,0x08080808,0x08080808,0x08080808,0x08080808,0x08080808
	.word 0x08080808,0x08080808,0x08080808,0x08080808,0x08080808,0x08080808,0x08080808,0x08080808
	.word 0x08080808,0x08080808,0x08080808,0x08080808,0x08080808,0x08080808,0x08080808,0x08080808

	.word 0x08080808,0x08080808,0x08080808,0x08080808,0x08080808,0x08080808,0x08080808,0x08080808
	.word 0x08080808,0x08080808,0x08080808,0x08080808,0x08080808,0x08080808,0x08080808,0x08080808
	.word 0x08080808,0x08080808,0x08080808,0x08080808,0x08080808,0x08080808,0x08080808,0x08080808
	.word 0x08080808,0x08080808,0x08080808,0x08080808,0x08080808,0x08080808,0x08080808,0x08080808
	.word 0x08080808,0x08080808,0x08080808,0x08080808,0x08080808,0x08080808,0x08080808,0x08080808
	.word 0x08080808,0x08080808,0x08080808,0x08080808,0x08080808,0x08080808,0x08080808,0x08080808
	.word 0x08080808,0x08080808,0x08080808,0x08080808,0x08080808,0x08080808,0x08080808,0x08080808
	.word 0x08080808,0x08080808,0x08080808,0x08080808,0x08080808,0x08080808,0x08080808,0x08080808

	.word 0x08080808,0x08080808,0x08080808,0x08080808,0x08080808,0x08080808,0x08080808,0x08080808
	.word 0x08080808,0x08080808,0x08080808,0x08080808,0x08080808,0x08080808,0x08080808,0x08080808
	.word 0x08080808,0x08080808,0x08080808,0x08080808,0x08080808,0x08080808,0x08080808,0x08080808
	.word 0x08080808,0x08080808,0x08080808,0x08080808,0x08080808,0x08080808,0x08080808,0x08080808
	.word 0x08080808,0x08080808,0x08080808,0x08080808,0x08080808,0x08080808,0x08080808,0x08080808
	.word 0x08080808,0x08080808,0x08080808,0x08080808,0x08080808,0x08080808,0x08080808,0x08080808
	.word 0x08080808,0x08080808,0x08080808,0x08080808,0x08080808,0x08080808,0x08080808,0x08080808
	.word 0x08080808,0x08080808,0x08080808,0x08080808,0x08080808,0x08080808,0x08080808,0x08080808

	.word 0x08080808,0x08080808,0x08080808,0x08080808,0x08080808,0x08080808,0x08080808,0x08080808
	.word 0x08080808,0x08080808,0x08080808,0x08080808,0x08080808,0x08080808,0x08080808,0x08080808
	.word 0x08080808,0x08080808,0x08080808,0x08080808,0x08080808,0x08080808,0x08080808,0x08080808
	.word 0x08080808,0x08080808,0x08080808,0x08080808,0x08080808,0x08080808,0x08080808,0x08080808
	.word 0x08080808,0x08080808,0x08080808,0x08080808,0x08080808,0x08080808,0x08080808,0x08080808
	.word 0x08080808,0x08080808,0x08080808,0x08080808,0x08080808,0x08080808,0x08080808,0x08080808
	.word 0x08080808,0x08080808,0x08080808,0x08080808,0x08080808,0x08080808,0x08080808,0x08080808
	.word 0x08080808,0x08080808,0x08080808,0x08080808,0x08080808,0x08080808,0x08080808,0x08080808

	.word 0x08080808,0x08080808,0x08080808,0x08080808,0x08080808,0x08080808,0x08080808,0x08080808
	.word 0x08080808,0x08080808,0x08080808,0x08080808,0x08080808,0x08080808,0x08080808,0x08080808
	.word 0x08080808,0x08080808,0x08080808,0x08080808,0x08080808,0x08080808,0x08080808,0x08080808
	.word 0x08080808,0x08080808,0x08080808,0x08080808,0x08080808,0x08080808,0x08080808,0x08080808
	.word 0x08080808,0x08080808,0x08080808,0x08080808,0x08080808,0x08080808,0x08080808,0x08080808
	.word 0x08080808,0x08080808,0x08080808,0x08080808,0x08080808,0x08080808,0x08080808,0x08080808
	.word 0x08080808,0x08080808,0x08080808,0x08080808,0x08080808,0x08080808,0x08080808,0x08080808
	.word 0x08080808,0x08080808,0x08080808,0x08080808,0x08080808,0x08080808,0x08080808,0x08080808

	.word 0x08080808,0x08080808,0x08080808,0x08080808,0x08080808,0x08080808,0x08080808,0x08080808
	.word 0x08080808,0x08080808,0x08080808,0x08080808,0x08080808,0x08080808,0x08080808,0x08080808
	.word 0x08080808,0x08080808,0x08080808,0x08080808,0x08080808,0x08080808,0x08080808,0x08080808
	.word 0x08080808,0x08080808,0x08080808,0x08080808,0x08080808,0x08080808,0x08080808,0x08080808
	.word 0x08080808,0x08080808,0x08080808,0x08080808,0x08080808,0x08080808,0x08080808,0x08080808
	.word 0x08080808,0x08080808,0x08080808,0x08080808,0x08080808,0x08080808,0x08080808,0x08080808
	.word 0x08080808,0x08080808,0x08080808,0x08080808,0x08080808,0x08080808,0x08080808,0x08080808
	.word 0x08080808,0x08080808,0x08080808,0x08080808,0x08080808,0x08080808,0x08080808,0x08080808

	.word 0x08080808,0x08080808,0x08080808,0x08080808,0x08080808,0x08080808,0x08080808,0x08080808
	.word 0x08080808,0x08080808,0x08080808,0x08080808,0x08080808,0x08080808,0x08080808,0x08080808
	.word 0x08080808,0x08080808,0x08080808,0x08080808,0x08080808,0x08080808,0x08080808,0x08080808
	.word 0x08080808,0x08080808,0x08080808,0x08080808,0x08080808,0x08080808,0x08080808,0x08080808
	.word 0x08080808,0x08080808,0x08080808,0x08080808,0x08080808,0x08080808,0x08080808,0x08080808
	.word 0x08080808,0x08080808,0x08080808,0x08080808,0x08080808,0x08080808,0x08080808,0x08080808
	.word 0x08080808,0x08080808,0x08080808,0x08080808,0x08080808,0x08080808,0x08080808,0x08080808
	.word 0x08080808,0x08080808,0x08080808,0x08080808,0x08080808,0x08080808,0x08080808,0x08080808

	.word 0x08080808,0x08080808,0x08080808,0x08080808,0x08080808,0x08080808,0x08080808,0x08080808
	.word 0x08080808,0x08080808,0x08080808,0x08080808,0x08080808,0x08080808,0x08080808,0x08080808
	.word 0x08080808,0x08080808,0x08080808,0x08080808,0x08080808,0x08080808,0x08080808,0x08080808
	.word 0x08080808,0x08080808,0x08080808,0x08080808,0x08080808,0x08080808,0x08080808,0x08080808
	.word 0x08080808,0x08080808,0x08080808,0x08080808,0x08080808,0x08080808,0x08080808,0x08080808
	.word 0x08080808,0x08080808,0x08080808,0x08080808,0x08080808,0x08080808,0x08080808,0x08080808
	.word 0x08080808,0x08080808,0x08080808,0x08080808,0x08080808,0x08080808,0x08080808,0x08080808
	.word 0x08080808,0x08080808,0x08080808,0x08080808,0x08080808,0x08080808,0x08080808,0x08080808

	.word 0x08080808,0x08080808,0x08080808,0x08080808,0x08080808,0x08080808,0x08080808,0x08080808
	.word 0x08080808,0x08080808,0x08080808,0x08080808,0x08080808,0x08080808,0x08080808,0x08080808
	.word 0x08080808,0x08080808,0x08080808,0x08080808,0x08080808,0x08080808,0x08080808,0x08080808
	.word 0x08080808,0x08080808,0x08080808,0x08080808,0x08080808,0x08080808,0x08080808,0x08080808
	.word 0x08080808,0x08080808,0x08080808,0x08080808,0x08080808,0x08080808,0x08080808,0x08080808
	.word 0x08080808,0x08080808,0x08080808,0x08080808,0x08080808,0x08080808,0x08080808,0x08080808
	.word 0x08080808,0x08080808,0x08080808,0x08080808,0x08080808,0x08080808,0x08080808,0x08080808
	.word 0x08080808,0x08080808,0x08080808,0x08080808,0x08080808,0x08080808,0x08080808,0x08080808

	.word 0x08080808,0x08080808,0x08080808,0x08080808,0x08080808,0x08080808,0x08080808,0x08080808
	.word 0x08080808,0x08080808,0x08080808,0x08080808,0x08080808,0x08080808,0x08080808,0x08080808
	.word 0x08080808,0x08080808,0x08080808,0x08080808,0x08080808,0x08080808,0x08080808,0x08080808
	.word 0x08080808,0x08080808,0x08080808,0x08080808,0x08080808,0x08080808,0x08080808,0x08080808
	.word 0x08080808,0x08080808,0x08080808,0x08080808,0x08080808,0x08080808,0x08080808,0x08080808
	.word 0x08080808,0x08080808,0x08080808,0x08080808,0x08080808,0x08080808,0x08080808,0x08080808
	.word 0x08080808,0x08080808,0x08080808,0x08080808,0x08080808,0x08080808,0x08080808,0x08080808
	.word 0x08080808,0x08080808,0x08080808,0x08080808,0x08080808,0x08080808,0x08080808,0x08080808

	.word 0x08080808,0x08080808,0x08080808,0x08080808,0x08080808,0x08080808,0x08080808,0x08080808
	.word 0x08080808,0x08080808,0x08080808,0x08080808,0x08080808,0x08080808,0x08080808,0x08080808
	.word 0x08080808,0x08080808,0x08080808,0x08080808,0x08080808,0x08080808,0x08080808,0x08080808
	.word 0x08080808,0x08080808,0x08080808,0x08080808,0x08080808,0x08080808,0x08080808,0x08080808
	.word 0x08080808,0x08080808,0x08080808,0x08080808,0x08080808,0x08080808,0x08080808,0x08080808
	.word 0x08080808,0x08080808,0x08080808,0x08080808,0x08080808,0x08080808,0x08080808,0x08080808
	.word 0x08080808,0x08080808,0x08080808,0x08080808,0x08080808,0x08080808,0x08080808,0x08080808
	.word 0x08080808,0x08080808,0x08080808,0x08080808,0x08080808,0x08080808,0x08080808,0x08080808

	.word 0x08080808,0x08080808,0x08080808,0x08080808,0x08080808,0x08080808,0x08080808,0x08080808
	.word 0x08080808,0x08080808,0x08080808,0x08080808,0x08080808,0x08080808,0x08080808,0x08080808
	.word 0x08080808,0x08080808,0x08080808,0x08080808,0x08080808,0x08080808,0x08080808,0x08080808
	.word 0x08080808,0x08080808,0x08080808,0x08080808,0x08080808,0x08080808,0x08080808,0x08080808
	.word 0x08080808,0x08080808,0x08080808,0x08080808,0x08080808,0x08080808,0x08080808,0x08080808
	.word 0x08080808,0x08080808,0x08080808,0x08080808,0x08080808,0x08080808,0x08080808,0x08080808
	.word 0x08080808,0x08080808,0x08080808,0x08080808,0x08080808,0x08080808,0x08080808,0x08080808
	.word 0x08080808,0x08080808,0x08080808,0x08080808,0x08080808,0x08080808,0x08080808,0x08080808

	.word 0x08080808,0x08080808,0x08080808,0x08080808,0x08080808,0x08080808,0x08080808,0x08080808
	.word 0x08080808,0x08080808,0x08080808,0x08080808,0x08080808,0x08080808,0x08080808,0x08080808
	.word 0x08080808,0x08080808,0x08080808,0x08080808,0x08080808,0x08080808,0x08080808,0x08080808
	.word 0x08080808,0x08080808,0x08080808,0x08080808,0x08080808,0x08080808,0x08080808,0x08080808
	.word 0x08080808,0x08080808,0x08080808,0x08080808,0x08080808,0x08080808,0x08080808,0x08080808
	.word 0x08080808,0x08080808,0x08080808,0x08080808,0x08080808,0x08080808,0x08080808,0x08080808
	.word 0x08080808,0x08080808,0x08080808,0x08080808,0x08080808,0x08080808,0x08080808,0x08080808
	.word 0x08080808,0x08080808,0x08080808,0x08080808,0x08080808,0x08080808,0x08080808,0x08080808

	.word 0x08080808,0x08080808,0x08080808,0x08080808,0x08080808,0x08080808,0x08080808,0x08080808
	.word 0x08080808,0x08080808,0x08080808,0x08080808,0x08080808,0x08080808,0x08080808,0x08080808
	.word 0x08080808,0x08080808,0x08080808,0x08080808,0x08080808,0x08080808,0x08080808,0x08080808
	.word 0x08080808,0x08080808,0x08080808,0x08080808,0x08080808,0x08080808,0x08080808,0x08080808
	.word 0x08080808,0x08080808,0x08080808,0x08080808,0x08080808,0x08080808,0x08080808,0x08080808
	.word 0x08080808,0x08080808,0x08080808,0x08080808,0x08080808,0x08080808,0x08080808,0x08080808
	.word 0x08080808,0x08080808,0x08080808,0x08080808,0x08080808,0x08080808,0x08080808,0x08080808
	.word 0x08080808,0x08080808,0x08080808,0x08080808,0x08080808,0x08080808,0x08080808,0x08080808

	.word 0x08080808,0x08080808,0x08080808,0x08080808,0x08080808,0x08080808,0x08080808,0x08080808
	.word 0x08080808,0x08080808,0x08080808,0x08080808,0x08080808,0x08080808,0x08080808,0x08080808
	.word 0x08080808,0x08080808,0x08080808,0x08080808,0x08080808,0x08080808,0x08080808,0x08080808
	.word 0x08080808,0x08080808,0x08080808,0x08080808,0x08080808,0x08080808,0x08080808,0x08080808
	.word 0x08080808,0x08080808,0x08080808,0x08080808,0x08080808,0x08080808,0x08080808,0x08080808
	.word 0x08080808,0x08080808,0x08080808,0x08080808,0x08080808,0x08080808,0x08080808,0x08080808
	.word 0x08080808,0x08080808,0x08080808,0x08080808,0x08080808,0x08080808,0x08080808,0x08080808
	.word 0x08080808,0x08080808,0x08080808,0x08080808,0x08080808,0x08080808,0x08080808,0x08080808

	.word 0x08080808,0x08080808,0x08080808,0x08080808,0x08080808,0x08080808,0x08080808,0x08080808
	.word 0x08080808,0x08080808,0x08080808,0x08080808,0x08080808,0x08080808,0x08080808,0x08080808
	.word 0x08080808,0x08080808,0x08080808,0x08080808,0x08080808,0x08080808,0x08080808,0x08080808
	.word 0x08080808,0x08080808,0x08080808,0x08080808,0x08080808,0x08080808,0x08080808,0x08080808
	.word 0x08080808,0x08080808,0x08080808,0x08080808,0x08080808,0x08080808,0x08080808,0x08080808
	.word 0x08080808,0x08080808,0x08080808,0x08080808,0x08080808,0x08080808,0x08080808,0x08080808
	.word 0x08080808,0x08080808,0x08080808,0x08080808,0x08080808,0x08080808,0x08080808,0x08080808
	.word 0x08080808,0x08080808,0x08080808,0x08080808,0x08080808,0x08080808,0x08080808,0x08080808

	.word 0x08080808,0x08080808,0x08080808,0x08080808,0x08080808,0x08080808,0x08080808,0x08080808
	.word 0x08080808,0x08080808,0x08080808,0x08080808,0x08080808,0x08080808,0x08080808,0x08080808
	.word 0x08080808,0x08080808,0x08080808,0x08080808,0x08080808,0x08080808,0x08080808,0x08080808
	.word 0x08080808,0x08080808,0x08080808,0x08080808,0x08080808,0x08080808,0x08080808,0x08080808
	.word 0x08080808,0x08080808,0x08080808,0x08080808,0x08080808,0x08080808,0x08080808,0x08080808
	.word 0x08080808,0x08080808,0x08080808,0x08080808,0x08080808,0x08080808,0x08080808,0x08080808
	.word 0x08080808,0x08080808,0x08080808,0x08080808,0x08080808,0x08080808,0x08080808,0x08080808
	.word 0x08080808,0x08080808,0x08080808,0x08080808,0x08080808,0x08080808,0x08080808,0x08080808

	.word 0x08080808,0x08080808,0x08080808,0x08080808,0x08080808,0x08080808,0x08080808,0x08080808
	.word 0x08080808,0x08080808,0x08080808,0x08080808,0x08080808,0x08080808,0x08080808,0x08080808
	.word 0x08080808,0x08080808,0x08080808,0x08080808,0x08080808,0x08080808,0x08080808,0x08080808
	.word 0x08080808,0x08080808,0x08080808,0x08080808,0x08080808,0x08080808,0x08080808,0x08080808
	.word 0x08080808,0x08080808,0x08080808,0x08080808,0x08080808,0x08080808,0x08080808,0x08080808
	.word 0x08080808,0x08080808,0x08080808,0x08080808,0x08080808,0x08080808,0x08080808,0x08080808
	.word 0x08080808,0x08080808,0x08080808,0x08080808,0x08080808,0x08080808,0x08080808,0x08080808
	.word 0x08080808,0x08080808,0x08080808,0x08080808,0x08080808,0x08080808,0x08080808,0x08080808

	.word 0x08080808,0x08080808,0x08080808,0x08080808,0x08080808,0x08080808,0x08080808,0x08080808
	.word 0x08080808,0x08080808,0x08080808,0x08080808,0x08080808,0x08080808,0x08080808,0x08080808
	.word 0x08080808,0x08080808,0x08080808,0x08080808,0x08080808,0x08080808,0x08080808,0x08080808
	.word 0x08080808,0x08080808,0x08080808,0x08080808,0x08080808,0x08080808,0x08080808,0x08080808
	.word 0x08080808,0x08080808,0x08080808,0x08080808,0x08080808,0x08080808,0x08080808,0x08080808
	.word 0x08080808,0x08080808,0x08080808,0x08080808,0x08080808,0x08080808,0x08080808,0x08080808
	.word 0x08080808,0x08080808,0x08080808,0x08080808,0x08080808,0x08080808,0x08080808,0x08080808
	.word 0x08080808,0x08080808,0x08080808,0x08080808,0x08080808,0x08080808,0x08080808,0x08080808

	.word 0x08080808,0x08080808,0x08080808,0x08080808,0x08080808,0x08080808,0x08080808,0x08080808
	.word 0x08080808,0x08080808,0x08080808,0x08080808,0x08080808,0x08080808,0x08080808,0x08080808
	.word 0x08080808,0x08080808,0x08080808,0x08080808,0x08080808,0x08080808,0x08080808,0x08080808
	.word 0x08080808,0x08080808,0x08080808,0x08080808,0x08080808,0x08080808,0x08080808,0x08080808
	.word 0x08080808,0x08080808,0x08080808,0x08080808,0x08080808,0x08080808,0x08080808,0x08080808
	.word 0x08080808,0x08080808,0x08080808,0x08080808,0x08080808,0x08080808,0x08080808,0x08080808
	.word 0x08080808,0x08080808,0x08080808,0x08080808,0x08080808,0x08080808,0x08080808,0x08080808
	.word 0x08080808,0x08080808,0x08080808,0x08080808,0x08080808,0x08080808,0x08080808,0x08080808

	.word 0x08080808,0x08080808,0x08080808,0x08080808,0x08080808,0x08080808,0x08080808,0x08080808
	.word 0x08080808,0x08080808,0x08080808,0x08080808,0x08080808,0x08080808,0x08080808,0x08080808
	.word 0x08080808,0x08080808,0x08080808,0x08080808,0x08080808,0x08080808,0x08080808,0x08080808
	.word 0x08080808,0x08080808,0x08080808,0x08080808,0x08080808,0x08080808,0x08080808,0x08080808
	.word 0x08080808,0x08080808,0x08080808,0x08080808,0x08080808,0x08080808,0x08080808,0x08080808
	.word 0x08080808,0x08080808,0x08080808,0x08080808,0x08080808,0x08080808,0x08080808,0x08080808
	.word 0x08080808,0x08080808,0x08080808,0x08080808,0x08080808,0x08080808,0x08080808,0x08080808
	.word 0x08080808,0x08080808,0x08080808,0x08080808,0x08080808,0x08080808,0x08080808,0x08080808

	.word 0x08080808,0x08080808,0x08080808,0x08080808,0x08080808,0x08080808,0x08080808,0x08080808
	.word 0x08080808,0x08080808,0x08080808,0x08080808,0x08080808,0x08080808,0x08080808,0x08080808
	.word 0x08080808,0x08080808,0x08080808,0x08080808,0x08080808,0x08080808,0x08080808,0x08080808
	.word 0x08080808,0x08080808,0x08080808,0x08080808,0x08080808,0x08080808,0x08080808,0x08080808
	.word 0x08080808,0x08080808,0x08080808,0x08080808,0x08080808,0x08080808,0x08080808,0x08080808
	.word 0x08080808,0x08080808,0x08080808,0x08080808,0x08080808,0x08080808,0x08080808,0x08080808
	.word 0x08080808,0x08080808,0x08080808,0x08080808,0x08080808,0x08080808,0x08080808,0x08080808
	.word 0x08080808,0x08080808,0x08080808,0x08080808,0x08080808,0x08080808,0x08080808,0x08080808

	.word 0x08080808,0x08080808,0x08080808,0x08080808,0x08080808,0x08080808,0x08080808,0x08080808
	.word 0x08080808,0x08080808,0x08080808,0x08080808,0x08080808,0x08080808,0x08080808,0x08080808
	.word 0x08080808,0x08080808,0x08080808,0x08080808,0x08080808,0x08080808,0x08080808,0x08080808
	.word 0x08080808,0x08080808,0x08080808,0x08080808,0x08080808,0x08080808,0x08080808,0x08080808
	.word 0x08080808,0x08080808,0x08080808,0x08080808,0x08080808,0x08080808,0x08080808,0x08080808
	.word 0x08080808,0x08080808,0x08080808,0x08080808,0x08080808,0x08080808,0x08080808,0x08080808
	.word 0x08080808,0x08080808,0x08080808,0x08080808,0x08080808,0x08080808,0x08080808,0x08080808
	.word 0x08080808,0x08080808,0x08080808,0x08080808,0x08080808,0x08080808,0x08080808,0x08080808

	.word 0x08080808,0x08080808,0x08080808,0x08080808,0x08080808,0x08080808,0x08080808,0x08080808
	.word 0x08080808,0x08080808,0x08080808,0x08080808,0x08080808,0x08080808,0x08080808,0x08080808
	.word 0x08080808,0x08080808,0x08080808,0x08080808,0x08080808,0x08080808,0x08080808,0x08080808
	.word 0x08080808,0x08080808,0x08080808,0x08080808,0x08080808,0x08080808,0x08080808,0x08080808
	.word 0x08080808,0x08080808,0x08080808,0x08080808,0x08080808,0x08080808,0x08080808,0x08080808
	.word 0x08080808,0x08080808,0x08080808,0x08080808,0x08080808,0x08080808,0x08080808,0x08080808
	.word 0x08080808,0x08080808,0x08080808,0x08080808,0x08080808,0x08080808,0x08080808,0x08080808
	.word 0x08080808,0x08080808,0x08080808,0x08080808,0x08080808,0x08080808,0x08080808,0x08080808

	.word 0x08080808,0x08080808,0x08080808,0x08080808,0x08080808,0x08080808,0x08080808,0x08080808
	.word 0x08080808,0x08080808,0x08080808,0x08080808,0x08080808,0x08080808,0x08080808,0x08080808
	.word 0x08080808,0x08080808,0x08080808,0x08080808,0x08080808,0x08080808,0x08080808,0x08080808
	.word 0x08080808,0x08080808,0x08080808,0x08080808,0x08080808,0x08080808,0x08080808,0x08080808
	.word 0x08080808,0x08080808,0x08080808,0x08080808,0x08080808,0x08080808,0x08080808,0x08080808
	.word 0x08080808,0x08080808,0x08080808,0x08080808,0x08080808,0x08080808,0x08080808,0x08080808
	.word 0x08080808,0x08080808,0x08080808,0x08080808,0x08080808,0x08080808,0x08080808,0x08080808
	.word 0x08080808,0x08080808,0x08080808,0x08080808,0x08080808,0x08080808,0x08080808,0x08080808

	.word 0x08080808,0x08080808,0x08080808,0x08080808,0x08080808,0x08080808,0x08080808,0x08080808
	.word 0x08080808,0x08080808,0x08080808,0x08080808,0x08080808,0x08080808,0x08080808,0x08080808
	.word 0x08080808,0x08080808,0x08080808,0x08080808,0x08080808,0x08080808,0x08080808,0x08080808
	.word 0x08080808,0x08080808,0x08080808,0x08080808,0x08080808,0x08080808,0x08080808,0x08080808
	.word 0x08080808,0x08080808,0x08080808,0x08080808,0x08080808,0x08080808,0x08080808,0x08080808
	.word 0x08080808,0x08080808,0x08080808,0x08080808,0x08080808,0x08080808,0x08080808,0x08080808
	.word 0x08080808,0x08080808,0x08080808,0x08080808,0x08080808,0x08080808,0x08080808,0x08080808
	.word 0x08080808,0x08080808,0x08080808,0x08080808,0x08080808,0x08080808,0x08080808,0x08080808

	.word 0x08080808,0x08080808,0x08080808,0x08080808,0x08080808,0x08080808,0x08080808,0x08080808
	.word 0x08080808,0x08080808,0x08080808,0x08080808,0x08080808,0x08080808,0x08080808,0x08080808
	.word 0x08080808,0x08080808,0x08080808,0x08080808,0x08080808,0x08080808,0x08080808,0x08080808
	.word 0x08080808,0x08080808,0x08080808,0x08080808,0x08080808,0x08080808,0x08080808,0x08080808
	.word 0x08080808,0x08080808,0x08080808,0x08080808,0x08080808,0x08080808,0x08080808,0x08080808
	.word 0x08080808,0x08080808,0x08080808,0x08080808,0x08080808,0x08080808,0x08080808,0x08080808
	.word 0x08080808,0x08080808,0x08080808,0x08080808,0x08080808,0x08080808,0x08080808,0x08080808
	.word 0x08080808,0x08080808,0x08080808,0x08080808,0x08080808,0x08080808,0x08080808,0x08080808

	.word 0x08080808,0x08080808,0x08080808,0x08080808,0x08080808,0x08080808,0x08080808,0x08080808
	.word 0x08080808,0x08080808,0x08080808,0x08080808,0x08080808,0x08080808,0x08080808,0x08080808
	.word 0x08080808,0x08080808,0x08080808,0x08080808,0x08080808,0x08080808,0x08080808,0x08080808
	.word 0x08080808,0x08080808,0x08080808,0x08080808,0x08080808,0x08080808,0x08080808,0x08080808
	.word 0x08080808,0x08080808,0x08080808,0x08080808,0x08080808,0x08080808,0x08080808,0x08080808
	.word 0x08080808,0x08080808,0x08080808,0x08080808,0x08080808,0x08080808,0x08080808,0x08080808
	.word 0x08080808,0x08080808,0x08080808,0x08080808,0x08080808,0x08080808,0x08080808,0x08080808
	.word 0x08080808,0x08080808,0x08080808,0x08080808,0x08080808,0x08080808,0x08080808,0x08080808

	.word 0x08080808,0x08080808,0x08080808,0x08080808,0x08080808,0x08080808,0x08080808,0x08080808
	.word 0x08080808,0x08080808,0x08080808,0x08080808,0x08080808,0x08080808,0x08080808,0x08080808
	.word 0x08080808,0x08080808,0x08080808,0x08080808,0x08080808,0x08080808,0x08080808,0x08080808
	.word 0x08080808,0x08080808,0x08080808,0x08080808,0x08080808,0x08080808,0x08080808,0x08080808
	.word 0x08080808,0x08080808,0x08080808,0x08080808,0x08080808,0x08080808,0x08080808,0x08080808
	.word 0x08080808,0x08080808,0x08080808,0x08080808,0x08080808,0x08080808,0x08080808,0x08080808
	.word 0x08080808,0x08080808,0x08080808,0x08080808,0x08080808,0x08080808,0x08080808,0x08080808
	.word 0x08080808,0x08080808,0x08080808,0x08080808,0x08080808,0x08080808,0x08080808,0x08080808

	.word 0x08080808,0x08080808,0x08080808,0x08080808,0x08080808,0x08080808,0x08080808,0x08080808
	.word 0x08080808,0x08080808,0x08080808,0x08080808,0x08080808,0x08080808,0x08080808,0x08080808
	.word 0x08080808,0x08080808,0x08080808,0x08080808,0x08080808,0x08080808,0x08080808,0x08080808
	.word 0x08080808,0x08080808,0x08080808,0x08080808,0x08080808,0x08080808,0x08080808,0x08080808
	.word 0x08080808,0x08080808,0x08080808,0x08080808,0x08080808,0x08080808,0x08080808,0x08080808
	.word 0x08080808,0x08080808,0x08080808,0x08080808,0x08080808,0x08080808,0x08080808,0x08080808
	.word 0x08080808,0x08080808,0x08080808,0x08080808,0x08080808,0x08080808,0x08080808,0x08080808
	.word 0x08080808,0x08080808,0x08080808,0x08080808,0x08080808,0x08080808,0x08080808,0x08080808

	.word 0x08080808,0x08080808,0x08080808,0x08080808,0x08080808,0x08080808,0x08080808,0x08080808
	.word 0x08080808,0x08080808,0x08080808,0x08080808,0x08080808,0x08080808,0x08080808,0x08080808
	.word 0x08080808,0x08080808,0x08080808,0x08080808,0x08080808,0x08080808,0x08080808,0x08080808
	.word 0x08080808,0x08080808,0x08080808,0x08080808,0x08080808,0x08080808,0x08080808,0x08080808
	.word 0x08080808,0x08080808,0x08080808,0x08080808,0x08080808,0x08080808,0x08080808,0x08080808
	.word 0x08080808,0x08080808,0x08080808,0x08080808,0x08080808,0x08080808,0x08080808,0x08080808
	.word 0x08080808,0x08080808,0x08080808,0x08080808,0x08080808,0x08080808,0x08080808,0x08080808
	.word 0x08080808,0x08080808,0x08080808,0x08080808,0x08080808,0x08080808,0x08080808,0x08080808

	.word 0x08080808,0x08080808,0x08080808,0x08080808,0x08080808,0x08080808,0x08080808,0x08080808
	.word 0x08080808,0x08080808,0x08080808,0x08080808,0x08080808,0x08080808,0x08080808,0x08080808
	.word 0x08080808,0x08080808,0x08080808,0x08080808,0x08080808,0x08080808,0x08080808,0x08080808
	.word 0x08080808,0x08080808,0x08080808,0x08080808,0x08080808,0x08080808,0x08080808,0x08080808
	.word 0x08080808,0x08080808,0x08080808,0x08080808,0x08080808,0x08080808,0x08080808,0x08080808
	.word 0x08080808,0x08080808,0x08080808,0x08080808,0x08080808,0x08080808,0x08080808,0x08080808
	.word 0x08080808,0x08080808,0x08080808,0x08080808,0x08080808,0x08080808,0x08080808,0x08080808
	.word 0x08080808,0x08080808,0x08080808,0x08080808,0x08080808,0x08080808,0x08080808,0x08080808

	.word 0x08080808,0x08080808,0x08080808,0x08080808,0x08080808,0x08080808,0x08080808,0x08080808
	.word 0x08080808,0x08080808,0x08080808,0x08080808,0x08080808,0x08080808,0x08080808,0x08080808
	.word 0x08080808,0x08080808,0x08080808,0x08080808,0x08080808,0x08080808,0x08080808,0x08080808
	.word 0x08080808,0x08080808,0x08080808,0x08080808,0x08080808,0x08080808,0x08080808,0x08080808
	.word 0x08080808,0x08080808,0x08080808,0x08080808,0x08080808,0x08080808,0x08080808,0x08080808
	.word 0x08080808,0x08080808,0x08080808,0x08080808,0x08080808,0x08080808,0x08080808,0x08080808
	.word 0x08080808,0x08080808,0x08080808,0x08080808,0x08080808,0x08080808,0x08080808,0x08080808
	.word 0x08080808,0x08080808,0x08080808,0x08080808,0x08080808,0x08080808,0x08080808,0x08080808

	.word 0x08080808,0x08080808,0x08080808,0x08080808,0x08080808,0x08080808,0x08080808,0x08080808
	.word 0x08080808,0x08080808,0x08080808,0x08080808,0x08080808,0x08080808,0x08080808,0x08080808
	.word 0x08080808,0x08080808,0x08080808,0x08080808,0x08080808,0x08080808,0x08080808,0x08080808
	.word 0x08080808,0x08080808,0x08080808,0x08080808,0x08080808,0x08080808,0x08080808,0x08080808
	.word 0x08080808,0x08080808,0x08080808,0x08080808,0x08080808,0x08080808,0x08080808,0x08080808
	.word 0x08080808,0x08080808,0x08080808,0x08080808,0x08080808,0x08080808,0x08080808,0x08080808
	.word 0x08080808,0x08080808,0x08080808,0x08080808,0x08080808,0x08080808,0x08080808,0x08080808
	.word 0x08080808,0x08080808,0x08080808,0x08080808,0x08080808,0x08080808,0x08080808,0x08080808

	.word 0x08080808,0x08080808,0x08080808,0x08080808,0x08080808,0x08080808,0x08080808,0x08080808
	.word 0x08080808,0x08080808,0x08080808,0x08080808,0x08080808,0x08080808,0x08080808,0x08080808
	.word 0x08080808,0x08080808,0x08080808,0x08080808,0x08080808,0x08080808,0x08080808,0x08080808
	.word 0x08080808,0x08080808,0x08080808,0x08080808,0x08080808,0x08080808,0x08080808,0x08080808
	.word 0x08080808,0x08080808,0x08080808,0x08080808,0x08080808,0x08080808,0x08080808,0x08080808
	.word 0x08080808,0x08080808,0x08080808,0x08080808,0x08080808,0x08080808,0x08080808,0x08080808
	.word 0x08080808,0x08080808,0x08080808,0x08080808,0x08080808,0x08080808,0x08080808,0x08080808
	.word 0x08080808,0x08080808,0x08080808,0x08080808,0x08080808,0x08080808,0x08080808,0x08080808

	.word 0x08080808,0x08080808,0x08080808,0x08080808,0x08080808,0x08080808,0x08080808,0x08080808
	.word 0x08080808,0x08080808,0x08080808,0x08080808,0x08080808,0x08080808,0x08080808,0x08080808
	.word 0x08080808,0x08080808,0x08080808,0x08080808,0x08080808,0x08080808,0x08080808,0x08080808
	.word 0x08080808,0x08080808,0x08080808,0x08080808,0x08080808,0x08080808,0x08080808,0x08080808
	.word 0x08080808,0x08080808,0x08080808,0x08080808,0x08080808,0x08080808,0x08080808,0x08080808
	.word 0x08080808,0x08080808,0x08080808,0x08080808,0x08080808,0x08080808,0x08080808,0x08080808
	.word 0x08080808,0x08080808,0x08080808,0x08080808,0x08080808,0x08080808,0x08080808,0x08080808
	.word 0x08080808,0x08080808,0x08080808,0x08080808,0x08080808,0x08080808,0x08080808,0x08080808

	.word 0x08080808,0x08080808,0x08080808,0x08080808,0x08080808,0x08080808,0x08080808,0x08080808
	.word 0x08080808,0x08080808,0x08080808,0x08080808,0x08080808,0x08080808,0x08080808,0x08080808
	.word 0x08080808,0x08080808,0x08080808,0x08080808,0x08080808,0x08080808,0x08080808,0x08080808
	.word 0x08080808,0x08080808,0x08080808,0x08080808,0x08080808,0x08080808,0x08080808,0x08080808
	.word 0x08080808,0x08080808,0x08080808,0x08080808,0x08080808,0x08080808,0x08080808,0x08080808
	.word 0x08080808,0x08080808,0x08080808,0x08080808,0x08080808,0x08080808,0x08080808,0x08080808
	.word 0x08080808,0x08080808,0x08080808,0x08080808,0x08080808,0x08080808,0x08080808,0x08080808
	.word 0x08080808,0x08080808,0x08080808,0x08080808,0x08080808,0x08080808,0x08080808,0x08080808

	.word 0x08080808,0x08080808,0x08080808,0x08080808,0x08080808,0x08080808,0x08080808,0x08080808
	.word 0x08080808,0x08080808,0x08080808,0x08080808,0x08080808,0x08080808,0x08080808,0x08080808
	.word 0x08080808,0x08080808,0x08080808,0x08080808,0x08080808,0x08080808,0x08080808,0x08080808
	.word 0x08080808,0x08080808,0x08080808,0x08080808,0x08080808,0x08080808,0x08080808,0x08080808
	.word 0x08080808,0x08080808,0x08080808,0x08080808,0x08080808,0x08080808,0x08080808,0x08080808
	.word 0x08080808,0x08080808,0x08080808,0x08080808,0x08080808,0x08080808,0x08080808,0x08080808
	.word 0x08080808,0x08080808,0x08080808,0x08080808,0x08080808,0x08080808,0x08080808,0x08080808
	.word 0x08080808,0x08080808,0x08080808,0x08080808,0x08080808,0x08080808,0x08080808,0x08080808

	.word 0x08080808,0x08080808,0x08080808,0x08080808,0x08080808,0x08080808,0x08080808,0x08080808
	.word 0x08080808,0x08080808,0x08080808,0x08080808,0x08080808,0x08080808,0x08080808,0x08080808
	.word 0x08080808,0x08080808,0x08080808,0x08080808,0x08080808,0x08080808,0x08080808,0x08080808
	.word 0x08080808,0x08080808,0x08080808,0x08080808,0x08080808,0x08080808,0x08080808,0x08080808
	.word 0x08080808,0x08080808,0x08080808,0x08080808,0x08080808,0x08080808,0x08080808,0x08080808
	.word 0x08080808,0x08080808,0x08080808,0x08080808,0x08080808,0x08080808,0x08080808,0x08080808
	.word 0x08080808,0x08080808,0x08080808,0x08080808,0x08080808,0x08080808,0x08080808,0x08080808
	.word 0x08080808,0x08080808,0x08080808,0x08080808,0x08080808,0x08080808,0x08080808,0x08080808

	.word 0x08080808,0x08080808,0x08080808,0x08080808,0x08080808,0x08080808,0x08080808,0x08080808
	.word 0x08080808,0x08080808,0x08080808,0x08080808,0x08080808,0x08080808,0x08080808,0x08080808
	.word 0x08080808,0x08080808,0x08080808,0x08080808,0x08080808,0x08080808,0x08080808,0x08080808
	.word 0x08080808,0x08080808,0x08080808,0x08080808,0x08080808,0x08080808,0x08080808,0x08080808
	.word 0x08080808,0x08080808,0x08080808,0x08080808,0x08080808,0x08080808,0x08080808,0x08080808
	.word 0x08080808,0x08080808,0x08080808,0x08080808,0x08080808,0x08080808,0x08080808,0x08080808
	.word 0x08080808,0x08080808,0x08080808,0x08080808,0x08080808,0x08080808,0x08080808,0x08080808
	.word 0x08080808,0x08080808,0x08080808,0x08080808,0x08080808,0x08080808,0x08080808,0x08080808

	.word 0x08080808,0x08080808,0x08080808,0x08080808,0x08080808,0x08080808,0x08080808,0x08080808
	.word 0x08080808,0x08080808,0x08080808,0x08080808,0x08080808,0x08080808,0x08080808,0x08080808
	.word 0x08080808,0x08080808,0x08080808,0x08080808,0x08080808,0x08080808,0x08080808,0x08080808
	.word 0x08080808,0x08080808,0x08080808,0x08080808,0x08080808,0x08080808,0x08080808,0x08080808
	.word 0x08080808,0x08080808,0x08080808,0x08080808,0x08080808,0x08080808,0x08080808,0x08080808
	.word 0x08080808,0x08080808,0x08080808,0x08080808,0x08080808,0x08080808,0x08080808,0x08080808
	.word 0x08080808,0x08080808,0x08080808,0x08080808,0x08080808,0x08080808,0x08080808,0x08080808
	.word 0x08080808,0x08080808,0x08080808,0x08080808,0x08080808,0x08080808,0x08080808,0x08080808

	.word 0x08080808,0x08080808,0x08080808,0x08080808,0x08080808,0x08080808,0x08080808,0x08080808
	.word 0x08080808,0x08080808,0x08080808,0x08080808,0x08080808,0x08080808,0x08080808,0x08080808
	.word 0x08080808,0x08080808,0x08080808,0x08080808,0x08080808,0x08080808,0x08080808,0x08080808
	.word 0x08080808,0x08080808,0x08080808,0x08080808,0x08080808,0x08080808,0x08080808,0x08080808
	.word 0x08080808,0x08080808,0x08080808,0x08080808,0x08080808,0x08080808,0x08080808,0x08080808
	.word 0x08080808,0x08080808,0x08080808,0x08080808,0x08080808,0x08080808,0x08080808,0x08080808
	.word 0x08080808,0x08080808,0x08080808,0x08080808,0x08080808,0x08080808,0x08080808,0x08080808
	.word 0x08080808,0x08080808,0x08080808,0x08080808,0x08080808,0x08080808,0x08080808,0x08080808

	.word 0x08080808,0x08080808,0x08080808,0x08080808,0x08080808,0x08080808,0x08080808,0x08080808
	.word 0x08080808,0x08080808,0x08080808,0x08080808,0x08080808,0x08080808,0x08080808,0x08080808
	.word 0x08080808,0x08080808,0x08080808,0x08080808,0x08080808,0x08080808,0x08080808,0x08080808
	.word 0x08080808,0x08080808,0x08080808,0x08080808,0x08080808,0x08080808,0x08080808,0x08080808
	.word 0x08080808,0x08080808,0x08080808,0x08080808,0x08080808,0x08080808,0x08080808,0x08080808
	.word 0x08080808,0x08080808,0x08080808,0x08080808,0x08080808,0x08080808,0x08080808,0x08080808
	.word 0x08080808,0x08080808,0x08080808,0x08080808,0x08080808,0x08080808,0x08080808,0x08080808
	.word 0x08080808,0x08080808,0x08080808,0x08080808,0x08080808,0x08080808,0x08080808,0x08080808

	.word 0x08080808,0x08080808,0x08080808,0x08080808,0x08080808,0x08080808,0x08080808,0x08080808
	.word 0x08080808,0x08080808,0x08080808,0x08080808,0x08080808,0x08080808,0x08080808,0x08080808
	.word 0x08080808,0x08080808,0x08080808,0x08080808,0x08080808,0x08080808,0x08080808,0x08080808
	.word 0x08080808,0x08080808,0x08080808,0x08080808,0x08080808,0x08080808,0x08080808,0x08080808
	.word 0x08080808,0x08080808,0x08080808,0x08080808,0x08080808,0x08080808,0x08080808,0x08080808
	.word 0x08080808,0x08080808,0x08080808,0x08080808,0x08080808,0x08080808,0x08080808,0x08080808
	.word 0x08080808,0x08080808,0x08080808,0x08080808,0x08080808,0x08080808,0x08080808,0x08080808
	.word 0x08080808,0x08080808,0x08080808,0x08080808,0x08080808,0x08080808,0x08080808,0x08080808

	.word 0x08080808,0x08080808,0x08080808,0x08080808,0x19080808,0x21212121,0x21212121,0x21212121
	.word 0x21212121,0x22212121,0x21212121,0x22212121,0x21212121,0x22212121,0x21212121,0x22212121
	.word 0x21212121,0x22212121,0x21212121,0x22212121,0x21212121,0x22212121,0x21212121,0x21212121
	.word 0x21212121,0x21212121,0x21212121,0x21212121,0x21212121,0x21212121,0x21212121,0x21212121
	.word 0x21212121,0x21212121,0x21212121,0x21212121,0x21212121,0x21212121,0x21212121,0x21212121
	.word 0x21212121,0x21212121,0x21212121,0x21212121,0x21212121,0x21212121,0x21212121,0x21212121
	.word 0x21212121,0x21212121,0x21212121,0x21212121,0x21212121,0x21212121,0x21212121,0x21212121
	.word 0x21212121,0x21212121,0x19212121,0x08080808,0x08080808,0x08080808,0x08080808,0x08080808

	.word 0x08080808,0x08080808,0x08080808,0x08080808,0x00501908,0x00000000,0x00000000,0x00000000
	.word 0x00000000,0x00000000,0x00000000,0x00000000,0x00000000,0x00000000,0x00000000,0x00000000
	.word 0x00000000,0x00000000,0x00000000,0x00000000,0x00000000,0x00000000,0x00000000,0x00000000
	.word 0x00000000,0x00000000,0x00000000,0x00000000,0x00000000,0x00000000,0x00000000,0x00000000
	.word 0x00000000,0x00000000,0x00000000,0x00000000,0x00000000,0x00000000,0x00000000,0x00000000
	.word 0x00000000,0x00000000,0x00000000,0x00000000,0x00000000,0x00000000,0x00000000,0x00000000
	.word 0x00000000,0x00000000,0x00000000,0x00000000,0x00000000,0x00000000,0x00000000,0x00000000
	.word 0x00000000,0x00000000,0x00000000,0x08081950,0x08080808,0x08080808,0x08080808,0x08080808

	.word 0x08080808,0x08080808,0x08080808,0x08080808,0x02000019,0x1E1E1E1E,0x1E1E1E1E,0x1E1E1E1E
	.word 0x1E1E1E1E,0x1E1E1E1E,0x1E1E1E1E,0x1E1E1E1E,0x1E1E1E1E,0x1E1E1E1E,0x1E1E1E1E,0x1E1E1E1E
	.word 0x1E1E1E1E,0x1E1E1E1E,0x1E1E1E1E,0x1E1E1E1E,0x1E1E1E1E,0x1E1E1E1E,0x1E1E1E1E,0x1E1E1E1E
	.word 0x1E1E1E1E,0x1E1E1E1E,0x1E1E1E1E,0x1E1E1E1E,0x1E1E1E1E,0x1E1E1E1E,0x1E1E1E1E,0x1E1E1E1E
	.word 0x1E1E1E1E,0x1E1E1E1E,0x1E1E1E1E,0x1E1E1E1E,0x1E1E1E1E,0x1E1E1E1E,0x1E1E1E1E,0x1E1E1E1E
	.word 0x1E1E1E1E,0x1E1E1E1E,0x1E1E1E1E,0x1E1E1E1E,0x1E1E1E1E,0x1E1E1E1E,0x1E1E1E1E,0x1E1E1E1E
	.word 0x1E1E1E1E,0x1E1E1E1E,0x1E1E1E1E,0x1E1E1E1E,0x1E1E1E1E,0x1E1E1E1E,0x1E1E1E1E,0x1E1E1E1E
	.word 0x1E1E1E1E,0x1E1E1E1E,0x0000021E,0x08080000,0x08080808,0x08080808,0x08080808,0x08080808

	.word 0x08080808,0x08080808,0x08080808,0x19080808,0x09020000,0x09090909,0x09090909,0x09090909
	.word 0x09090909,0x09090909,0x09090909,0x09090909,0x09090909,0x09090909,0x09090909,0x09090909
	.word 0x09090909,0x09090909,0x09090909,0x09090909,0x09090909,0x09090909,0x09090909,0x09090909
	.word 0x09090909,0x09090909,0x09090909,0x09090909,0x09090909,0x09090909,0x09090909,0x09090909
	.word 0x09090909,0x09090909,0x09090909,0x09090909,0x09090909,0x09090909,0x09090909,0x09090909
	.word 0x09090909,0x09090909,0x09090909,0x09090909,0x09090909,0x09090909,0x09090909,0x09090909
	.word 0x09090909,0x09090909,0x09090909,0x09090909,0x09090909,0x09090909,0x09090909,0x09090909
	.word 0x09090909,0x09090909,0x021E0909,0x08190000,0x08080808,0x08080808,0x08080808,0x08080808

	.word 0x08080808,0x08080808,0x08080808,0x00190808,0x09090200,0x09090909,0x09090909,0x09090909
	.word 0x09090909,0x09090909,0x09090909,0x09090909,0x09090909,0x09090909,0x09090909,0x09090909
	.word 0x09090909,0x09090909,0x09090909,0x09090909,0x09090909,0x09090909,0x09090909,0x09090909
	.word 0x09090909,0x09090909,0x09090909,0x09090909,0x09090909,0x09090909,0x09090909,0x09090909
	.word 0x09090909,0x09090909,0x09090909,0x09090909,0x09090909,0x09090909,0x09090909,0x09090909
	.word 0x09090909,0x09090909,0x09090909,0x09090909,0x09090909,0x09090909,0x09090909,0x09090909
	.word 0x09090909,0x09090909,0x09090909,0x09090909,0x09090909,0x09090909,0x09090909,0x09090909
	.word 0x09090909,0x09090909,0x09090909,0x19000002,0x08080808,0x08080808,0x08080808,0x08080808

	.word 0x08080808,0x08080808,0x08080808,0x00000808,0x09090902,0x09090909,0x09090909,0x09090909
	.word 0x09090909,0x09090909,0x09090909,0x09090909,0x09090909,0x09090909,0x09090909,0x09090909
	.word 0x09090909,0x09090909,0x09090909,0x09090909,0x09090909,0x09090909,0x09090909,0x09090909
	.word 0x09090909,0x09090909,0x09090909,0x09090909,0x09090909,0x09090909,0x09090909,0x09090909
	.word 0x09090909,0x09090909,0x09090909,0x09090909,0x09090909,0x09090909,0x09090909,0x09090909
	.word 0x09090909,0x09090909,0x09090909,0x09090909,0x09090909,0x09090909,0x09090909,0x09090909
	.word 0x09090909,0x09090909,0x09090909,0x09090909,0x09090909,0x09090909,0x09090909,0x09090909
	.word 0x09090909,0x09090909,0x09090909,0x00000009,0x08080808,0x08080808,0x08080808,0x08080808

	.word 0x08080808,0x08080808,0x08080808,0x00000808,0x09090909,0x09090909,0x09090909,0x09090909
	.word 0x09090909,0x09090909,0x09090909,0x09090909,0x09090909,0x09090909,0x09090909,0x09090909
	.word 0x09090909,0x09090909,0x09090909,0x09090909,0x09090909,0x09090909,0x09090909,0x09090909
	.word 0x09090909,0x09090909,0x09090909,0x09090909,0x09090909,0x09090909,0x09090909,0x09090909
	.word 0x09090909,0x09090909,0x09090909,0x09090909,0x09090909,0x09090909,0x09090909,0x09090909
	.word 0x09090909,0x09090909,0x09090909,0x09090909,0x09090909,0x09090909,0x09090909,0x09090909
	.word 0x09090909,0x09090909,0x09090909,0x09090909,0x09090909,0x09090909,0x09090909,0x09090909
	.word 0x09090909,0x09090909,0x09090909,0x00000209,0x08080808,0x08080808,0x08080808,0x08080808

	.word 0x08080808,0x08080808,0x08080808,0x00000808,0x09090909,0x09090909,0x09090909,0x09090909
	.word 0x09090909,0x09090909,0x09090909,0x09090909,0x09090909,0x09090909,0x09090909,0x09090909
	.word 0x09090909,0x09090909,0x09090909,0x09090909,0x09090909,0x09090909,0x09090909,0x09090909
	.word 0x09090909,0x09090909,0x09090909,0x09090909,0x09090909,0x09090909,0x09090909,0x09090909
	.word 0x09090909,0x09090909,0x09090909,0x09090909,0x09090909,0x09090909,0x09090909,0x09090909
	.word 0x09090909,0x09090909,0x09090909,0x09090909,0x09090909,0x09090909,0x09090909,0x09090909
	.word 0x09090909,0x09090909,0x09090909,0x09090909,0x09090909,0x09090909,0x09090909,0x09090909
	.word 0x09090909,0x09090909,0x09090909,0x00000909,0x08080808,0x08080808,0x08080808,0x08080808

	.word 0x08080808,0x08080808,0x08080808,0x00000808,0x09090909,0x09090909,0x09090909,0x09090909
	.word 0x09090909,0x09090909,0x09090909,0x09090909,0x09090909,0x09090909,0x09090909,0x09090909
	.word 0x09090909,0x09090909,0x09090909,0x09090909,0x09090909,0x09090909,0x09090909,0x09090909
	.word 0x09090909,0x09090909,0x09090909,0x09090909,0x09090909,0x09090909,0x09090909,0x09090909
	.word 0x09090909,0x09090909,0x09090909,0x09090909,0x09090909,0x09090909,0x09090909,0x09090909
	.word 0x09090909,0x09090909,0x09090909,0x09090909,0x09090909,0x09090909,0x09090909,0x09090909
	.word 0x09090909,0x09090909,0x09090909,0x09090909,0x09090909,0x09090909,0x09090909,0x09090909
	.word 0x09090909,0x09090909,0x09090909,0x00000909,0x08080808,0x08080808,0x08080808,0x08080808

	.word 0x08080808,0x08080808,0x08080808,0x00000808,0x09090909,0x09090909,0x09090909,0x09090909
	.word 0x09090909,0x09090909,0x09090909,0x09090909,0x09090909,0x09090909,0x09090909,0x09090909
	.word 0x09090909,0x09090909,0x09090909,0x09090909,0x09090909,0x09090909,0x09090909,0x09090909
	.word 0x09090909,0x09090909,0x09090909,0x09090909,0x09090909,0x09090909,0x09090909,0x09090909
	.word 0x09090909,0x09090909,0x09090909,0x09090909,0x09090909,0x09090909,0x09090909,0x09090909
	.word 0x09090909,0x09090909,0x09090909,0x09090909,0x09090909,0x09090909,0x09090909,0x09090909
	.word 0x09090909,0x09090909,0x09090909,0x09090909,0x09090909,0x09090909,0x09090909,0x09090909
	.word 0x09090909,0x09090909,0x09090909,0x00000909,0x08080808,0x08080808,0x08080808,0x08080808

	.word 0x08080808,0x08080808,0x08080808,0x00000808,0x09090909,0x09090909,0x09090909,0x09090909
	.word 0x09090909,0x09090909,0x09090909,0x09090909,0x09090909,0x09090909,0x09090909,0x09090909
	.word 0x09090909,0x09090909,0x09090909,0x09090909,0x09090909,0x09090909,0x09090909,0x09090909
	.word 0x09090909,0x09090909,0x09090909,0x09090909,0x09090909,0x09090909,0x09090909,0x09090909
	.word 0x09090909,0x09090909,0x09090909,0x09090909,0x09090909,0x09090909,0x09090909,0x09090909
	.word 0x09090909,0x09090909,0x09090909,0x09090909,0x09090909,0x09090909,0x09090909,0x09090909
	.word 0x09090909,0x09090909,0x09090909,0x09090909,0x09090909,0x09090909,0x09090909,0x09090909
	.word 0x09090909,0x09090909,0x09090909,0x00000909,0x08080808,0x08080808,0x08080808,0x08080808

	.word 0x08080808,0x08080808,0x08080808,0x00000808,0x09090909,0x09090909,0x09090909,0x09090909
	.word 0x09090909,0x09090909,0x09090909,0x09090909,0x09090909,0x09090909,0x09090909,0x09090909
	.word 0x09090909,0x09090909,0x09090909,0x09090909,0x09090909,0x09090909,0x09090909,0x09090909
	.word 0x09090909,0x09090909,0x09090909,0x09090909,0x09090909,0x09090909,0x09090909,0x09090909
	.word 0x09090909,0x09090909,0x09090909,0x09090909,0x09090909,0x09090909,0x09090909,0x09090909
	.word 0x09090909,0x09090909,0x09090909,0x09090909,0x09090909,0x09090909,0x09090909,0x09090909
	.word 0x09090909,0x09090909,0x09090909,0x09090909,0x09090909,0x09090909,0x09090909,0x09090909
	.word 0x09090909,0x09090909,0x09090909,0x00000909,0x08080808,0x08080808,0x08080808,0x08080808

	.word 0x08080808,0x08080808,0x08080808,0x00000808,0x09090909,0x09090909,0x09090909,0x09090909
	.word 0x09090909,0x09090909,0x09090909,0x09090909,0x09090909,0x09090909,0x09090909,0x09090909
	.word 0x09090909,0x09090909,0x09090909,0x09090909,0x09090909,0x09090909,0x09090909,0x09090909
	.word 0x09090909,0x09090909,0x09090909,0x09090909,0x09090909,0x09090909,0x09090909,0x09090909
	.word 0x09090909,0x09090909,0x09090909,0x09090909,0x09090909,0x09090909,0x09090909,0x09090909
	.word 0x09090909,0x09090909,0x09090909,0x09090909,0x09090909,0x09090909,0x09090909,0x09090909
	.word 0x09090909,0x09090909,0x09090909,0x09090909,0x09090909,0x09090909,0x09090909,0x09090909
	.word 0x09090909,0x09090909,0x09090909,0x00000909,0x08080808,0x08080808,0x08080808,0x08080808

	.word 0x08080808,0x08080808,0x08080808,0x00000808,0x09090909,0x09090909,0x09090909,0x09090909
	.word 0x09090909,0x09090909,0x09090909,0x09090909,0x09090909,0x09090909,0x09090909,0x09090909
	.word 0x09090909,0x09090909,0x09090909,0x09090909,0x09090909,0x09090909,0x09090909,0x09090909
	.word 0x09090909,0x09090909,0x09090909,0x09090909,0x09090909,0x09090909,0x09090909,0x09090909
	.word 0x09090909,0x09090909,0x09090909,0x09090909,0x09090909,0x09090909,0x09090909,0x09090909
	.word 0x09090909,0x09090909,0x09090909,0x09090909,0x09090909,0x09090909,0x09090909,0x09090909
	.word 0x09090909,0x09090909,0x09090909,0x09090909,0x09090909,0x09090909,0x09090909,0x09090909
	.word 0x09090909,0x09090909,0x09090909,0x00000909,0x08080808,0x08080808,0x08080808,0x08080808

	.word 0x08080808,0x08080808,0x08080808,0x00000808,0x09090909,0x09090909,0x09090909,0x09090909
	.word 0x09090909,0x09090909,0x09090909,0x09090909,0x09090909,0x09090909,0x09090909,0x09090909
	.word 0x09090909,0x09090909,0x09090909,0x09090909,0x09090909,0x09090909,0x09090909,0x09090909
	.word 0x09090909,0x09090909,0x09090909,0x09090909,0x09090909,0x09090909,0x09090909,0x09090909
	.word 0x09090909,0x09090909,0x09090909,0x09090909,0x09090909,0x09090909,0x09090909,0x09090909
	.word 0x09090909,0x09090909,0x09090909,0x09090909,0x09090909,0x09090909,0x09090909,0x09090909
	.word 0x09090909,0x09090909,0x09090909,0x09090909,0x09090909,0x09090909,0x09090909,0x09090909
	.word 0x09090909,0x09090909,0x09090909,0x00000909,0x08080808,0x08080808,0x08080808,0x08080808

	.word 0x08080808,0x08080808,0x08080808,0x00000808,0x09090909,0x09090909,0x09090909,0x09090909
	.word 0x09090909,0x09090909,0x09090909,0x09090909,0x09090909,0x09090909,0x09090909,0x09090909
	.word 0x09090909,0x09090909,0x09090909,0x09090909,0x09090909,0x09090909,0x09090909,0x09090909
	.word 0x09090909,0x09090909,0x09090909,0x09090909,0x09090909,0x09090909,0x09090909,0x09090909
	.word 0x09090909,0x09090909,0x09090909,0x09090909,0x09090909,0x09090909,0x09090909,0x09090909
	.word 0x09090909,0x09090909,0x09090909,0x09090909,0x09090909,0x09090909,0x09090909,0x09090909
	.word 0x09090909,0x09090909,0x09090909,0x09090909,0x09090909,0x09090909,0x09090909,0x09090909
	.word 0x09090909,0x09090909,0x09090909,0x00000909,0x08080808,0x08080808,0x08080808,0x08080808

	.word 0x08080808,0x08080808,0x08080808,0x00000808,0x09090909,0x09090909,0x09090909,0x09090909
	.word 0x09090909,0x09090909,0x09090909,0x09090909,0x09090909,0x09090909,0x09090909,0x09090909
	.word 0x09090909,0x09090909,0x09090909,0x09090909,0x09090909,0x09090909,0x09090909,0x09090909
	.word 0x09090909,0x09090909,0x09090909,0x09090909,0x09090909,0x09090909,0x09090909,0x09090909
	.word 0x09090909,0x09090909,0x09090909,0x09090909,0x09090909,0x09090909,0x09090909,0x09090909
	.word 0x09090909,0x09090909,0x09090909,0x09090909,0x09090909,0x09090909,0x09090909,0x09090909
	.word 0x09090909,0x09090909,0x09090909,0x09090909,0x09090909,0x09090909,0x09090909,0x09090909
	.word 0x09090909,0x09090909,0x09090909,0x00000909,0x08080808,0x08080808,0x08080808,0x08080808

	.word 0x08080808,0x08080808,0x08080808,0x00000808,0x09090909,0x09090909,0x09090909,0x09090909
	.word 0x09090909,0x09090909,0x09090909,0x09090909,0x09090909,0x09090909,0x09090909,0x09090909
	.word 0x09090909,0x09090909,0x09090909,0x09090909,0x09090909,0x09090909,0x09090909,0x09090909
	.word 0x09090909,0x09090909,0x09090909,0x09090909,0x09090909,0x09090909,0x09090909,0x09090909
	.word 0x09090909,0x09090909,0x09090909,0x09090909,0x09090909,0x09090909,0x09090909,0x09090909
	.word 0x09090909,0x09090909,0x09090909,0x09090909,0x09090909,0x09090909,0x09090909,0x09090909
	.word 0x09090909,0x09090909,0x09090909,0x09090909,0x09090909,0x09090909,0x09090909,0x09090909
	.word 0x09090909,0x09090909,0x09090909,0x00000909,0x08080808,0x08080808,0x08080808,0x08080808

	.word 0x08080808,0x08080808,0x08080808,0x00000808,0x09090909,0x09090909,0x09090909,0x09090909
	.word 0x09090909,0x09090909,0x09090909,0x09090909,0x09090909,0x09090909,0x09090909,0x09090909
	.word 0x09090909,0x09090909,0x09090909,0x09090909,0x09090909,0x09090909,0x09090909,0x09090909
	.word 0x09090909,0x09090909,0x09090909,0x09090909,0x09090909,0x09090909,0x09090909,0x09090909
	.word 0x09090909,0x09090909,0x09090909,0x09090909,0x09090909,0x09090909,0x09090909,0x09090909
	.word 0x09090909,0x09090909,0x09090909,0x09090909,0x09090909,0x09090909,0x09090909,0x09090909
	.word 0x09090909,0x09090909,0x09090909,0x09090909,0x09090909,0x09090909,0x09090909,0x09090909
	.word 0x09090909,0x09090909,0x09090909,0x00000909,0x08080808,0x08080808,0x08080808,0x08080808

	.word 0x08080808,0x08080808,0x08080808,0x00000808,0x09090909,0x09090909,0x09090909,0x09090909
	.word 0x09090909,0x09090909,0x09090909,0x09090909,0x09090909,0x09090909,0x09090909,0x09090909
	.word 0x09090909,0x09090909,0x09090909,0x09090909,0x09090909,0x09090909,0x09090909,0x09090909
	.word 0x09090909,0x09090909,0x09090909,0x09090909,0x09090909,0x09090909,0x09090909,0x09090909
	.word 0x09090909,0x09090909,0x09090909,0x09090909,0x09090909,0x09090909,0x09090909,0x09090909
	.word 0x09090909,0x09090909,0x09090909,0x09090909,0x09090909,0x09090909,0x09090909,0x09090909
	.word 0x09090909,0x09090909,0x09090909,0x09090909,0x09090909,0x09090909,0x09090909,0x09090909
	.word 0x09090909,0x09090909,0x09090909,0x00000909,0x08080808,0x08080808,0x08080808,0x08080808

	.word 0x08080808,0x08080808,0x08080808,0x00000808,0x09090909,0x09090909,0x09090909,0x09090909
	.word 0x09090909,0x09090909,0x09090909,0x09090909,0x09090909,0x09090909,0x09090909,0x09090909
	.word 0x09090909,0x09090909,0x09090909,0x09090909,0x09090909,0x09090909,0x09090909,0x09090909
	.word 0x09090909,0x09090909,0x09090909,0x09090909,0x09090909,0x09090909,0x09090909,0x09090909
	.word 0x09090909,0x09090909,0x09090909,0x09090909,0x09090909,0x09090909,0x09090909,0x09090909
	.word 0x09090909,0x09090909,0x09090909,0x09090909,0x09090909,0x09090909,0x09090909,0x09090909
	.word 0x09090909,0x09090909,0x09090909,0x09090909,0x09090909,0x09090909,0x09090909,0x09090909
	.word 0x09090909,0x09090909,0x09090909,0x00000909,0x08080808,0x08080808,0x08080808,0x08080808

	.word 0x08080808,0x08080808,0x08080808,0x00000808,0x09090909,0x09090909,0x09090909,0x09090909
	.word 0x09090909,0x09090909,0x09090909,0x09090909,0x09090909,0x09090909,0x09090909,0x09090909
	.word 0x09090909,0x09090909,0x09090909,0x09090909,0x09090909,0x09090909,0x09090909,0x09090909
	.word 0x09090909,0x09090909,0x09090909,0x09090909,0x09090909,0x09090909,0x09090909,0x09090909
	.word 0x09090909,0x09090909,0x09090909,0x09090909,0x09090909,0x09090909,0x09090909,0x09090909
	.word 0x09090909,0x09090909,0x09090909,0x09090909,0x09090909,0x09090909,0x09090909,0x09090909
	.word 0x09090909,0x09090909,0x09090909,0x09090909,0x09090909,0x09090909,0x09090909,0x09090909
	.word 0x09090909,0x09090909,0x09090909,0x00000909,0x08080808,0x08080808,0x08080808,0x08080808

	.word 0x08080808,0x08080808,0x08080808,0x00000808,0x09090909,0x09090909,0x09090909,0x09090909
	.word 0x09090909,0x09090909,0x09090909,0x09090909,0x09090909,0x09090909,0x09090909,0x09090909
	.word 0x09090909,0x09090909,0x09090909,0x09090909,0x09090909,0x09090909,0x09090909,0x09090909
	.word 0x09090909,0x09090909,0x09090909,0x09090909,0x09090909,0x09090909,0x09090909,0x09090909
	.word 0x09090909,0x09090909,0x09090909,0x09090909,0x09090909,0x09090909,0x09090909,0x09090909
	.word 0x09090909,0x09090909,0x09090909,0x09090909,0x09090909,0x09090909,0x09090909,0x09090909
	.word 0x09090909,0x09090909,0x09090909,0x09090909,0x09090909,0x09090909,0x09090909,0x09090909
	.word 0x09090909,0x09090909,0x09090909,0x00000909,0x08080808,0x08080808,0x08080808,0x08080808

	.word 0x08080808,0x08080808,0x08080808,0x00000808,0x09090909,0x09090909,0x09090909,0x09090909
	.word 0x09090909,0x09090909,0x09090909,0x09090909,0x09090909,0x09090909,0x09090909,0x09090909
	.word 0x09090909,0x09090909,0x09090909,0x09090909,0x09090909,0x09090909,0x09090909,0x09090909
	.word 0x09090909,0x09090909,0x09090909,0x09090909,0x09090909,0x09090909,0x09090909,0x09090909
	.word 0x09090909,0x09090909,0x09090909,0x09090909,0x09090909,0x09090909,0x09090909,0x09090909
	.word 0x09090909,0x09090909,0x09090909,0x09090909,0x09090909,0x09090909,0x09090909,0x09090909
	.word 0x09090909,0x09090909,0x09090909,0x09090909,0x09090909,0x09090909,0x09090909,0x09090909
	.word 0x09090909,0x09090909,0x09090909,0x00000909,0x08080808,0x08080808,0x08080808,0x08080808

	.word 0x08080808,0x08080808,0x08080808,0x00000808,0x09090909,0x09090909,0x09090909,0x09090909
	.word 0x09090909,0x09090909,0x09090909,0x09090909,0x09090909,0x09090909,0x09090909,0x09090909
	.word 0x09090909,0x09090909,0x09090909,0x09090909,0x09090909,0x09090909,0x09090909,0x09090909
	.word 0x09090909,0x09090909,0x09090909,0x09090909,0x09090909,0x09090909,0x09090909,0x09090909
	.word 0x09090909,0x09090909,0x09090909,0x09090909,0x09090909,0x09090909,0x09090909,0x09090909
	.word 0x09090909,0x09090909,0x09090909,0x09090909,0x09090909,0x09090909,0x09090909,0x09090909
	.word 0x09090909,0x09090909,0x09090909,0x09090909,0x09090909,0x09090909,0x09090909,0x09090909
	.word 0x09090909,0x09090909,0x09090909,0x00000909,0x08080808,0x08080808,0x08080808,0x08080808

	.word 0x08080808,0x08080808,0x08080808,0x00000808,0x09090909,0x09090909,0x09090909,0x09090909
	.word 0x09090909,0x09090909,0x09090909,0x09090909,0x09090909,0x09090909,0x09090909,0x09090909
	.word 0x09090909,0x09090909,0x09090909,0x09090909,0x09090909,0x09090909,0x09090909,0x09090909
	.word 0x09090909,0x09090909,0x09090909,0x09090909,0x09090909,0x09090909,0x09090909,0x09090909
	.word 0x09090909,0x09090909,0x09090909,0x09090909,0x09090909,0x09090909,0x09090909,0x09090909
	.word 0x09090909,0x09090909,0x09090909,0x09090909,0x09090909,0x09090909,0x09090909,0x09090909
	.word 0x09090909,0x09090909,0x09090909,0x09090909,0x09090909,0x09090909,0x09090909,0x09090909
	.word 0x09090909,0x09090909,0x09090909,0x00000909,0x08080808,0x08080808,0x08080808,0x08080808

	.word 0x08080808,0x08080808,0x08080808,0x00000808,0x09090909,0x09090909,0x09090909,0x09090909
	.word 0x09090909,0x09090909,0x09090909,0x09090909,0x09090909,0x09090909,0x09090909,0x09090909
	.word 0x09090909,0x09090909,0x09090909,0x09090909,0x09090909,0x09090909,0x09090909,0x09090909
	.word 0x09090909,0x09090909,0x09090909,0x09090909,0x09090909,0x09090909,0x09090909,0x09090909
	.word 0x09090909,0x09090909,0x09090909,0x09090909,0x09090909,0x09090909,0x09090909,0x09090909
	.word 0x09090909,0x09090909,0x09090909,0x09090909,0x09090909,0x09090909,0x09090909,0x09090909
	.word 0x09090909,0x09090909,0x09090909,0x09090909,0x09090909,0x09090909,0x09090909,0x09090909
	.word 0x09090909,0x09090909,0x09090909,0x00000909,0x08080808,0x08080808,0x08080808,0x08080808

	.word 0x08080808,0x08080808,0x08080808,0x00000808,0x09090909,0x09090909,0x09090909,0x09090909
	.word 0x09090909,0x09090909,0x09090909,0x09090909,0x09090909,0x09090909,0x09090909,0x09090909
	.word 0x09090909,0x09090909,0x09090909,0x09090909,0x09090909,0x09090909,0x09090909,0x09090909
	.word 0x09090909,0x09090909,0x09090909,0x09090909,0x09090909,0x09090909,0x09090909,0x09090909
	.word 0x09090909,0x09090909,0x09090909,0x09090909,0x09090909,0x09090909,0x09090909,0x09090909
	.word 0x09090909,0x09090909,0x09090909,0x09090909,0x09090909,0x09090909,0x09090909,0x09090909
	.word 0x09090909,0x09090909,0x09090909,0x09090909,0x09090909,0x09090909,0x09090909,0x09090909
	.word 0x09090909,0x09090909,0x09090909,0x00000909,0x08080808,0x08080808,0x08080808,0x08080808

	.word 0x08080808,0x08080808,0x08080808,0x00000808,0x09090909,0x09090909,0x09090909,0x09090909
	.word 0x09090909,0x09090909,0x09090909,0x09090909,0x09090909,0x09090909,0x09090909,0x09090909
	.word 0x09090909,0x09090909,0x09090909,0x09090909,0x09090909,0x09090909,0x09090909,0x09090909
	.word 0x09090909,0x09090909,0x09090909,0x09090909,0x09090909,0x09090909,0x09090909,0x09090909
	.word 0x09090909,0x09090909,0x09090909,0x09090909,0x09090909,0x09090909,0x09090909,0x09090909
	.word 0x09090909,0x09090909,0x09090909,0x09090909,0x09090909,0x09090909,0x09090909,0x09090909
	.word 0x09090909,0x09090909,0x09090909,0x09090909,0x09090909,0x09090909,0x09090909,0x09090909
	.word 0x09090909,0x09090909,0x09090909,0x00000909,0x08080808,0x08080808,0x08080808,0x08080808

	.word 0x08080808,0x08080808,0x08080808,0x00000808,0x09090909,0x09090909,0x09090909,0x09090909
	.word 0x09090909,0x09090909,0x09090909,0x09090909,0x09090909,0x09090909,0x09090909,0x09090909
	.word 0x09090909,0x09090909,0x09090909,0x09090909,0x09090909,0x09090909,0x09090909,0x09090909
	.word 0x09090909,0x09090909,0x09090909,0x09090909,0x09090909,0x09090909,0x09090909,0x09090909
	.word 0x09090909,0x09090909,0x09090909,0x09090909,0x09090909,0x09090909,0x09090909,0x09090909
	.word 0x09090909,0x09090909,0x09090909,0x09090909,0x09090909,0x09090909,0x09090909,0x09090909
	.word 0x09090909,0x09090909,0x09090909,0x09090909,0x09090909,0x09090909,0x09090909,0x09090909
	.word 0x09090909,0x09090909,0x09090909,0x00000909,0x08080808,0x08080808,0x08080808,0x08080808

	.word 0x08080808,0x08080808,0x08080808,0x00000808,0x09090909,0x09090909,0x09090909,0x09090909
	.word 0x09090909,0x09090909,0x09090909,0x09090909,0x09090909,0x09090909,0x09090909,0x09090909
	.word 0x09090909,0x09090909,0x09090909,0x09090909,0x09090909,0x09090909,0x09090909,0x09090909
	.word 0x09090909,0x09090909,0x09090909,0x09090909,0x09090909,0x09090909,0x09090909,0x09090909
	.word 0x09090909,0x09090909,0x09090909,0x09090909,0x09090909,0x09090909,0x09090909,0x09090909
	.word 0x09090909,0x09090909,0x09090909,0x09090909,0x09090909,0x09090909,0x09090909,0x09090909
	.word 0x09090909,0x09090909,0x09090909,0x09090909,0x09090909,0x09090909,0x09090909,0x09090909
	.word 0x09090909,0x09090909,0x09090909,0x00000909,0x08080808,0x08080808,0x08080808,0x08080808

	.word 0x08080808,0x08080808,0x08080808,0x00000808,0x09090909,0x09090909,0x09090909,0x09090909
	.word 0x09090909,0x09090909,0x09090909,0x09090909,0x09090909,0x09090909,0x09090909,0x09090909
	.word 0x09090909,0x09090909,0x09090909,0x09090909,0x09090909,0x09090909,0x09090909,0x09090909
	.word 0x09090909,0x09090909,0x09090909,0x09090909,0x09090909,0x09090909,0x09090909,0x09090909
	.word 0x09090909,0x09090909,0x09090909,0x09090909,0x09090909,0x09090909,0x09090909,0x09090909
	.word 0x09090909,0x09090909,0x09090909,0x09090909,0x09090909,0x09090909,0x09090909,0x09090909
	.word 0x09090909,0x09090909,0x09090909,0x09090909,0x09090909,0x09090909,0x09090909,0x09090909
	.word 0x09090909,0x09090909,0x09090909,0x00000909,0x08080808,0x08080808,0x08080808,0x08080808

	.word 0x08080808,0x08080808,0x08080808,0x00000808,0x09090909,0x09090909,0x09090909,0x09090909
	.word 0x09090909,0x09090909,0x09090909,0x09090909,0x09090909,0x09090909,0x09090909,0x09090909
	.word 0x09090909,0x09090909,0x09090909,0x09090909,0x09090909,0x09090909,0x09090909,0x09090909
	.word 0x09090909,0x09090909,0x09090909,0x09090909,0x09090909,0x09090909,0x09090909,0x09090909
	.word 0x09090909,0x09090909,0x09090909,0x09090909,0x09090909,0x09090909,0x09090909,0x09090909
	.word 0x09090909,0x09090909,0x09090909,0x09090909,0x09090909,0x09090909,0x09090909,0x09090909
	.word 0x09090909,0x09090909,0x09090909,0x09090909,0x09090909,0x09090909,0x09090909,0x09090909
	.word 0x09090909,0x09090909,0x09090909,0x00000909,0x08080808,0x08080808,0x08080808,0x08080808

	.word 0x08080808,0x08080808,0x08080808,0x00000808,0x09090909,0x09090909,0x09090909,0x09090909
	.word 0x09090909,0x09090909,0x09090909,0x09090909,0x09090909,0x09090909,0x09090909,0x09090909
	.word 0x09090909,0x09090909,0x09090909,0x09090909,0x09090909,0x09090909,0x09090909,0x09090909
	.word 0x09090909,0x09090909,0x09090909,0x09090909,0x09090909,0x09090909,0x09090909,0x09090909
	.word 0x09090909,0x09090909,0x09090909,0x09090909,0x09090909,0x09090909,0x09090909,0x09090909
	.word 0x09090909,0x09090909,0x09090909,0x09090909,0x09090909,0x09090909,0x09090909,0x09090909
	.word 0x09090909,0x09090909,0x09090909,0x09090909,0x09090909,0x09090909,0x09090909,0x09090909
	.word 0x09090909,0x09090909,0x09090909,0x00000909,0x08080808,0x08080808,0x08080808,0x08080808

	.word 0x08080808,0x08080808,0x08080808,0x00000808,0x09090909,0x09090909,0x09090909,0x09090909
	.word 0x09090909,0x09090909,0x09090909,0x09090909,0x09090909,0x09090909,0x09090909,0x09090909
	.word 0x09090909,0x09090909,0x09090909,0x09090909,0x09090909,0x09090909,0x09090909,0x09090909
	.word 0x09090909,0x09090909,0x09090909,0x09090909,0x09090909,0x09090909,0x09090909,0x09090909
	.word 0x09090909,0x09090909,0x09090909,0x09090909,0x09090909,0x09090909,0x09090909,0x09090909
	.word 0x09090909,0x09090909,0x09090909,0x09090909,0x09090909,0x09090909,0x09090909,0x09090909
	.word 0x09090909,0x09090909,0x09090909,0x09090909,0x09090909,0x09090909,0x09090909,0x09090909
	.word 0x09090909,0x09090909,0x09090909,0x00000909,0x08080808,0x08080808,0x08080808,0x08080808

	.word 0x08080808,0x08080808,0x08080808,0x00360808,0x09090909,0x09090909,0x09090909,0x09090909
	.word 0x09090909,0x09090909,0x09090909,0x09090909,0x09090909,0x09090909,0x09090909,0x09090909
	.word 0x09090909,0x09090909,0x09090909,0x09090909,0x09090909,0x09090909,0x09090909,0x09090909
	.word 0x09090909,0x09090909,0x09090909,0x09090909,0x09090909,0x09090909,0x09090909,0x09090909
	.word 0x09090909,0x09090909,0x09090909,0x09090909,0x09090909,0x09090909,0x09090909,0x09090909
	.word 0x09090909,0x09090909,0x09090909,0x09090909,0x09090909,0x09090909,0x09090909,0x09090909
	.word 0x09090909,0x09090909,0x09090909,0x09090909,0x09090909,0x09090909,0x09090909,0x09090909
	.word 0x09090909,0x09090909,0x09090909,0x00000909,0x08080808,0x08080808,0x08080808,0x08080808

	.word 0x08080808,0x08080808,0x08080808,0x00080808,0x09090913,0x09090909,0x09090909,0x09090909
	.word 0x09090909,0x09090909,0x09090909,0x09090909,0x09090909,0x09090909,0x09090909,0x09090909
	.word 0x09090909,0x09090909,0x09090909,0x09090909,0x09090909,0x09090909,0x09090909,0x09090909
	.word 0x09090909,0x09090909,0x09090909,0x09090909,0x09090909,0x09090909,0x09090909,0x09090909
	.word 0x09090909,0x09090909,0x09090909,0x09090909,0x09090909,0x09090909,0x09090909,0x09090909
	.word 0x09090909,0x09090909,0x09090909,0x09090909,0x09090909,0x09090909,0x09090909,0x09090909
	.word 0x09090909,0x09090909,0x09090909,0x09090909,0x09090909,0x09090909,0x09090909,0x09090909
	.word 0x09090909,0x09090909,0x09090909,0x00001309,0x08080808,0x08080808,0x08080808,0x08080808

	.word 0x08080808,0x08080808,0x08080808,0x36080808,0x09092900,0x09090909,0x09090909,0x09090909
	.word 0x09090909,0x09090909,0x09090909,0x09090909,0x09090909,0x09090909,0x09090909,0x09090909
	.word 0x09090909,0x09090909,0x09090909,0x09090909,0x09090909,0x09090909,0x09090909,0x09090909
	.word 0x09090909,0x09090909,0x09090909,0x09090909,0x09090909,0x09090909,0x09090909,0x09090909
	.word 0x09090909,0x09090909,0x09090909,0x09090909,0x09090909,0x09090909,0x09090909,0x09090909
	.word 0x09090909,0x09090909,0x09090909,0x09090909,0x09090909,0x09090909,0x09090909,0x09090909
	.word 0x09090909,0x09090909,0x09090909,0x09090909,0x09090909,0x09090909,0x09090909,0x09090909
	.word 0x09090909,0x09090909,0x09090909,0x36000029,0x08080808,0x08080808,0x08080808,0x08080808

	.word 0x08080808,0x08080808,0x08080808,0x08080808,0x29290036,0x29292929,0x29292929,0x29292929
	.word 0x29292929,0x29292929,0x29292929,0x29292929,0x29292929,0x29292929,0x29292929,0x29292929
	.word 0x29292929,0x29292929,0x29292929,0x29292929,0x29292929,0x29292929,0x29292929,0x29292929
	.word 0x29292929,0x29292929,0x29292929,0x29292929,0x29292929,0x29292929,0x29292929,0x29292929
	.word 0x29292929,0x29292929,0x29292929,0x29292929,0x29292929,0x29292929,0x29292929,0x29292929
	.word 0x29292929,0x29292929,0x29292929,0x29292929,0x29292929,0x29292929,0x29292929,0x29292929
	.word 0x29292929,0x29292929,0x29292929,0x29292929,0x29292929,0x29292929,0x29292929,0x29292929
	.word 0x29292929,0x29292929,0x29292929,0x08360000,0x08080808,0x08080808,0x08080808,0x08080808

	.word 0x08080808,0x08080808,0x08080808,0x08080808,0x00363608,0x00000000,0x00000000,0x00000000
	.word 0x00000000,0x00000000,0x00000000,0x00000000,0x00000000,0x00000000,0x00000000,0x00000000
	.word 0x00000000,0x00000000,0x00000000,0x00000000,0x00000000,0x00000000,0x00000000,0x00000000
	.word 0x00000000,0x00000000,0x00000000,0x00000000,0x00000000,0x00000000,0x00000000,0x00000000
	.word 0x00000000,0x00000000,0x00000000,0x00000000,0x00000000,0x00000000,0x00000000,0x00000000
	.word 0x00000000,0x00000000,0x00000000,0x00000000,0x00000000,0x00000000,0x00000000,0x00000000
	.word 0x00000000,0x00000000,0x00000000,0x00000000,0x00000000,0x00000000,0x00000000,0x00000000
	.word 0x00000000,0x00000000,0x00000000,0x08083600,0x08080808,0x08080808,0x08080808,0x08080808

	.word 0x08080808,0x08080808,0x08080808,0x08080808,0x36080808,0x36363636,0x36363636,0x36363636
	.word 0x36363636,0x36363636,0x36363636,0x36363636,0x36363636,0x36363636,0x36363636,0x36363636
	.word 0x36363636,0x36363636,0x36363636,0x36363636,0x36363636,0x36363636,0x36363636,0x36363636
	.word 0x36363636,0x36363636,0x36363636,0x20363636,0x36362036,0x20363636,0x36362036,0x20363636
	.word 0x36362036,0x20363636,0x36362036,0x20363636,0x36362036,0x20363636,0x36362036,0x20363636
	.word 0x36362036,0x20363636,0x36362036,0x20363636,0x36362036,0x20363636,0x36362036,0x20363636
	.word 0x36362036,0x20363636,0x36362036,0x20363636,0x36362036,0x20363636,0x36362036,0x20363636
	.word 0x36362036,0x20363636,0x36362036,0x08080836,0x08080808,0x08080808,0x08080808,0x08080808

	.word 0x08080808,0x08080808,0x08080808,0x08080808,0x08080808,0x08080808,0x08080808,0x08080808
	.word 0x08080808,0x08080808,0x08080808,0x08080808,0x08080808,0x08080808,0x08080808,0x08080808
	.word 0x08080808,0x08080808,0x08080808,0x08080808,0x08080808,0x08080808,0x08080808,0x08080808
	.word 0x08080808,0x08080808,0x08080808,0x08080808,0x08080808,0x08080808,0x08080808,0x08080808
	.word 0x08080808,0x08080808,0x08080808,0x08080808,0x08080808,0x08080808,0x08080808,0x08080808
	.word 0x08080808,0x08080808,0x08080808,0x08080808,0x08080808,0x08080808,0x08080808,0x08080808
	.word 0x08080808,0x08080808,0x08080808,0x08080808,0x08080808,0x08080808,0x08080808,0x08080808
	.word 0x08080808,0x08080808,0x08080808,0x08080808,0x08080808,0x08080808,0x08080808,0x08080808

	.word 0x08080808,0x08080808,0x08080808,0x08080808,0x08080808,0x08080808,0x08080808,0x08080808
	.word 0x08080808,0x08080808,0x08080808,0x08080808,0x08080808,0x08080808,0x08080808,0x08080808
	.word 0x08080808,0x08080808,0x08080808,0x08080808,0x08080808,0x08080808,0x08080808,0x08080808
	.word 0x08080808,0x08080808,0x08080808,0x08080808,0x08080808,0x08080808,0x08080808,0x08080808
	.word 0x08080808,0x08080808,0x08080808,0x08080808,0x08080808,0x08080808,0x08080808,0x08080808
	.word 0x08080808,0x08080808,0x08080808,0x08080808,0x08080808,0x08080808,0x08080808,0x08080808
	.word 0x08080808,0x08080808,0x08080808,0x08080808,0x08080808,0x08080808,0x08080808,0x08080808
	.word 0x08080808,0x08080808,0x08080808,0x08080808,0x08080808,0x08080808,0x08080808,0x08080808

	.word 0x08080808,0x08080808,0x08080808,0x08080808,0x08080808,0x08080808,0x08080808,0x08080808
	.word 0x08080808,0x08080808,0x08080808,0x08080808,0x08080808,0x08080808,0x08080808,0x08080808
	.word 0x08080808,0x08080808,0x08080808,0x08080808,0x08080808,0x08080808,0x08080808,0x08080808
	.word 0x08080808,0x08080808,0x08080808,0x08080808,0x08080808,0x08080808,0x08080808,0x08080808
	.word 0x08080808,0x08080808,0x08080808,0x08080808,0x08080808,0x08080808,0x08080808,0x08080808
	.word 0x08080808,0x08080808,0x08080808,0x08080808,0x08080808,0x08080808,0x08080808,0x08080808
	.word 0x08080808,0x08080808,0x08080808,0x08080808,0x08080808,0x08080808,0x08080808,0x08080808
	.word 0x08080808,0x08080808,0x08080808,0x08080808,0x08080808,0x08080808,0x08080808,0x08080808

	.word 0x08080808,0x08080808,0x08080808,0x08080808,0x08080808,0x08080808,0x08080808,0x08080808
	.word 0x08080808,0x08080808,0x08080808,0x08080808,0x08080808,0x08080808,0x08080808,0x08080808
	.word 0x08080808,0x08080808,0x08080808,0x08080808,0x08080808,0x08080808,0x08080808,0x08080808
	.word 0x08080808,0x08080808,0x08080808,0x08080808,0x08080808,0x08080808,0x08080808,0x08080808
	.word 0x08080808,0x08080808,0x08080808,0x08080808,0x08080808,0x08080808,0x08080808,0x08080808
	.word 0x08080808,0x08080808,0x08080808,0x08080808,0x08080808,0x08080808,0x08080808,0x08080808
	.word 0x08080808,0x08080808,0x08080808,0x08080808,0x08080808,0x08080808,0x08080808,0x08080808
	.word 0x08080808,0x08080808,0x08080808,0x08080808,0x08080808,0x08080808,0x08080808,0x08080808

	.word 0x08080808,0x08080808,0x08080808,0x08080808,0x08080808,0x08080808,0x08080808,0x08080808
	.word 0x08080808,0x08080808,0x08080808,0x08080808,0x08080808,0x08080808,0x08080808,0x08080808
	.word 0x08080808,0x08080808,0x08080808,0x08080808,0x08080808,0x08080808,0x08080808,0x08080808
	.word 0x08080808,0x08080808,0x08080808,0x08080808,0x08080808,0x08080808,0x08080808,0x08080808
	.word 0x08080808,0x08080808,0x08080808,0x08080808,0x08080808,0x08080808,0x08080808,0x08080808
	.word 0x08080808,0x08080808,0x08080808,0x08080808,0x08080808,0x08080808,0x08080808,0x08080808
	.word 0x08080808,0x08080808,0x08080808,0x08080808,0x08080808,0x08080808,0x08080808,0x08080808
	.word 0x08080808,0x08080808,0x08080808,0x08080808,0x08080808,0x08080808,0x08080808,0x08080808

	.word 0x08080808,0x08080808,0x08080808,0x08080808,0x08080808,0x08080808,0x08080808,0x08080808
	.word 0x08080808,0x08080808,0x08080808,0x08080808,0x08080808,0x08080808,0x08080808,0x08080808
	.word 0x08080808,0x08080808,0x08080808,0x08080808,0x08080808,0x08080808,0x08080808,0x08080808
	.word 0x08080808,0x08080808,0x08080808,0x08080808,0x08080808,0x08080808,0x08080808,0x08080808
	.word 0x08080808,0x08080808,0x08080808,0x08080808,0x08080808,0x08080808,0x08080808,0x08080808
	.word 0x08080808,0x08080808,0x08080808,0x08080808,0x08080808,0x08080808,0x08080808,0x08080808
	.word 0x08080808,0x08080808,0x08080808,0x08080808,0x08080808,0x08080808,0x08080808,0x08080808
	.word 0x08080808,0x08080808,0x08080808,0x08080808,0x08080808,0x08080808,0x08080808,0x08080808

	.word 0x08080808,0x08080808,0x08080808,0x08080808,0x08080808,0x08080808,0x08080808,0x08080808
	.word 0x08080808,0x08080808,0x08080808,0x08080808,0x08080808,0x08080808,0x08080808,0x08080808
	.word 0x08080808,0x08080808,0x08080808,0x08080808,0x08080808,0x08080808,0x08080808,0x08080808
	.word 0x08080808,0x08080808,0x08080808,0x08080808,0x08080808,0x08080808,0x08080808,0x08080808
	.word 0x08080808,0x08080808,0x08080808,0x08080808,0x08080808,0x08080808,0x08080808,0x08080808
	.word 0x08080808,0x08080808,0x08080808,0x08080808,0x08080808,0x08080808,0x08080808,0x08080808
	.word 0x08080808,0x08080808,0x08080808,0x08080808,0x08080808,0x08080808,0x08080808,0x08080808
	.word 0x08080808,0x08080808,0x08080808,0x08080808,0x08080808,0x08080808,0x08080808,0x08080808

	.word 0x08080808,0x08080808,0x08080808,0x08080808,0x08080808,0x08080808,0x08080808,0x08080808
	.word 0x08080808,0x08080808,0x08080808,0x08080808,0x08080808,0x08080808,0x08080808,0x08080808
	.word 0x08080808,0x08080808,0x08080808,0x08080808,0x08080808,0x08080808,0x08080808,0x08080808
	.word 0x08080808,0x08080808,0x08080808,0x08080808,0x08080808,0x08080808,0x08080808,0x08080808
	.word 0x08080808,0x08080808,0x08080808,0x08080808,0x08080808,0x08080808,0x08080808,0x08080808
	.word 0x08080808,0x08080808,0x08080808,0x08080808,0x08080808,0x08080808,0x08080808,0x08080808
	.word 0x08080808,0x08080808,0x08080808,0x08080808,0x08080808,0x08080808,0x08080808,0x08080808
	.word 0x08080808,0x08080808,0x08080808,0x08080808,0x08080808,0x08080808,0x08080808,0x08080808

	.word 0x08080808,0x08080808,0x08080808,0x08080808,0x08080808,0x08080808,0x08080808,0x08080808
	.word 0x08080808,0x08080808,0x08080808,0x08080808,0x08080808,0x08080808,0x08080808,0x08080808
	.word 0x08080808,0x08080808,0x08080808,0x08080808,0x08080808,0x08080808,0x08080808,0x08080808
	.word 0x08080808,0x08080808,0x08080808,0x08080808,0x08080808,0x08080808,0x08080808,0x08080808
	.word 0x08080808,0x08080808,0x08080808,0x08080808,0x08080808,0x08080808,0x08080808,0x08080808
	.word 0x08080808,0x08080808,0x08080808,0x08080808,0x08080808,0x08080808,0x08080808,0x08080808
	.word 0x08080808,0x08080808,0x08080808,0x08080808,0x08080808,0x08080808,0x08080808,0x08080808
	.word 0x08080808,0x08080808,0x08080808,0x08080808,0x08080808,0x08080808,0x08080808,0x08080808

	.word 0x08080808,0x08080808,0x08080808,0x08080808,0x08080808,0x08080808,0x08080808,0x08080808
	.word 0x08080808,0x08080808,0x08080808,0x08080808,0x08080808,0x08080808,0x08080808,0x08080808
	.word 0x08080808,0x08080808,0x08080808,0x08080808,0x08080808,0x08080808,0x08080808,0x08080808
	.word 0x08080808,0x08080808,0x08080808,0x08080808,0x08080808,0x08080808,0x08080808,0x08080808
	.word 0x08080808,0x08080808,0x08080808,0x08080808,0x08080808,0x08080808,0x08080808,0x08080808
	.word 0x08080808,0x08080808,0x08080808,0x08080808,0x08080808,0x08080808,0x08080808,0x08080808
	.word 0x08080808,0x08080808,0x08080808,0x08080808,0x08080808,0x08080808,0x08080808,0x08080808
	.word 0x08080808,0x08080808,0x08080808,0x08080808,0x08080808,0x08080808,0x08080808,0x08080808

	.section .rodata
	.align	2
	.global blankPal		@ 512 unsigned chars
	.hidden blankPal
blankPal:
	.hword 0x0000,0x5648,0x6F7B,0x1545,0x5671,0x1930,0x1482,0x4E50
	.hword 0x2AAB,0x7FFF,0x36F8,0x732B,0x0020,0x1EFD,0x5F2F,0x0841
	.hword 0x66CA,0x19A7,0x5AB2,0x18C6,0x0001,0x0420,0x2924,0x0C61
	.hword 0x14CB,0x0441,0x1D51,0x6AEA,0x1CC3,0x5E89,0x739C,0x32F9
	.hword 0x1DE8,0x0021,0x0421,0x5B11,0x14A4,0x5692,0x5AB3,0x0882
	.hword 0x6AEB,0x1CE7,0x3165,0x0C62,0x5B10,0x2209,0x36F9,0x5A92
	.hword 0x5EA9,0x3AF8,0x2504,0x66EA,0x0461,0x1082,0x1E08,0x5271
	.hword 0x0842,0x2EFA,0x62A9,0x5A69,0x1586,0x19C7,0x632F,0x32FA

	.hword 0x18A2,0x2D44,0x18A5,0x5F30,0x22FD,0x3565,0x1063,0x6B0B
	.hword 0x5F10,0x1566,0x0462,0x1CC6,0x18EC,0x0C63,0x62AA,0x20E3
	.hword 0x0041,0x1950,0x5668,0x0000,0x0000,0x0000,0x0000,0x0000
	.hword 0x0000,0x0000,0x0000,0x0000,0x0000,0x0000,0x0000,0x0000
	.hword 0x0000,0x0000,0x0000,0x0000,0x0000,0x0000,0x0000,0x0000
	.hword 0x0000,0x0000,0x0000,0x0000,0x0000,0x0000,0x0000,0x0000
	.hword 0x0000,0x0000,0x0000,0x0000,0x0000,0x0000,0x0000,0x0000
	.hword 0x0000,0x0000,0x0000,0x0000,0x0000,0x0000,0x0000,0x0000

	.hword 0x0000,0x0000,0x0000,0x0000,0x0000,0x0000,0x0000,0x0000
	.hword 0x0000,0x0000,0x0000,0x0000,0x0000,0x0000,0x0000,0x0000
	.hword 0x0000,0x0000,0x0000,0x0000,0x0000,0x0000,0x0000,0x0000
	.hword 0x0000,0x0000,0x0000,0x0000,0x0000,0x0000,0x0000,0x0000
	.hword 0x0000,0x0000,0x0000,0x0000,0x0000,0x0000,0x0000,0x0000
	.hword 0x0000,0x0000,0x0000,0x0000,0x0000,0x0000,0x0000,0x0000
	.hword 0x0000,0x0000,0x0000,0x0000,0x0000,0x0000,0x0000,0x0000
	.hword 0x0000,0x0000,0x0000,0x0000,0x0000,0x0000,0x0000,0x0000

	.hword 0x0000,0x0000,0x0000,0x0000,0x0000,0x0000,0x0000,0x0000
	.hword 0x0000,0x0000,0x0000,0x0000,0x0000,0x0000,0x0000,0x0000
	.hword 0x0000,0x0000,0x0000,0x0000,0x0000,0x0000,0x0000,0x0000
	.hword 0x0000,0x0000,0x0000,0x0000,0x0000,0x0000,0x0000,0x0000
	.hword 0x0000,0x0000,0x0000,0x0000,0x0000,0x0000,0x0000,0x0000
	.hword 0x0000,0x0000,0x0000,0x0000,0x0000,0x0000,0x0000,0x0000
	.hword 0x0000,0x0000,0x0000,0x0000,0x0000,0x0000,0x0000,0x0000
	.hword 0x0000,0x0000,0x0000,0x0000,0x0000,0x0000,0x0000,0x0000

@}}BLOCK(blank)
