
@{{BLOCK(general)

@=======================================================================
@
@	general, 256x192@8, 
@	Transparent color : FF,00,FF
@	+ palette 256 entries, not compressed
@	+ bitmap not compressed
@	Total size: 512 + 49152 = 49664
@
@	Time-stamp: 2026-04-02, 00:18:06
@	Exported by Cearn's GBA Image Transmogrifier, v0.9.2
@	( http://www.coranac.com/projects/#grit )
@
@=======================================================================

	.section .rodata
	.align	2
	.global generalBitmap		@ 49152 unsigned chars
	.hidden generalBitmap
generalBitmap:
	.word 0x5D5DC9C9,0xC9C95DC9,0x5D5DC9C9,0xC9C95DC9,0x5D5DC9C9,0xC9C95DC9,0x5D5DC9C9,0xC9C95DC9
	.word 0x5D5DC9C9,0xC9C95DC9,0x5D5DC9C9,0xC9C95DC9,0x5D5DC9C9,0xC9C95DC9,0x5D5DC9C9,0xC9C95DC9
	.word 0x5D5DC9C9,0xC9C95DC9,0x5D5DC9C9,0x5DC95DC9,0x5D5D5DC9,0x5DC95DC9,0x5D5D5DC9,0x5DC95DC9
	.word 0x5D5D5DC9,0x5DC95DC9,0x5D5D5DC9,0x5DC95DC9,0x5D5D5DC9,0x5DC95DC9,0x5D5D5DC9,0x5DC95DC9
	.word 0x5D5D5DC9,0x5DC95DC9,0x5D5D5DC9,0x5DC95DC9,0x5D5D5DC9,0x5DC95DC9,0x5D5D5DC9,0x5DC95DC9
	.word 0x5D5D5DC9,0x5DC95DC9,0x5D5D5DC9,0x5DC95DC9,0x5D5D5DC9,0xC9C9C9C9,0x5D5D5DC9,0xC9C9C9C9
	.word 0x5D5D5DC9,0xC9C9C9C9,0x5D5D5DC9,0xC9C9C9C9,0x5D5D5DC9,0xC9C9C9C9,0x5D5D5DC9,0xC9C9C9C9
	.word 0x5D5D5DC9,0xC9C9C9C9,0x5D5D5DC9,0xC9C9C9C9,0x5D5D5DC9,0xC9C9C9C9,0xDF5D5DC9,0x89363636

	.word 0x2A2A2A2A,0x2A2A2A2A,0x2A2A2A2A,0x2A2A2A2A,0x2A2A2A2A,0x2A2A2A2A,0x2A2A2A2A,0x2A2A2A2A
	.word 0x2A2A2A2A,0x2A2A2A2A,0x2A2A2A2A,0x2A2A2A2A,0x2A2A2A2A,0x2A2A2A2A,0x2A2A2A2A,0x2A2A2A2A
	.word 0x2A2A2A2A,0x2A2A2A2A,0x2A2A2A2A,0x2A2A2A2A,0x2A2A2A2A,0x2A2A2A2A,0x2A2A2A2A,0x2A2A2A2A
	.word 0x2A2A2A2A,0x2A2A2A2A,0x2A2A2A2A,0x2A2A2A2A,0x2A2A2A2A,0x2A2A2A2A,0x2A2A2A2A,0x2A2A2A2A
	.word 0x2A2A2A2A,0x2A2A2A2A,0x2A2A2A2A,0x2A2A2A2A,0x2A2A2A2A,0x2A2A2A2A,0x2A2A2A2A,0x2A2A2A2A
	.word 0x2A2A2A2A,0x2A2A2A2A,0x2A2A2A2A,0x2A2A2A2A,0x2A2A2A2A,0x2A2A2A2A,0x2A2A2A2A,0x2A2A2A2A
	.word 0x2A2A2A2A,0x2A2A2A2A,0x2A2A2A2A,0x2A2A2A2A,0x2A2A2A2A,0x2A2A2A2A,0x2A2A2A2A,0x2A2A2A2A
	.word 0x2A2A2A2A,0x2A2A2A2A,0x2A2A2A2A,0x2A2A2A2A,0x7777172A,0x77777777,0xE12A2AAE,0x36C5C53F

	.word 0x2A2A2A2A,0x2A2A2A2A,0x2A2A2A2A,0x2A2A2A2A,0x2A2A2A2A,0x2A2A2A2A,0x2A2A2A2A,0x2A2A2A2A
	.word 0x2A2A2A2A,0x2A2A2A2A,0x2A2A2A2A,0x2A2A2A2A,0x2A2A2A2A,0x2A2A2A2A,0x2A2A2A2A,0x2A2A2A2A
	.word 0x2A2A2A2A,0x2A2A2A2A,0x2A2A2A2A,0x2A2A2A2A,0x2A2A2A2A,0x2A2A2A2A,0x2A2A2A2A,0x2A2A2A2A
	.word 0x2A2A2A2A,0x2A2A2A2A,0x2A2A2A2A,0x2A2A2A2A,0x2A2A2A2A,0x2A2A2A2A,0x2A2A2A2A,0x2A2A2A2A
	.word 0x2A2A2A2A,0x2A2A2A2A,0x2A2A2A2A,0x2A2A2A2A,0x2A2A2A2A,0x2A2A2A2A,0x2A2A2A2A,0x2A2A2A2A
	.word 0x2A2A2A2A,0x2A2A2A2A,0x2A2A2A2A,0x2A2A2A2A,0x2A2A2A2A,0x2A2A2A2A,0x2A2A2A2A,0x2A2A2A2A
	.word 0x2A2A2A2A,0x2A2A2A2A,0x2A2A2A2A,0x2A2A2A2A,0x2A2A2A2A,0x2A2A2A2A,0x2A2A2A2A,0x2A2A2A2A
	.word 0x2A2A2A2A,0x2A2A2A2A,0x2A2A2A2A,0x777777FD,0xC5C53F77,0xA5C5C5C5,0x2A2A2AE1,0x36C5C577

	.word 0x2A2A2A2A,0x2A2A2A2A,0x2A2A2A2A,0x2A2A2A2A,0x2A2A2A2A,0x2A2A2A2A,0x2A2A2A2A,0x2A2A2A2A
	.word 0x2A2A2A2A,0x2A2A2A2A,0x2A2A2A2A,0x2A2A2A2A,0x2A2A2A2A,0x2A2A2A2A,0x2A2A2A2A,0x2A2A2A2A
	.word 0x2A2A2A2A,0x2A2A2A2A,0x2A2A2A2A,0x2A2A2A2A,0x2A2A2A2A,0x2A2A2A2A,0x2A2A2A2A,0x2A2A2A2A
	.word 0x2A2A2A2A,0x2A2A2A2A,0x2A2A2A2A,0x2A2A2A2A,0x2A2A2A2A,0x2A2A2A2A,0x2A2A2A2A,0x2A2A2A2A
	.word 0x2A2A2A2A,0x2A2A2A2A,0x2A2A2A2A,0x2A2A2A2A,0x2A2A2A2A,0x2A2A2A2A,0x2A2A2A2A,0x2A2A2A2A
	.word 0x2A2A2A2A,0x2A2A2A2A,0x2A2A2A2A,0x2A2A2A2A,0x2A2A2A2A,0x2A2A2A2A,0x2A2A2A2A,0x2A2A2A2A
	.word 0x2A2A2A2A,0x2A2A2A2A,0x2A2A2A2A,0x2A2A2A2A,0x2A2A2A2A,0x2A2A2A2A,0x2A2A2A2A,0x2A2A2A2A
	.word 0x2A2A2A2A,0x2A2A2A2A,0x2A2A2A2A,0xC5C5C526,0xC5C5C5C5,0xE177A5C5,0x2A2A2A2A,0x36C53FE1

	.word 0x2A2A2A2A,0x2A2A2A2A,0x2A2A2A2A,0x2A2A2A2A,0x2A2A2A2A,0x2A2A2A2A,0x2A2A2A2A,0x2A2A2A2A
	.word 0x2A2A2A2A,0x2A2A2A2A,0x2A2A2A2A,0x2A2A2A2A,0x2A2A2A2A,0x2A2A2A2A,0x2A2A2A2A,0x2A2A2A2A
	.word 0x2A2A2A2A,0x2A2A2A2A,0x2A2A2A2A,0x2A2A2A2A,0x2A2A2A2A,0x2A2A2A2A,0x2A2A2A2A,0x2A2A2A2A
	.word 0x2A2A2A2A,0x2A2A2A2A,0x2A2A2A2A,0x2A2A2A2A,0x2A2A2A2A,0x2A2A2A2A,0x2A2A2A2A,0x2A2A2A2A
	.word 0x2A2A2A2A,0x2A2A2A2A,0x2A2A2A2A,0x2A2A2A2A,0x2A2A2A2A,0x2A2A2A2A,0x2A2A2A2A,0x2A2A2A2A
	.word 0x2A2A2A2A,0x2A2A2A2A,0x2A2A2A2A,0x2A2A2A2A,0x2A2A2A2A,0x2A2A2A2A,0x2A2A2A2A,0x2A2A2A2A
	.word 0x2A2A2A2A,0x2A2A2A2A,0x2A2A2A2A,0x2A2A2A2A,0x2A2A2A2A,0x2A2A2A2A,0x2A2A2A2A,0x2A2A2A2A
	.word 0x2A2A2A2A,0x2A2A2A2A,0x2A2A2A2A,0xC5C5C526,0x777777A5,0x2A2AE177,0x2A2A2A2A,0x36C5772A

	.word 0x2A2A2A2A,0x2A2A2A2A,0x2A2A2A2A,0x2A2A2A2A,0x2A2A2A2A,0x2A2A2A2A,0x2A2A2A2A,0x2A2A2A2A
	.word 0xC3C3C3C3,0xC3C3C3C3,0x2A2A2AC3,0x2A2A2A2A,0x2A2A2A2A,0x2A2A2A2A,0x2A2A2A2A,0x2A2A2A2A
	.word 0x2A2A2A2A,0x2A2A2A2A,0x2A2A2A2A,0x2A2A2A2A,0x2A2A2A2A,0x2A2A2A2A,0x2A2A2A2A,0x2A2A2A2A
	.word 0x2A2A2A2A,0x2A2A2A2A,0x2A2A2A2A,0x2A2A2A2A,0x2A2A2A2A,0x2A2A2A2A,0x2A2A2A2A,0x2A2A2A2A
	.word 0x2A2A2A2A,0x2A2A2A2A,0x2A2A2A2A,0x2A2A2A2A,0x2A2A2A2A,0x2A2A2A2A,0x2A2A2A2A,0x2A2A2A2A
	.word 0x2A2A2A2A,0x2A2A2A2A,0x2A2A2A2A,0x2A2A2A2A,0x2A2A2A2A,0x2A2A2A2A,0x2A2A2A2A,0x2A2A2A2A
	.word 0x2A2A2A2A,0x2A2A2A2A,0x2A2A2A2A,0x2A2A2A2A,0x2A2A2A2A,0x2A2A2A2A,0x2A2A2A2A,0x2A2A2A2A
	.word 0x2A2A2A2A,0x2A2A2A2A,0x2A2A2A2A,0x777777FD,0x2A2A2AAE,0x2A2A2A2A,0x2A2A2A2A,0x363F172A

	.word 0x2A2A2A2A,0x2A2A2A2A,0x2A2A2A2A,0x2A2A2A2A,0x2A2A2A2A,0x2A2A2A2A,0x2A2A2A2A,0xC3C3C3C3
	.word 0x00000000,0x00000000,0x2A2AC300,0x2A2A2A2A,0x2A2A2A2A,0x2A2A2A2A,0x2A2A2A2A,0x2A2A2A2A
	.word 0x2A2A2A2A,0x2A2A2A2A,0x2A2A2A2A,0x2A2A2A2A,0x2A2A2A2A,0x2A2A2A2A,0x2A2A2A2A,0x2A2A2A2A
	.word 0x2A2A2A2A,0x2A2A2A2A,0x2A2A2A2A,0x2A2A2A2A,0x2A2A2A2A,0x2A2A2A2A,0x2A2A2A2A,0x2A2A2A2A
	.word 0x2A2A2A2A,0x2A2A2A2A,0x2A2A2A2A,0x2A2A2A2A,0x2A2A2A2A,0x2A2A2A2A,0x2A2A2A2A,0x2A2A2A2A
	.word 0x2A2A2A2A,0x2A2A2A2A,0x2A2A2A2A,0x2A2A2A2A,0x2A2A2A2A,0x2A2A2A2A,0x2A2A2A2A,0x2A2A2A2A
	.word 0x2A2A2A2A,0x2A2A2A2A,0x2A2A2A2A,0x2A2A2A2A,0x2A2A2A2A,0x2A2A2A2A,0x2A2A2A2A,0x2A2A2A2A
	.word 0x2A2A2A2A,0x2A2A2A2A,0x2A2A2A2A,0x2A2A2A2A,0x2A2A2A2A,0x2A2A2A2A,0x2A2A2A2A,0xDFE12A2A

	.word 0x2A2A2A2A,0x2A2A2A2A,0x2A2A2A2A,0x2A2A2A2A,0x2A2A2A2A,0x2A2A2A2A,0x2A2A2A2A,0x00000000
	.word 0x8D8D8D00,0x008D8D8D,0x2A2A0000,0x2A2A2A2A,0x2A2A2A2A,0x2A2A2A2A,0x2A2A2A2A,0x2A2A2A2A
	.word 0x2A2A2A2A,0x2A2A2A2A,0x2A2A2A2A,0x2A2A2A2A,0x2A2A2A2A,0x2A2A2A2A,0x2A2A2A2A,0x2A2A2A2A
	.word 0x2A2A2A2A,0x2A2A2A2A,0x2A2A2A2A,0x2A2A2A2A,0x2A2A2A2A,0x2A2A2A2A,0x2A2A2A2A,0x2A2A2A2A
	.word 0x2A2A2A2A,0x2A2A2A2A,0x2A2A2A2A,0x2A2A2A2A,0x2A2A2A2A,0x2A2A2A2A,0x2A2A2A2A,0x2A2A2A2A
	.word 0x2A2A2A2A,0x2A2A2A2A,0x2A2A2A2A,0x2A2A2A2A,0x2A2A2A2A,0x2A2A2A2A,0x2A2A2A2A,0x2A2A2A2A
	.word 0x2A2A2A2A,0x2A2A2A2A,0x2A2A2A2A,0x2A2A2A2A,0x2A2A2A2A,0x2A2A2A2A,0x2A2A2A2A,0x2A2A2A2A
	.word 0x2A2A2A2A,0x2A2A2A2A,0x2A2A2A2A,0x2A2A2A2A,0x2A2A2A2A,0x2A2A2A2A,0x2727E12A,0x5D2A2A88

	.word 0x2A2A2A2A,0x2A2A2A2A,0x2A2A2A2A,0x2A2A2A2A,0x2A2A2A2A,0x2A2A2A2A,0x2A2A2A2A,0x8D8D0000
	.word 0x2121218D,0x8D212121,0x2A2A0000,0x2A2A2A2A,0x2A2A2A2A,0x2A2A2A2A,0x2A2A2A2A,0x2A2A2A2A
	.word 0x2A2A2A2A,0x2A2A2A2A,0x2A2A2A2A,0x2A2A2A2A,0x2A2A2A2A,0x2A2A2A2A,0x2A2A2A2A,0x2A2A2A2A
	.word 0x2A2A2A2A,0x2A2A2A2A,0x2A2A2A2A,0x2A2A2A2A,0x2A2A2A2A,0x2A2A2A2A,0x2A2A2A2A,0x2A2A2A2A
	.word 0x2A2A2A2A,0x2A2A2A2A,0x2A2A2A2A,0x2A2A2A2A,0x2A2A2A2A,0x2A2A2A2A,0x2A2A2A2A,0x2A2A2A2A
	.word 0x2A2A2A2A,0x2A2A2A2A,0x2A2A2A2A,0x2A2A2A2A,0x2A2A2A2A,0x2A2A2A2A,0x2A2A2A2A,0x2A2A2A2A
	.word 0x2A2A2A2A,0x2A2A2A2A,0x2A2A2A2A,0x2A2A2A2A,0x2A2A2A2A,0x2A2A2A2A,0x2A2A2A2A,0x2A2A2A2A
	.word 0x2A2A2A2A,0x2A2A2A2A,0x2A2A2A2A,0x2A2A2A2A,0x2A2A2A2A,0x2A2A2A2A,0xC5C5CBAE,0xC92A2A77

	.word 0x2A2A2A2A,0x2A2A2A2A,0x2A2A2A2A,0x2A2A2A2A,0x2A2A2A2A,0x2A2A2A2A,0x2A2A2A2A,0x21210000
	.word 0x21212121,0x21212121,0x2A2A0000,0x2A2A2A2A,0x2A2A2A2A,0x2A2A2A2A,0x2A2A2A2A,0x2A2A2A2A
	.word 0x2A2A2A2A,0x2A2A2A2A,0x2A2A2A2A,0x2A2A2A2A,0x2A2A2A2A,0x2A2A2A2A,0x2A2A2A2A,0x2A2A2A2A
	.word 0x2A2A2A2A,0x2A2A2A2A,0x2A2A2A2A,0x2A2A2A2A,0x2A2A2A2A,0x2A2A2A2A,0x2A2A2A2A,0x2A2A2A2A
	.word 0x2A2A2A2A,0x2A2A2A2A,0x2A2A2A2A,0x2A2A2A2A,0x2A2A2A2A,0x2A2A2A2A,0x2A2A2A2A,0x2A2A2A2A
	.word 0x2A2A2A2A,0x2A2A2A2A,0x2A2A2A2A,0x2A2A2A2A,0x2A2A2A2A,0x2A2A2A2A,0x2A2A2A2A,0x2A2A2A2A
	.word 0x2A2A2A2A,0x2A2A2A2A,0x2A2A2A2A,0x2A2A2A2A,0x2A2A2A2A,0x2A2A2A2A,0x2A2A2A2A,0x2A2A2A2A
	.word 0x2A2A2A2A,0x2A2A2A2A,0x2A2A2A2A,0x2A2A2A2A,0x2A2A2A2A,0xE12A2A2A,0x3FC5C5CB,0x5D2A2AE1

	.word 0x2A2A2A2A,0x2A2A2A2A,0x2A2A2A2A,0x2A2A2A2A,0x2A2A2A2A,0x2A2A2A2A,0x2A2A2A2A,0x21210000
	.word 0x21212121,0x21212121,0x2A2A0000,0x2A2A2A2A,0x2A2A2A2A,0x2A2A2A2A,0x2A2A2A2A,0x2A2A2A2A
	.word 0x2A2A2A2A,0x2A2A2A2A,0x2A2A2A2A,0x2A2A2A2A,0x2A2A2A2A,0x2A2A2A2A,0x2A2A2A2A,0x2A2A2A2A
	.word 0x2A2A2A2A,0x2A2A2A2A,0x2A2A2A2A,0x2A2A2A2A,0x2A2A2A2A,0x2A2A2A2A,0x2A2A2A2A,0x2A2A2A2A
	.word 0x2A2A2A2A,0x2A2A2A2A,0x2A2A2A2A,0x2A2A2A2A,0x2A2A2A2A,0x2A2A2A2A,0x2A2A2A2A,0x2A2A2A2A
	.word 0x2A2A2A2A,0x2A2A2A2A,0x2A2A2A2A,0x2A2A2A2A,0x2A2A2A2A,0x2A2A2A2A,0x2A2A2A2A,0x2A2A2A2A
	.word 0x2A2A2A2A,0x2A2A2A2A,0x2A2A2A2A,0x2A2A2A2A,0x2A2A2A2A,0x2A2A2A2A,0x2A2A2A2A,0x2A2A2A2A
	.word 0x2A2A2A2A,0x2A2A2A2A,0x2A2A2A2A,0x2A2A2A2A,0x2A2A2A2A,0xA5E12A2A,0xE13FC5C5,0x5D2A2A2A

	.word 0x2A2A2A2A,0x2A2A2A2A,0x2A2A2A2A,0x2A2A2A2A,0x2A2A2A2A,0x2A2A2A2A,0x2A2A2A2A,0x21210000
	.word 0x21212121,0x21212121,0x2A2A0000,0x2A2A2A2A,0x2A2A2A2A,0x2A2A2A2A,0x2A2A2A2A,0x2A2A2A2A
	.word 0x2A2A2A2A,0x2A2A2A2A,0x2A2A2A2A,0x2A2A2A2A,0x2A2A2A2A,0x2A2A2A2A,0x2A2A2A2A,0x2A2A2A2A
	.word 0x2A2A2A2A,0x2A2A2A2A,0x2A2A2A2A,0x2A2A2A2A,0x2A2A2A2A,0x2A2A2A2A,0x2A2A2A2A,0x2A2A2A2A
	.word 0x2A2A2A2A,0x2A2A2A2A,0x2A2A2A2A,0x2A2A2A2A,0x2A2A2A2A,0x2A2A2A2A,0x2A2A2A2A,0x2A2A2A2A
	.word 0x2A2A2A2A,0x2A2A2A2A,0x2A2A2A2A,0x2A2A2A2A,0x2A2A2A2A,0x2A2A2A2A,0x2A2A2A2A,0x2A2A2A2A
	.word 0x2A2A2A2A,0x2A2A2A2A,0x2A2A2A2A,0x2A2A2A2A,0x2A2A2A2A,0x2A2A2A2A,0x2A2A2A2A,0x2A2A2A2A
	.word 0x2A2A2A2A,0x2A2A2A2A,0x2A2A2A2A,0x2A2A2A2A,0x2A2A2A2A,0xC5CB27E1,0x2AE1263F,0x5D2A2A2A

	.word 0x2A2A2A2A,0x2A2A2A2A,0x2A2A2A2A,0x2A2A2A2A,0x2A2A2A2A,0x2A2A2A2A,0x2A2A2A2A,0x21210000
	.word 0x21212121,0x21212121,0x2A2A0000,0x2A2A2A2A,0x2A2A2A2A,0x2A2A2A2A,0x2A2A2A2A,0x2A2A2A2A
	.word 0x2A2A2A2A,0x2A2A2A2A,0x2A2A2A2A,0x2A2A2A2A,0x2A2A2A2A,0x2A2A2A2A,0x2A2A2A2A,0x2A2A2A2A
	.word 0x2A2A2A2A,0x2A2A2A2A,0x2A2A2A2A,0x2A2A2A2A,0x2A2A2A2A,0x2A2A2A2A,0x2A2A2A2A,0x2A2A2A2A
	.word 0x2A2A2A2A,0x2A2A2A2A,0x2A2A2A2A,0x2A2A2A2A,0x2A2A2A2A,0x2A2A2A2A,0x2A2A2A2A,0x2A2A2A2A
	.word 0x2A2A2A2A,0x2A2A2A2A,0x2A2A2A2A,0x2A2A2A2A,0x2A2A2A2A,0x2A2A2A2A,0x2A2A2A2A,0x2A2A2A2A
	.word 0x2A2A2A2A,0x2A2A2A2A,0x2A2A2A2A,0x2A2A2A2A,0x2A2A2A2A,0x2A2A2A2A,0x2A2A2A2A,0x2A2A2A2A
	.word 0x2A2A2A2A,0x2A2A2A2A,0x2A2A2A2A,0x2A2A2A2A,0x27AE2A2A,0x3FC5C5A5,0x2A2A2AE1,0x5D2A2A2A

	.word 0x2A2A2A2A,0x2A2A2A2A,0x2A2A2A2A,0x2A2A2A2A,0x2A2A2A2A,0x2A2A2A2A,0x2A2A2A2A,0x21210000
	.word 0x21212121,0x21212121,0x2A2A0000,0x2A2A2A2A,0x2A2A2A2A,0x2A2A2A2A,0x2A2A2A2A,0x2A2A2A2A
	.word 0x2A2A2A2A,0x2A2A2A2A,0x2A2A2A2A,0x2A2A2A2A,0x2A2A2A2A,0x2A2A2A2A,0x2A2A2A2A,0x2A2A2A2A
	.word 0x2A2A2A2A,0x2A2A2A2A,0x2A2A2A2A,0x2A2A2A2A,0x2A2A2A2A,0x2A2A2A2A,0x2A2A2A2A,0x2A2A2A2A
	.word 0x2A2A2A2A,0x2A2A2A2A,0x2A2A2A2A,0x2A2A2A2A,0x2A2A2A2A,0x2A2A2A2A,0x2A2A2A2A,0x2A2A2A2A
	.word 0x2A2A2A2A,0x2A2A2A2A,0x2A2A2A2A,0x2A2A2A2A,0x2A2A2A2A,0x2A2A2A2A,0x2A2A2A2A,0x2A2A2A2A
	.word 0x2A2A2A2A,0x2A2A2A2A,0x2A2A2A2A,0x2A2A2A2A,0x2A2A2A2A,0x2A2A2A2A,0x2A2A2A2A,0x2A2A2A2A
	.word 0x2A2A2A2A,0x2A2A2A2A,0x2A2A2A2A,0x2A2A2A2A,0xC5CBE12A,0xE126CBC5,0x2A2A2A2A,0xC92A2A2A

	.word 0x2A2A2A2A,0x2A2A2A2A,0x2A2A2A2A,0x2A2A2A2A,0x2A2A2A2A,0x2A2A2A2A,0x2A2A2A2A,0x21210000
	.word 0x21212121,0x21212121,0x2A2A0000,0x2A2A2A2A,0x2A2A2A2A,0x2A2A2A2A,0x2A2A2A2A,0x2A2A2A2A
	.word 0x2A2A2A2A,0x2A2A2A2A,0x2A2A2A2A,0x2A2A2A2A,0x2A2A2A2A,0x2A2A2A2A,0x2A2A2A2A,0x2A2A2A2A
	.word 0x2A2A2A2A,0x2A2A2A2A,0x2A2A2A2A,0x2A2A2A2A,0x2A2A2A2A,0x2A2A2A2A,0x2A2A2A2A,0x2A2A2A2A
	.word 0x2A2A2A2A,0x2A2A2A2A,0x2A2A2A2A,0x2A2A2A2A,0x2A2A2A2A,0x2A2A2A2A,0x2A2A2A2A,0x2A2A2A2A
	.word 0x2A2A2A2A,0x2A2A2A2A,0x2A2A2A2A,0x2A2A2A2A,0x2A2A2A2A,0x2A2A2A2A,0x2A2A2A2A,0x2A2A2A2A
	.word 0x2A2A2A2A,0x2A2A2A2A,0x2A2A2A2A,0x2A2A2A2A,0x2A2A2A2A,0x2A2A2A2A,0x2A2A2A2A,0x2A2A2A2A
	.word 0x2A2A2A2A,0x2A2A2A2A,0x2A2A2A2A,0x2A2A2A2A,0xC5C5262A,0x2A2AE1CB,0x2A2A2A2A,0x5D2A2A2A

	.word 0x2A2A2A2A,0x2A2A2A2A,0x2A2A2A2A,0x2A2A2A2A,0x2A2A2A2A,0x2A2A2A2A,0x2A2A2A2A,0x21210000
	.word 0x21212121,0x21212121,0x2A990000,0x2A2A2A2A,0x2A2A2A2A,0x2A2A2A2A,0x2A2A2A2A,0x2A2A2A2A
	.word 0x2A2A2A2A,0x2A2A2A2A,0x2A2A2A2A,0x2A2A2A2A,0x2A2A2A2A,0x2A2A2A2A,0x2A2A2A2A,0x2A2A2A2A
	.word 0x2A2A2A2A,0x2A2A2A2A,0x2A2A2A2A,0x2A2A2A2A,0x2A2A2A2A,0x99999999,0x99999999,0x99999999
	.word 0x99999999,0x99999999,0x99999999,0x99999999,0x99999999,0x99999999,0x99999999,0x99999999
	.word 0xF3999999,0x2A2A2A2A,0x2A2A2A2A,0x2A2A2A2A,0x2A2A2A2A,0x2A2A2A2A,0x2A2A2A2A,0x2A2A2A2A
	.word 0x2A2A2A2A,0x2A2A2A2A,0x2A2A2A2A,0x99999939,0x99999999,0x99999999,0x99999999,0x99999999
	.word 0x99999999,0x99999999,0x2A2AAD99,0x2A2A2A2A,0x2626FD2A,0x2A2A2AE1,0x2A2A2A2A,0x52882A2A

	.word 0x2A2A2A6D,0x2A2A2A2A,0x2A2A2A2A,0x2A2A2A2A,0x2A2A2A2A,0x2A2A2A2A,0x2A2A2A2A,0x21210000
	.word 0x21212121,0x21212121,0x2A00003D,0x2A2A2A2A,0x2A2A2A2A,0x2A2A2A2A,0x2A2A2A2A,0x2A2A2A2A
	.word 0x2A2A2A2A,0x2A2A2A2A,0x2A2A2A2A,0x2A2A2A2A,0x2A2A2A2A,0x2A2A2A2A,0x2A2A2A2A,0x2A2A2A2A
	.word 0x2A2A2A2A,0x2A2A2A2A,0x2A2A2A2A,0x2A2A2A2A,0x992A2A2A,0x00000000,0x00000000,0x00000000
	.word 0x00000000,0x00000000,0x00000000,0x00000000,0x00000000,0x00000000,0x00000000,0x00000000
	.word 0x66000000,0x99999999,0x99999999,0x99999999,0x99999999,0x99999999,0x99999999,0x99999999
	.word 0x99999999,0x99999999,0x99999999,0x00000098,0x00000000,0x00000000,0x00000000,0x00000000
	.word 0x00000000,0x00000000,0x2AAD8F00,0x2A2A2A2A,0x2A2A2A2A,0x2A2A2A2A,0x2A2A2A2A,0x36A5882A

	.word 0x2A2AFBA0,0x2A2A2A2A,0x2A2A2A2A,0x2A2A2A2A,0x2A2A2A2A,0x2A2A2A2A,0x2A2A2A2A,0x21210000
	.word 0x21212121,0x21212121,0x2A000021,0x2A2A2A2A,0x2A2A2A2A,0x2A2A2A2A,0x2A2A2A2A,0x2A2A2A2A
	.word 0x2A2A2A2A,0x2A2A2A2A,0x2A2A2A2A,0x2A2A2A2A,0x2A2A2A2A,0x2A2A2A2A,0x2A2A2A2A,0x2A2A2A2A
	.word 0x2A2A2A2A,0x2A2A2A2A,0x2A2A2A2A,0x2A2A2A2A,0x002A2A2A,0x64646400,0x64646464,0x64646464
	.word 0x64646464,0x64646464,0x64646464,0x64646464,0x64646464,0x64646464,0x64646464,0xA7646464
	.word 0x00000000,0x00000000,0x00000000,0x00000000,0x00000000,0x00000000,0x00000000,0x00000000
	.word 0x00000000,0x00000000,0x00000000,0x91000000,0x64646464,0x64646464,0x64646464,0x64646464
	.word 0x64646464,0x24646464,0x2AFB0000,0x2A2A2A2A,0x2A2A2A2A,0x2A2A2A2A,0x2A2A2A2A,0x36C5A588

	.word 0x2A2A0000,0x2A2A2A2A,0x2A2A2A2A,0x2A2A2A2A,0x2A2A2A2A,0x2A2A2A2A,0x2A2A2A2A,0x21210000
	.word 0x21212121,0x21212121,0x2A000021,0x2A2A2A2A,0x2A2A2A2A,0x2A2A2A2A,0x2A2A2A2A,0x2A2A2A2A
	.word 0x2A2A2A2A,0x2A2A2A2A,0x2A2A2A2A,0x2A2A2A2A,0x2A2A2A2A,0x2A2A2A2A,0x2A2A2A2A,0x2A2A2A2A
	.word 0x2A2A2A2A,0x2A2A2A2A,0x2A2A2A2A,0x2A2A2A2A,0x002A2A2A,0x19191900,0x19191919,0x19191919
	.word 0x19191919,0x19191919,0x19191919,0x19191919,0x19191919,0x19191919,0x19191919,0xD2191919
	.word 0x64646464,0x64646464,0x64646464,0x64646464,0x64646464,0x64646464,0x64646464,0x64646464
	.word 0x64646464,0x64646464,0x64646464,0x8B646464,0x19191919,0x19191919,0x19191919,0x19191919
	.word 0x19191919,0x64191919,0x2A940000,0x2A2A2A2A,0x2A2A2A2A,0x2A2A2A2A,0x882A2A2A,0x36C5C5A5

	.word 0x2A2A0000,0x2A2A2A2A,0x2A2A2A2A,0x2A2A2A2A,0x2A2A2A2A,0x2A2A2A2A,0x2A2A2A2A,0x21210000
	.word 0x21212121,0x21212121,0x2A000021,0x2A2A2A2A,0x2A2A2A2A,0x2A2A2A2A,0x2A2A2A2A,0x2A2A2A2A
	.word 0x2A2A2A2A,0x2A2A2A2A,0x2A2A2A2A,0x2A2A2A2A,0x2A2A2A2A,0x2A2A2A2A,0x2A2A2A2A,0x2A2A2A2A
	.word 0x2A2A2A2A,0x2A2A2A2A,0x2A2A2A2A,0x2A2A2A2A,0x002A2A2A,0x19191900,0x19191919,0x19191919
	.word 0x19191919,0x19191919,0x19191919,0x19191919,0x19191919,0x19191919,0x19191919,0x19191919
	.word 0x19191919,0x19191919,0x19191919,0x19191919,0x19191919,0x19191919,0x19191919,0x19191919
	.word 0x19191919,0x19191919,0x19191919,0x19191919,0x19191919,0x19191919,0x19191919,0x19191919
	.word 0x19191919,0x0C191919,0x2A570024,0x2A2A2A2A,0x2A2A2A2A,0x2A2A2A2A,0x772A2A2A,0x2FDBC5C5

	.word 0x2A2A0000,0x2A2A2A2A,0x2A2A2A2A,0x2A2A2A2A,0x2A2A2A2A,0x2A2A2A2A,0x2A2A2A2A,0x21210000
	.word 0x21212121,0x21212121,0x2A000021,0x2A2A2A2A,0x2A2A2A2A,0x2A2A2A2A,0x2A2A2A2A,0x2A2A2A2A
	.word 0x2A2A2A2A,0x2A2A2A2A,0x2A2A2A2A,0x2A2A2A2A,0x2A2A2A2A,0x2A2A2A2A,0x2A2A2A2A,0x2A2A2A2A
	.word 0x2A2A2A2A,0x2A2A2A2A,0x2A2A2A2A,0x2A2A2A2A,0x002A2A2A,0x19191900,0x19191919,0x19191919
	.word 0x19191919,0x19191919,0x19191919,0x19191919,0x19191919,0x19191919,0x19191919,0x19191919
	.word 0x19191919,0x19191919,0x19191919,0x19191919,0x19191919,0x19191919,0x19191919,0x19191919
	.word 0x19191919,0x19191919,0x19191919,0x19191919,0x19191919,0x19191919,0x19191919,0x19191919
	.word 0x19191919,0x19191919,0x2AFB0064,0x2A2A2A2A,0x2A2A2A2A,0x2A2A2A2A,0x772A2A2A,0x5DFD3FC5

	.word 0x2A2A0000,0x2A2A2A2A,0x2A2A2A2A,0x2A2A2A2A,0x2A2A2A2A,0x2A2A2A2A,0x2A2A2A2A,0x21210000
	.word 0x21212121,0x21212121,0x2A000021,0x2A2A2A2A,0x2A2A2A2A,0x2A2A2A2A,0x2A2A2A2A,0x2A2A2A2A
	.word 0x2A2A2A2A,0x2A2A2A2A,0x2A2A2A2A,0x2A2A2A2A,0x2A2A2A2A,0x2A2A2A2A,0x2A2A2A2A,0x2A2A2A2A
	.word 0x2A2A2A2A,0x2A2A2A2A,0x2A2A2A2A,0x2A2A2A2A,0x002A2A2A,0x19191900,0x19191919,0x19191919
	.word 0x19191919,0x19191919,0x19191919,0x19191919,0x19191919,0x19191919,0x19191919,0x19191919
	.word 0x19191919,0x19191919,0x19191919,0x19191919,0x19191919,0x19191919,0x19191919,0x19191919
	.word 0x19191919,0x19191919,0x19191919,0x19191919,0x19191919,0x19191919,0x19191919,0x19191919
	.word 0x19191919,0x19191919,0x2A570064,0x2A2A2A2A,0x2A2A2A2A,0x2A2A2A2A,0xFD2A2A2A,0xC92AFDEC

	.word 0x2A2A0000,0x2A2A2A2A,0x2A2A2A2A,0x2A2A2A2A,0x2A2A2A2A,0x2A2A2A2A,0x2A2A2A2A,0x21210000
	.word 0x21212121,0x21212121,0x2A000021,0x2A2A2A2A,0x2A2A2A2A,0x2A2A2A2A,0x2A2A2A2A,0x2A2A2A2A
	.word 0x2A2A2A2A,0x2A2A2A2A,0x2A2A2A2A,0x2A2A2A2A,0x2A2A2A2A,0x2A2A2A2A,0x2A2A2A2A,0x2A2A2A2A
	.word 0x2A2A2A2A,0x2A2A2A2A,0x2A2A2A2A,0x2A2A2A2A,0x002A2A2A,0x19191900,0x19191919,0x19191919
	.word 0x19191919,0x19191919,0x19191919,0x19191919,0x19191919,0x19191919,0x19191919,0x19191919
	.word 0x19191919,0x19191919,0x19191919,0x19191919,0x19191919,0x19191919,0x19191919,0x19191919
	.word 0x19191919,0x19191919,0x19191919,0x19191919,0x19191919,0x4A191919,0x191945AB,0x19191919
	.word 0x19191919,0x19191919,0x2A940064,0x2A2A2A2A,0x2A2A2A2A,0x2A2A2A2A,0x2A2A2A2A,0x5D2A2A2A

	.word 0x2A2A0000,0x2A2A2A2A,0x2A2A2A2A,0x2A2A2A2A,0x2A2A2A2A,0x2A2A2A2A,0x2A2A2A2A,0x21210000
	.word 0x21212121,0x21212121,0x2A000021,0x2A2A2A2A,0x2A2A2A2A,0x2A2A2A2A,0x2A2A2A2A,0x2A2A2A2A
	.word 0x2A2A2A2A,0x2A2A2A2A,0x2A2A2A2A,0x2A2A2A2A,0x2A2A2A2A,0x2A2A2A2A,0x2A2A2A2A,0x2A2A2A2A
	.word 0x2A2A2A2A,0x2A2A2A2A,0x2A2A2A2A,0x2A2A2A2A,0x002A2A2A,0x19191900,0x19191919,0x19191919
	.word 0x19191919,0x19191919,0x19191919,0x19191919,0x19191919,0x19191919,0x19191919,0x19191919
	.word 0x19191919,0x19191919,0x43191919,0xBABABABA,0xA7BAABBA,0x19191919,0x19191919,0x19191919
	.word 0x19191919,0x19191919,0x19191919,0x19191919,0x19191919,0x15191919,0x19192400,0x19191919
	.word 0x19191919,0x19191919,0x2A570064,0x2A2A2A2A,0x2A2A2A2A,0x2A2A2A2A,0x2A2A2A2A,0x5D2A2A2A

	.word 0x2A2A0000,0x2A2A2A2A,0x2A2A2A2A,0x2A2A2A2A,0x2A2A2A2A,0x2A2A2A2A,0x2A2A2A2A,0x21210000
	.word 0x21212121,0x21212121,0x2A000021,0x2A2A2A2A,0x2A2A2A2A,0x2A2A2A2A,0x2A2A2A2A,0x2A2A2A2A
	.word 0x2A2A2A2A,0x2A2A2A2A,0x2A2A2A2A,0x2A2A2A2A,0x2A2A2A2A,0x2A2A2A2A,0x2A2A2A2A,0x2A2A2A2A
	.word 0x2A2A2A2A,0x2A2A2A2A,0x2A2A2A2A,0x2A2A2A2A,0x00942A2A,0x19191900,0x19191919,0x19191919
	.word 0x19191919,0x19191919,0x19191919,0x19191919,0x19191919,0x19191919,0x19191919,0x19191919
	.word 0x19191919,0x43191919,0x61BABABA,0x00000000,0x91000000,0x19191919,0x19191919,0x19191919
	.word 0x19191919,0x19191919,0x19191919,0x19191919,0x19191919,0x15191919,0x19192400,0x19191919
	.word 0x19191919,0x2B191919,0x2A940040,0x2A2A2A2A,0x2A2A2A2A,0x2A2A2A2A,0x2A2A2A2A,0xC92A2A2A

	.word 0x2A2A0000,0x2A2A2A2A,0x94949494,0x94949494,0x2A2A9494,0x2A2A2A2A,0x2A2A2A2A,0x21210000
	.word 0x21212121,0x21212121,0x2A000021,0x2A2A2A2A,0x2A2A2A2A,0x2A2A2A2A,0x2A2A2A2A,0x2A2A2A2A
	.word 0x2A2A2A2A,0x2A2A2A2A,0x2A2A2A2A,0x2A2A2A2A,0x2A2A2A2A,0x2A2A2A2A,0x2A2A2A2A,0x2A2A2A2A
	.word 0x2A2A2A2A,0x2A2A2A2A,0x2A2A2A2A,0x2A2A2A2A,0x00002A2A,0x19191945,0xBA191919,0x191919BA
	.word 0x19191919,0xBA191919,0xBABABABA,0x191919AB,0xBABABABA,0xBABABABA,0x19D6BABA,0x19191919
	.word 0x19191919,0x8E191919,0x00000000,0x45454200,0x8B454545,0x19191919,0x19191919,0x19191919
	.word 0x19191919,0x19191919,0x19191919,0x19191919,0x19191919,0x15191919,0x19192400,0x19191919
	.word 0x19191919,0x64191919,0x2A570000,0x2A2A2A2A,0x2A2A2A2A,0x2A2A2A2A,0x2A2A2A2A,0x5D2A2A2A

	.word 0x2A2A0000,0x2A2A2A2A,0x00000000,0x00000000,0x0B0B0000,0x2A0B0B0B,0x2A2A2A2A,0x21210000
	.word 0x21212121,0x21212121,0x2A000021,0x2A2A2A2A,0x2A2A2A2A,0x2A2A2A2A,0x2A2A2A2A,0x2A2A2A2A
	.word 0x2A2A2A2A,0x2A2A2A2A,0x2A2A2A2A,0x2A2A2A2A,0x2A2A2A2A,0x2A2A2A2A,0x2A2A2A2A,0x2A2A2A2A
	.word 0x2A2A2A2A,0x2A2A2A2A,0x2A2A2A2A,0x2A2A2A2A,0x00002A2A,0x19191919,0x00581919,0x19191900
	.word 0x19191919,0x00585858,0x00000000,0x95191945,0x00000000,0x00000000,0x19151100,0x19191919
	.word 0x19191919,0x61431919,0x45455C00,0x19198B45,0x19191919,0x19191919,0x19191919,0x19191919
	.word 0x19191919,0x19191919,0x19191919,0x6458AF19,0x19191919,0x15191919,0x19192400,0x19191919
	.word 0x19191919,0x64191919,0x2A940000,0x2A2A2A2A,0x2A2A2A2A,0x2A2A2A2A,0x2A2A2A2A,0x5D2A2A2A

	.word 0x2A2A0000,0x2A2A2A2A,0x2CC40000,0x2C2CC42C,0x000000C4,0x2A000000,0x2A2A2A2A,0x21210000
	.word 0x21212121,0x21212121,0x2A000021,0x2A2A2A2A,0x2A2A2A2A,0x2A2A2A2A,0x2A2A2A2A,0x2A2A2A2A
	.word 0x2A2A2A2A,0x2A2A2A2A,0x2A2A2A2A,0x2A2A2A2A,0x2A2A2A2A,0x2A2A2A2A,0x2A2A2A2A,0x2A2A2A2A
	.word 0x2A2A2A2A,0x2A2A2A2A,0x2A2A2A2A,0x2A2A2A2A,0x00000B2A,0x19191919,0x00001919,0x19191945
	.word 0x58191919,0x00000000,0x45454545,0x95191919,0x45450000,0x45454545,0x19191545,0x19191919
	.word 0x19191919,0x008E1919,0x19194900,0x19191919,0x19191919,0x19191919,0x19191919,0x19191919
	.word 0x5858588E,0x58585858,0x19191964,0x61009AAF,0x19191919,0x15191919,0x19192400,0x19191919
	.word 0x19191919,0x64191919,0x2A570000,0x2A2A2A2A,0x2A2A2A2A,0x2A2A2A2A,0x2A2A2A2A,0x5D2A2A2A

	.word 0x2A2A0000,0x2A2A2A2A,0x21210000,0x21212121,0x2C2C2C21,0x2A00002C,0x2A2A2A2A,0x21210000
	.word 0x21212121,0x21212121,0x2A000021,0x2A2A2A2A,0x2A2A2A2A,0x2A2A2A2A,0x2A2A2A2A,0x2A2A2A2A
	.word 0x2A2A2A2A,0x2A2A2A2A,0x2A2A2A2A,0x2A2A2A2A,0x2A2A2A2A,0x2A2A2A2A,0x2A2A2A2A,0x2A2A2A2A
	.word 0x2A2A2A2A,0x2A2A2A2A,0x2A2A2A2A,0x2A2A2A2A,0x4500002A,0x19191919,0x00001919,0x19191919
	.word 0x00581919,0x45454500,0x19191919,0x95191919,0x19191100,0x19191919,0x19191919,0x19191919
	.word 0x19191919,0x008E1919,0x19194900,0x19191919,0x8E191919,0x58585858,0x191919A7,0x19191919
	.word 0x0000002B,0x91000000,0x58AF196C,0x2B91009A,0x19191919,0x15191919,0x19192400,0x19191919
	.word 0x19191919,0x64191919,0x2AFB0000,0x2A2A2A2A,0x2A2A2A2A,0x2A2A2A2A,0x2A2A2A2A,0x5D2A2A2A

	.word 0x2A2A0000,0x2A2A2A2A,0x21210000,0x21212121,0x21212121,0x2A0000DE,0x2A2A2A2A,0x21210000
	.word 0x21212121,0x21212121,0x2A000021,0x2A2A2A2A,0x2A2A2A2A,0x2A2A2A2A,0x2A2A2A2A,0x2A2A2A2A
	.word 0x2A2A2A2A,0x2A2A2A2A,0x2A2A2A2A,0x2A2A2A2A,0x2A2A2A2A,0x2A2A2A2A,0x2A2A2A2A,0x2A2A2A2A
	.word 0x2A2A2A2A,0x2A2A2A2A,0x2A2A2A2A,0x2A2A2A2A,0x1900002A,0x19191919,0x00001919,0x19191919
	.word 0x00005819,0x19191945,0x19191919,0x95191919,0x19191100,0x19191919,0x19191919,0x19191919
	.word 0x19191919,0x008E1919,0x19191D00,0x19191919,0x4A191919,0x00000000,0x1919A75C,0x19191919
	.word 0x4549002B,0x6C454545,0x008B1919,0x64420000,0x19191919,0x15191919,0x582B2400,0x19196458
	.word 0x19191919,0x64191919,0x2A570000,0x2A2A2A2A,0x2A2A2A2A,0x2A2A2A2A,0x2A2A2A2A,0xC92A2A2A

	.word 0x2A2A0000,0x2A2A2A2A,0x21210000,0x21212121,0x21212121,0x2A200000,0x2A2A2A2A,0x21210000
	.word 0x21212121,0x21212121,0x2A000021,0x2A2A2A2A,0x2A2A2A2A,0x2A2A2A2A,0x2A2A2A2A,0x2A2A2A2A
	.word 0x2A2A2A2A,0x2A2A2A2A,0x2A2A2A2A,0x2A2A2A2A,0x2A2A2A2A,0x2A2A2A2A,0x2A2A2A2A,0x2A2A2A2A
	.word 0x2A2A2A2A,0x2A2A2A2A,0x2A2A2A2A,0x2A2A2A2A,0x1900002A,0x19191919,0x00001919,0x19191919
	.word 0x00000019,0x19191919,0x19191919,0x95191919,0x19191100,0x19191919,0x19191919,0x19191919
	.word 0x19191919,0x008E1919,0x43194900,0xD6242424,0x618E1919,0x00D64900,0x19194000,0x19191919
	.word 0x585C002B,0x19197E24,0xAB431919,0x42000000,0x19191964,0x404A1919,0x00404900,0x64244900
	.word 0x19191919,0x64191919,0x2A940000,0x2A2A2A2A,0x2A2A2A2A,0x2A2A2A2A,0x2A2A2A2A,0x5D2A2A2A

	.word 0x2A2A2000,0x2A2A2A2A,0x21210000,0x21212121,0x21212121,0x2A2A0000,0x2A2A2A2A,0x21210000
	.word 0x21212121,0x21212121,0x2A000021,0x2A2A2A2A,0x2A2A2A2A,0x2A2A2A2A,0x2A2A2A2A,0x2A2A2A2A
	.word 0x2A2A2A2A,0x2A2A2A2A,0x2A2A2A2A,0x2A2A2A2A,0x2A2A2A2A,0x2A2A2A2A,0x2A2A2A2A,0x2A2A2A2A
	.word 0x2A2A2A2A,0x2A2A2A2A,0x2A2A2A2A,0x2A2A2A2A,0x1900002A,0x19191919,0x00001919,0x19191919
	.word 0x15000024,0x19191919,0x19191919,0x95191919,0x19191100,0x19191919,0x19191919,0x19191919
	.word 0x19191919,0x008E1919,0x61241100,0x91000000,0x004A1919,0x004A9100,0x19194000,0x19191919
	.word 0x0000002B,0x19194E00,0x8E191919,0x0000AB45,0x19642442,0x00151919,0x00000000,0x49000000
	.word 0x19191964,0x64191919,0x2A570000,0x2A2A2A2A,0x2A2A2A2A,0x2A2A2A2A,0x2A2A2A2A,0x5D2A2A2A

	.word 0x2A2A2A00,0x2A2A2A2A,0x21210000,0x21212121,0x21212121,0x2A2A0000,0x2A2A2A2A,0x21210000
	.word 0x21212121,0x21212121,0x2A000021,0x2A2A2A2A,0x2A2A2A2A,0x2A2A2A2A,0x2A2A2A2A,0x2A2A2A2A
	.word 0x2A2A2A2A,0x2A2A2A2A,0x2A2A2A2A,0x2A2A2A2A,0x2A2A2A2A,0x2A2A2A2A,0x2A2A2A2A,0x2A2A2A2A
	.word 0x2A2A2A2A,0x2A2A2A2A,0x2A2A2A2A,0x2A2A2A2A,0x1900002A,0x19191919,0x00001919,0x19191919
	.word 0x19150000,0x19191919,0x19191919,0x95191919,0x19AB0000,0x19191919,0x19191919,0x19191919
	.word 0x19191919,0x008E1919,0x00000000,0x8B454542,0x00618E19,0x00611100,0x19194000,0x19191919
	.word 0x451D002B,0x19192B45,0x19191919,0xAB458E19,0x64420000,0x00151919,0x45454000,0x00AB1545
	.word 0x19196449,0x8E191919,0x2A940058,0x2A2A2A2A,0x2A2A2A2A,0x2A2A2A2A,0x2A2A2A2A,0xC92A2A2A

	.word 0x2A2A2A00,0x2A2A2A2A,0x21210000,0x21212121,0x21212121,0x2A2A0000,0x2A2A2A2A,0x21210000
	.word 0x21212121,0x21212121,0x2A000021,0x2A2A2A2A,0x2A2A2A2A,0x2A2A2A2A,0x2A2A2A2A,0x2A2A2A2A
	.word 0x2A2A2A2A,0x2A2A2A2A,0x2A2A2A2A,0x2A2A2A2A,0x2A2A2A2A,0x2A2A2A2A,0x2A2A2A2A,0x2A2A2A2A
	.word 0x2A2A2A2A,0x2A2A2A2A,0x2A2A2A2A,0x2A2A2A2A,0x1900002A,0x19191919,0x00001919,0x19191919
	.word 0x19190000,0x19191919,0x19191919,0x95191919,0x24000000,0x24242424,0x19AB2424,0x19191919
	.word 0x19191919,0x008E1919,0x4545455C,0x1919198B,0x0000AF19,0x00000000,0x19196C49,0x19191919
	.word 0x1940002B,0x19191919,0x19191919,0x8E191919,0x610000AB,0x00151919,0x19192B40,0xAB8E1919
	.word 0x19195800,0x19191919,0x2A570064,0x2A2A2A2A,0x2A2A2A2A,0x2A2A2A2A,0x2A2A2A2A,0x5D2A2A2A

	.word 0x2A2A2A00,0x2A2A2A2A,0x21210000,0x21212121,0x21212121,0x2A2A0000,0x2A2A2A2A,0x21210000
	.word 0x21212121,0x21212121,0x2A000021,0x2A2A2A2A,0x2A2A2A2A,0x2A2A2A2A,0x2A2A2A2A,0x2A2A2A2A
	.word 0x2A2A2A2A,0x2A2A2A2A,0x2A2A2A2A,0x2A2A2A2A,0x2A2A2A2A,0x2A2A2A2A,0x2A2A2A2A,0x2A2A2A2A
	.word 0x2A2A2A2A,0x2A2A2A2A,0x2A2A2A2A,0x2A2A2A2A,0x1900002A,0x19191919,0x00001919,0x19191919
	.word 0x19190000,0x19191919,0x19191919,0x95191919,0x00000000,0x00000000,0x198B1100,0x19191919
	.word 0x19191919,0x008E1919,0x19191949,0x19191919,0x0000AF19,0x15490000,0x1919196C,0x19191919
	.word 0x1940002B,0x19191919,0x19191919,0x19191919,0x6100008B,0x00151919,0x19191924,0x45191919
	.word 0x19195800,0x19191919,0x2A940064,0x2A2A2A2A,0x2A2A2A2A,0x2A2A2A2A,0x2A2A2A2A,0x5D2A2A2A

	.word 0x2A2A2A00,0x2A2A2A2A,0x21210000,0x21212121,0x21212121,0x2A2A0000,0x2A2A2A2A,0x21210000
	.word 0x21212121,0x21212121,0x2A000021,0x2A2A2A2A,0x2A2A2A2A,0x2A2A2A2A,0x2A2A2A2A,0x2A2A2A2A
	.word 0x2A2A2A2A,0x2A2A2A2A,0x2A2A2A2A,0x2A2A2A2A,0x2A2A2A2A,0x2A2A2A2A,0x2A2A2A2A,0x2A2A2A2A
	.word 0x2A2A2A2A,0x2A2A2A2A,0x2A2A2A2A,0x2A2A2A2A,0x1900002A,0x19191919,0x00001919,0x19191919
	.word 0x19190000,0x19191919,0x19191919,0x95191919,0x15150000,0x15151515,0x19198B15,0x19191919
	.word 0x19191919,0x008E1919,0x19191949,0x19191919,0x4900AF19,0x241100A7,0x191919D6,0x19191919
	.word 0x1940002B,0x19191919,0x19191919,0x4A191919,0x2B910040,0x00151919,0x19191924,0x45191919
	.word 0x19644900,0x19191919,0x2A570064,0x2A2A2A2A,0x2A2A2A2A,0x2A2A2A2A,0x2A2A2A2A,0x5D2A2A2A

	.word 0x2A2A2A00,0x2A2A2A2A,0x21210000,0x21212121,0x21212121,0x2A2A0000,0x2A2A2A2A,0x21210000
	.word 0x21212121,0x21212121,0x2A000021,0x2A2A2A2A,0x2A2A2A2A,0x2A2A2A2A,0x2A2A2A2A,0x2A2A2A2A
	.word 0x2A2A2A2A,0x2A2A2A2A,0x2A2A2A2A,0x2A2A2A2A,0x2A2A2A2A,0x2A2A2A2A,0x2A2A2A2A,0x2A2A2A2A
	.word 0x2A2A2A2A,0x2A2A2A2A,0x2A2A2A2A,0x2A2A2A2A,0x1900002A,0x19191919,0x00002419,0x19191919
	.word 0x19190000,0x19191919,0x19191919,0x95191919,0x19191100,0x19191919,0x19191919,0x19191919
	.word 0x19191919,0x008E1919,0x19191949,0x19191919,0x9100AF19,0x0000A795,0x19D62411,0x19191919
	.word 0xA75C002B,0x19191919,0x19191919,0x404A1919,0x192B9100,0x00151919,0x19191924,0x8E191919
	.word 0x19BA00AB,0x19191919,0x2AFB0064,0x2A2A2A2A,0x2A2A2A2A,0x2A2A2A2A,0x2A2A2A2A,0x5D2A2A2A

	.word 0x2A2A2A00,0x2A2A2A2A,0x21210000,0x21212121,0x21212121,0xCDCD0000,0x2A2A2A2A,0x21210000
	.word 0x21212121,0x21212121,0x2A000021,0x2A2A2A2A,0x2A2A2A2A,0x2A2A2A2A,0x2A2A2A2A,0x2A2A2A2A
	.word 0x2A2A2A2A,0x2A2A2A2A,0x2A2A2A2A,0x2A2A2A2A,0x2A2A2A2A,0x2A2A2A2A,0x2A2A2A2A,0x2A2A2A2A
	.word 0x2A2A2A2A,0x2A2A2A2A,0x2A2A2A2A,0x2A2A2A2A,0x1900002A,0x19191919,0x00000019,0x19191919
	.word 0x19240000,0x19191919,0x19191919,0x95191919,0x19580000,0x19191919,0x19191919,0x19191919
	.word 0x19191919,0x008E1919,0x19191949,0x19191919,0x9100AF19,0xA7159519,0xD6110000,0x19191919
	.word 0x5C00002B,0x19A72424,0xAF191919,0x00402424,0x19192B91,0x00151919,0x19191924,0x19191919
	.word 0x19580045,0x19191919,0x2A570064,0x2A2A2A2A,0x2A2A2A2A,0x2A2A2A2A,0x2A2A2A2A,0xC92A2A2A

	.word 0x2A2A2A00,0x2A2A2A2A,0x21210000,0x21212121,0x21212121,0x00000000,0x60606060,0x21210000
	.word 0x21212121,0x21212121,0x2A000021,0x2A2A2A2A,0x2A2A2A2A,0x2A2A2A2A,0x2A2A2A2A,0x2A2A2A2A
	.word 0x2A2A2A2A,0x2A2A2A2A,0x2A2A2A2A,0x2A2A2A2A,0x2A2A2A2A,0x2A2A2A2A,0x2A2A2A2A,0x2A2A2A2A
	.word 0x2A2A2A2A,0x2A2A2A2A,0x2A2A2A2A,0x2A2A2A2A,0x1900002A,0x19191919,0x15000019,0x19191919
	.word 0x24000015,0x19191924,0x19191919,0x95191919,0x19110000,0x19191919,0x19191919,0x19191919
	.word 0x19191919,0x008E1919,0x19191949,0x19191919,0x9100AF19,0x43191919,0x1100A715,0x191919D6
	.word 0x0000D643,0x19610000,0x40AF1919,0x91000000,0x1919192B,0x00151919,0x19191924,0x19191919
	.word 0x19580045,0x19191919,0x2A940064,0x2A2A2A2A,0x2A2A2A2A,0x2A2A2A2A,0x2A2A2A2A,0x5D2A2A2A

	.word 0x2A2A2A00,0x2A2A2A2A,0x21210000,0x21212121,0x21212121,0x5ED9D95E,0x00000000,0x21210000
	.word 0x21212121,0x21212121,0x2A000021,0x2A2A2A2A,0x2A2A2A2A,0x2A2A2A2A,0x2A2A2A2A,0x2A2A2A2A
	.word 0x2A2A2A2A,0x2A2A2A2A,0x2A2A2A2A,0x2A2A2A2A,0x2A2A2A2A,0x2A2A2A2A,0x2A2A2A2A,0x2A2A2A2A
	.word 0x2A2A2A2A,0x2A2A2A2A,0x2A2A2A2A,0x2A2A2A2A,0x1900002A,0x19191919,0x19000019,0x19191919
	.word 0x00001519,0x61616100,0x19246161,0x95191919,0x19110000,0x19191919,0x19191919,0x19191919
	.word 0x19191919,0x008E1919,0x19191949,0x19191919,0x9100AF19,0x19191919,0x00A74319,0x1919D611
	.word 0x8B8B4319,0x192B8B8B,0x0040AF19,0x2B8B8B91,0x19191919,0x00151919,0x19191924,0x19191919
	.word 0x19BA0045,0x19191919,0x2A570064,0x2A2A2A2A,0x2A2A2A2A,0x2A2A2A2A,0x2A2A2A2A,0x5D2A2A2A

	.word 0x2A2A2A00,0x2A2A2A2A,0x21210000,0x21212121,0x21212121,0x21212121,0xD9D9D9D9,0x2121D9D9
	.word 0x21212121,0x21212121,0x2A000070,0x2A2A2A2A,0x2A2A2A2A,0x2A2A2A2A,0x2A2A2A2A,0x2A2A2A2A
	.word 0x2A2A2A2A,0x2A2A2A2A,0x2A2A2A2A,0x2A2A2A2A,0x2A2A2A2A,0x2A2A2A2A,0x2A2A2A2A,0x2A2A2A2A
	.word 0x2A2A2A2A,0x2A2A2A2A,0x2A2A2A2A,0x2A2A2A2A,0x1900002A,0x19191919,0x19000019,0x19191919
	.word 0x158B1919,0x00000000,0x19000000,0x95191919,0x198B0000,0x19191919,0x19191919,0x19191919
	.word 0x19191919,0x008E1919,0x19191949,0x19191919,0x9100AF19,0x19191919,0xA7431919,0x19192B49
	.word 0x19191919,0x19191919,0x8B8B4319,0x1919192B,0x19191919,0x8B8E1919,0x1919194A,0x19191919
	.word 0x19580045,0x19191919,0x2A940064,0x2A2A2A2A,0x2A2A2A2A,0x2A2A2A2A,0x2A2A2A2A,0xC92A2A2A

	.word 0x60606000,0x60606060,0x21210000,0x21212121,0x21212121,0x21212121,0x21212121,0x21212121
	.word 0x21212121,0x21212121,0x2AE40000,0x2A2A2A2A,0x2A2A2A2A,0x2A2A2A2A,0x2A2A2A2A,0x2A2A2A2A
	.word 0x2A2A2A2A,0x2A2A2A2A,0x2A2A2A2A,0x2A2A2A2A,0x2A2A2A2A,0x2A2A2A2A,0x2A2A2A2A,0x2A2A2A2A
	.word 0x2A2A2A2A,0x2A2A2A2A,0x2A2A2A2A,0x2A2A2A2A,0x1900002A,0x19191919,0x19000019,0x19191919
	.word 0x19191919,0x8B8B8B8B,0x198B8B8B,0x95191919,0x61610000,0x61616161,0x61616161,0x1919AB61
	.word 0x19191919,0x8B191919,0x1919196C,0x19191919,0x2B8B9519,0x19191919,0x95191919,0x1919192B
	.word 0x19191919,0x19191919,0x19191919,0x19191919,0x19191919,0x19191919,0x19191919,0x19191919
	.word 0x19580045,0x19191919,0x2A570064,0x2A2A2A2A,0x2A2A2A2A,0x2A2A2A2A,0x2A2A2A2A,0x5D2A2A2A

	.word 0x00000000,0x00000000,0x21210000,0x21212121,0x21212121,0x21212121,0x21212121,0x21212121
	.word 0x21212121,0x21212121,0x2A2A0000,0x2A2A2A2A,0x2A2A2A2A,0x2A2A2A2A,0x2A2A2A2A,0x2A2A2A2A
	.word 0x2A2A2A2A,0x2A2A2A2A,0x2A2A2A2A,0x2A2A2A2A,0x2A2A2A2A,0x2A2A2A2A,0x2A2A2A2A,0x2A2A2A2A
	.word 0x2A2A2A2A,0x2A2A2A2A,0x2A2A2A2A,0x2A2A2A2A,0x1900002A,0x19191919,0x198B8B19,0x19191919
	.word 0x19191919,0x19191919,0x19191919,0x95191919,0x00000000,0x00000000,0x00000000,0x19196C11
	.word 0x19191919,0x19191919,0x19191919,0x19191919,0x19191919,0x19191919,0x19191919,0x19191919
	.word 0x19191919,0x19191919,0x19191919,0x19191919,0x19191919,0x19191919,0x19191919,0x19191919
	.word 0x1958AB8E,0x19191919,0x2A940064,0x2A2A2A2A,0x2A2A2A2A,0x2A2A2A2A,0x2A2A2A2A,0x5D2A2A2A

	.word 0xD9D9D9D9,0xD9D9D9D9,0x2121D9D9,0x21212121,0x21212121,0x21212121,0x21212121,0x21212121
	.word 0x21212121,0x21212121,0x2A2A0000,0x2A2A2A2A,0x2A2A2A2A,0x2A2A2A2A,0x2A2A2A2A,0x2A2A2A2A
	.word 0x2A2A2A2A,0x2A2A2A2A,0x2A2A2A2A,0x2A2A2A2A,0x2A2A2A2A,0x2A2A2A2A,0x2A2A2A2A,0x2A2A2A2A
	.word 0x2A2A2A2A,0x2A2A2A2A,0x2A2A2A2A,0x2A2A2A2A,0x1900002A,0x19191919,0x19191919,0x19191919
	.word 0x19191919,0x19191919,0x19191919,0x19191919,0x8B8B8B8B,0x8B8B8B8B,0x8B8B8B8B,0x1919198B
	.word 0x19191919,0x19191919,0x19191919,0x19191919,0x19191919,0x19191919,0x19191919,0x19191919
	.word 0x19191919,0x19191919,0x19191919,0x19191919,0x19191919,0x19191919,0x19191919,0x19191919
	.word 0x19AF8E19,0x19191919,0x2A570064,0x2A2A2A2A,0x2A2A2A2A,0x2A2A2A2A,0x2A2A2A2A,0x5D2A2A2A

	.word 0x21212121,0x21212121,0x21212121,0x21212121,0x21212121,0x21212121,0x21212121,0x21212121
	.word 0x21212121,0x21212121,0x2A2A0000,0x2A2A2A2A,0x2A2A2A2A,0x2A2A2A2A,0x2A2A2A2A,0x2A2A2A2A
	.word 0x2A2A2A2A,0x2A2A2A2A,0x2A2A2A2A,0x2A2A2A2A,0x2A2A2A2A,0x2A2A2A2A,0x2A2A2A2A,0x2A2A2A2A
	.word 0x2A2A2A2A,0x2A2A2A2A,0x2A2A2A2A,0x2A2A2A2A,0x1900002A,0x19191919,0x19191919,0x19191919
	.word 0x19191919,0x19191919,0x19191919,0x19191919,0x19191919,0x19191919,0x19191919,0x19191919
	.word 0x19191919,0x19191919,0x19191919,0x19191919,0x19191919,0x19191919,0x19191919,0x19191919
	.word 0x19191919,0x19191919,0x19191919,0x19191919,0x19191919,0x19191919,0x19191919,0x19191919
	.word 0x19191919,0x19191919,0x2A570064,0x2A2A2A2A,0x2A2A2A2A,0x2A2A2A2A,0x2A2A2A2A,0x5D2A2A2A

	.word 0x21212121,0x21212121,0x21212121,0x21212121,0x21212121,0x21212121,0x21212121,0x21212121
	.word 0x21212121,0x21212121,0x2A2A0000,0x2A2A2A2A,0x2A2A2A2A,0x2A2A2A2A,0x2A2A2A2A,0x2A2A2A2A
	.word 0x2A2A2A2A,0x2A2A2A2A,0x2A2A2A2A,0x2A2A2A2A,0x2A2A2A2A,0x2A2A2A2A,0x2A2A2A2A,0x2A2A2A2A
	.word 0x2A2A2A2A,0x2A2A2A2A,0x2A2A2A2A,0x2A2A2A2A,0x1900002A,0x19191919,0x19191919,0x19191919
	.word 0x19191919,0x19191919,0x19191919,0x19191919,0x19191919,0x19191919,0x19191919,0x19191919
	.word 0x19191919,0x19191919,0x19191919,0x19191919,0x19191919,0x19191919,0x19191919,0x19191919
	.word 0x19191919,0x19191919,0x19191919,0x19191919,0x19191919,0x19191919,0x19191919,0x19191919
	.word 0x19191919,0x19191919,0x2A570064,0x2A2A2A2A,0x2A2A2A2A,0x2A2A2A2A,0x2A2A2A2A,0xC92A2A2A

	.word 0x21212121,0x21212121,0x21212121,0x21212121,0x21212121,0x21212121,0x21212121,0x21212121
	.word 0x21212121,0x21212121,0x98980000,0x98989898,0x2A2A9898,0x2A2A2A2A,0x2A2A2A2A,0x2A2A2A2A
	.word 0x2A2A2A2A,0x2A2A2A2A,0x2A2A2A2A,0x2A2A2A2A,0x2A2A2A2A,0x2A2A2A2A,0x2A2A2A2A,0x2A2A2A2A
	.word 0x2A2A2A2A,0x2A2A2A2A,0x2A2A2A2A,0x2A2A2A2A,0x1900002A,0x19191919,0x19191919,0x19191919
	.word 0x19191919,0x19191919,0x19191919,0x19191919,0x19191919,0x19191919,0x19191919,0x19191919
	.word 0x19191919,0x19191919,0x19191919,0x19191919,0x19191919,0x19191919,0x19191919,0x19191919
	.word 0x19191919,0x19191919,0x19191919,0x19191919,0x19191919,0x19191919,0x19191919,0x19191919
	.word 0x19191919,0x19191919,0x81320064,0x2A2A2A2A,0x2A2A2A2A,0x2A2A2A2A,0x2A2A2A2A,0x5D2A2A2A

	.word 0x21212121,0x21212121,0x21212121,0x21212121,0x21212121,0x21212121,0x21212121,0x21212121
	.word 0x21212121,0x21212121,0x00000000,0x00000000,0x2A2A0000,0x2A2A2A2A,0x2A2A2A2A,0x2A2A2A2A
	.word 0x2A2A2A2A,0x2A2A2A2A,0x2A2A2A2A,0x2A2A2A2A,0x2A2A2A2A,0x2A2A2A2A,0x2A2A2A2A,0x2A2A2A2A
	.word 0x2A2A2A2A,0x2A2A2A2A,0x2A2A2A2A,0x2A2A2A2A,0x1900002A,0x19191919,0x19191919,0x19191919
	.word 0x19191919,0x19191919,0x19191919,0x19191919,0x19191919,0x19191919,0x19191919,0x19191919
	.word 0x19191919,0x19191919,0x19191919,0x19191919,0x19191919,0x19191919,0x19191919,0x19191919
	.word 0x19191919,0x19191919,0x19191919,0x19191919,0x19191919,0x19191919,0x19191919,0x19191919
	.word 0x19191919,0x19191919,0xFB00AB8E,0x2A2A2A2A,0x2A2A2A2A,0x2A2A2A2A,0x2A2A2A2A,0x5D2A2A2A

	.word 0x21212121,0x21212121,0x21212121,0x21212121,0x21212121,0x21212121,0x21212121,0x21212121
	.word 0x21212121,0x21212121,0x97979797,0x97979797,0x2A2A0000,0x2A2A2A2A,0x2A2A2A2A,0x2A2A2A2A
	.word 0x2A2A2A2A,0x2A2A2A2A,0x2A2A2A2A,0x2A2A2A2A,0x2A2A2A2A,0x2A2A2A2A,0x2A2A2A2A,0x2A2A2A2A
	.word 0x2A2A2A2A,0x2A2A2A2A,0x2A2A2A2A,0x2A2A2A2A,0x1900002A,0x19191919,0x19191919,0x19191919
	.word 0x19191919,0x19191919,0x19191919,0x19191919,0x19191919,0x19191919,0x19191919,0x61431919
	.word 0x61616161,0x61616161,0x61616161,0x61616161,0x61616161,0x61616161,0x61616161,0x61616161
	.word 0x61616161,0x61616161,0x61616161,0x61616161,0x191919A7,0x19191919,0x19191919,0x19191919
	.word 0x19191919,0x19191919,0xFB006419,0x2A2A2A2A,0x2A2A2A2A,0x2A2A2A2A,0x989898AD,0xC7989898

	.word 0x21212121,0x21212121,0x21212121,0x21212121,0x21212121,0x21212121,0x21212121,0x21212121
	.word 0x21212121,0x21212121,0x21212121,0x21212121,0x2A2A0000,0x2A2A2A2A,0x2A2A2A2A,0x2A2A2A2A
	.word 0x2A2A2A2A,0x2A2A2A2A,0x2A2A2A2A,0x2A2A2A2A,0x2A2A2A2A,0x2A2A2A2A,0x2A2A2A2A,0x2A2A2A2A
	.word 0x2A2A2A2A,0x2A2A2A2A,0x2A2A2A2A,0x2A2A2A2A,0x61000098,0x61616161,0x61616161,0x61616161
	.word 0x61616161,0x61616161,0x61616161,0x61616161,0x61616161,0x61616161,0x61616161,0x00406161
	.word 0x00000000,0x00000000,0x00000000,0x00000000,0x00000000,0x00000000,0x00000000,0x00000000
	.word 0x00000000,0x00000000,0x00000000,0x00000000,0x6161615C,0x191919A7,0x19191919,0x19191919
	.word 0x19191919,0x19191919,0xFB006419,0x989898E4,0x98989898,0x98989898,0x000000C7,0x00000000

	.word 0x21212121,0x21212121,0x21212121,0x21212121,0x21212121,0x21212121,0x21212121,0x21212121
	.word 0x21212121,0x21212121,0x21212121,0x21212121,0x2A2A0000,0x2A2A2A2A,0x2A2A2A2A,0x2A2A2A2A
	.word 0x2A2A2A2A,0x2A2A2A2A,0x2A2A2A2A,0x2A2A2A2A,0x2A2A2A2A,0x2A2A2A2A,0x2A2A2A2A,0x2A2A2A2A
	.word 0x2A2A2A2A,0x2A2A2A2A,0x2A2A2A2A,0x2A2A2A2A,0x00000000,0x00000000,0x00000000,0x00000000
	.word 0x00000000,0x00000000,0x00000000,0x00000000,0x00000000,0x00000000,0x00000000,0x00000000
	.word 0x515151F0,0x51515151,0x51515151,0x51515151,0x51515151,0x51515151,0x51515151,0x51515151
	.word 0x51515151,0x51515151,0x51515151,0x00005D51,0x00000000,0x6161615C,0x197E6161,0x19191919
	.word 0x19191919,0x19191919,0x32006419,0x00000087,0x00000000,0x00000000,0x00000000,0x00000000

	.word 0x6B6B6B6B,0x6B6B6B6B,0x6B6B6B6B,0x6B6B6B6B,0x21212121,0x21212121,0x21212121,0x21212121
	.word 0x21212121,0x21212121,0x21212121,0x21212121,0x2A2A0000,0x2A2A2A2A,0x2A2A2A2A,0x2A2A2A2A
	.word 0x2A2A2A2A,0x2A2A2A2A,0x2A2A2A2A,0x2A2A2A2A,0x2A2A2A2A,0x2A2A2A2A,0x2A2A2A2A,0x2A2A2A2A
	.word 0x2A2A2A2A,0x2A2A2A2A,0x2A2A2A2A,0x2A2A2A2A,0x51510051,0x51515151,0x8B000051,0x8B8B8B8B
	.word 0x5100008B,0x51515151,0x51515151,0x51515151,0x51515151,0x51515151,0x51515151,0x51515151
	.word 0x2A2A2A79,0x2A2A2A2A,0x2A2A2A2A,0x2A2A2A2A,0x2A2A2A2A,0x2A2A2A2A,0x2A2A2A2A,0x2A2A2A2A
	.word 0x2A2A2A2A,0x2A2A2A2A,0x2A2A2A2A,0x5151D32A,0xC3515151,0x00000000,0x615C0000,0x61616161
	.word 0x19646161,0x19191919,0x00006419,0x30E90000,0x30303030,0x30303030,0x30303030,0xF6303030

	.word 0x00000000,0x00000000,0x00000000,0x00000000,0x2121216B,0x21212121,0x21212121,0x21212121
	.word 0x21212121,0x21212121,0x21212121,0x21212121,0x2A2A0000,0x2A2A2A2A,0x2A2A2A2A,0x2A2A2A2A
	.word 0x2A2A2A2A,0x2A2A2A2A,0x2A2A2A2A,0x2A2A2A2A,0x2A2A2A2A,0x2A2A2A2A,0x2A2A2A2A,0x2A2A2A2A
	.word 0x2A2A2A2A,0x2A2A2A2A,0x2A2A2A2A,0x2A2A2A2A,0x2A2A512A,0x2A2A2A2A,0x1900002A,0x19191919
	.word 0x2A000019,0x2A2A2A2A,0x2A2A2A2A,0x2A2A2A2A,0x2A2A2A2A,0x2A2A2A2A,0x2A2A2A2A,0x2A2A2A2A
	.word 0x2A2A2A2A,0x2A2A2A2A,0x2A2A2A2A,0x2A2A2A2A,0xF22A2A2A,0x1A1A1A1A,0x1A1A1A1A,0x2A2A2A99
	.word 0x2A2A2A2A,0x2A2A2A2A,0x2A2A2A2A,0x2A2A2A2A,0xD32A2A2A,0x51515151,0x000000C3,0x00000000
	.word 0x4E420000,0x4E4E4E4E,0x00AB8E64,0x1C0630E9,0x1C1C1C1C,0x1C1C1C1C,0x1C1C1C1C,0xE21C1C1C

	.word 0x6C6C6C6C,0x6C6C6C6C,0x6C6C6C6C,0x00006C6C,0x21212100,0x21212121,0x21212121,0x21212121
	.word 0x21212121,0x21212121,0x21212121,0x21212121,0x2A2A0000,0x2A2A2A2A,0x2A2A2A2A,0x2A2A2A2A
	.word 0x2A2A2A2A,0x2A2A2A2A,0x2A2A2A2A,0x2A2A2A2A,0x2A2A2A2A,0x2A2A2A2A,0x2A2A2A2A,0x2A2A2A2A
	.word 0x2A2A2A2A,0x2A2A2A2A,0x2A2A2A2A,0x2A2A2A2A,0x2A2A2A2A,0x2A2A2A2A,0x1900002A,0x19191919
	.word 0x2A000019,0x2A2A2A2A,0x2A2A2A2A,0x2A2A2A2A,0x2A2A2A2A,0x2A2A2A2A,0x2A2A2A2A,0x2A2A2A2A
	.word 0x2A2A2A2A,0x2A2A2A2A,0x2A2A2A2A,0x1A1AC02A,0xF91A1A1A,0x00000000,0x00000000,0x991A1A66
	.word 0x2A2A2A2A,0x2A2A2A2A,0x2A2A2A2A,0x2A2A2A2A,0x2A2A2A2A,0x792A2A2A,0x6C40008F,0x0E6C6C6C
	.word 0x00000000,0x00000000,0x00499A42,0x1C1C1C4D,0x1C1C1C1C,0x1C1C1C1C,0x1C1C1C1C,0xE21C1C1C

	.word 0x19191919,0x19191919,0x19191919,0x00001919,0x21212100,0x21212121,0x21212121,0x21212121
	.word 0x21212121,0x21212121,0x21212121,0x21212121,0x2A2A0000,0x2A2A2A2A,0x2A2A2A2A,0x2A2A2A2A
	.word 0x2A2A2A2A,0x2A2A2A2A,0x2A2A2A2A,0x2A2A2A2A,0x2A2A2A2A,0x2A2A2A2A,0x2A2A2A2A,0x85852A2A
	.word 0x85858585,0x85858585,0x85858585,0x85858585,0x85858585,0x85858585,0x19000085,0x19191919
	.word 0x2A000019,0x2A2A2A2A,0x2A2A2A2A,0x2A2A2A2A,0x2A2A2A2A,0x2A2A2A2A,0x2A2A2A2A,0x2A2A2A2A
	.word 0x2A2A2A2A,0x2A2A2A2A,0x2A2A2A2A,0x0000F9C0,0x7E7EB800,0x7E7E7E7E,0x7E7E7E7E,0xE5AB7E7E
	.word 0x2A2A1B85,0x2A2A2A2A,0x2A2A2A2A,0x2A2A2A2A,0x792A2A2A,0x8F858585,0x19240000,0x43191919
	.word 0x30C2000E,0x30303030,0x000000C8,0x1C1C1C4D,0x1C1C1C1C,0x1C1C1C1C,0x1C1C1C1C,0xE21C1C1C

	.word 0x19191919,0x19191919,0x19191919,0x00001919,0x21212100,0x21212121,0x21212121,0x21212121
	.word 0x21212121,0x21212121,0x21212121,0x21212121,0x2A2A0000,0x2A2A2A2A,0x2A2A2A2A,0x2A2A2A2A
	.word 0x2A2A2A2A,0x2A2A2A2A,0x2A2A2A2A,0x2A2A2A2A,0x2A2A2A2A,0x852A2A2A,0x85858585,0x00008585
	.word 0x00000000,0x00000000,0x00000000,0x00000000,0x00000000,0x00000000,0x19000000,0x19191919
	.word 0x85000019,0x2A2A1A85,0x2A2A2A2A,0x2A2A2A2A,0x2A2A2A2A,0x2A2A2A2A,0x2A2A2A2A,0x2A2A2A2A
	.word 0x2A2A2A2A,0x2A2A2A2A,0xC02A2A2A,0x7E7E5CF9,0x3C3C337E,0x3C3C3C3C,0x3C3C3C3C,0x7E783C3C
	.word 0x1B85E5AB,0x2A2A2A2A,0x2A2A2A2A,0xF82A2A2A,0x8F858585,0x00000000,0x19240000,0x19191919
	.word 0x1C7D0045,0x1C1C1C1C,0x3030309F,0x1C1C1C6E,0x1C1C1C1C,0x1C1C1C1C,0x1C1C1C1C,0xE21C1C1C

	.word 0x19191919,0x19191919,0x19191919,0x00001919,0x21212100,0x21212121,0x21212121,0x21212121
	.word 0x21212121,0x21212121,0x21212121,0x21212121,0x2A2A0000,0x2A2A2A2A,0x2A2A2A2A,0x2A2A2A2A
	.word 0x2A2A2A2A,0x2A2A2A2A,0x2A2A2A2A,0x2A2A2A2A,0x85858585,0x00858585,0x00000000,0x30000000
	.word 0x30303030,0x30303030,0x30303030,0x30303030,0x30303030,0x30303030,0x19000030,0x19191919
	.word 0x00000019,0x85850000,0x2A988585,0x2A2A2A2A,0x2A2A2A2A,0x2A2A2A2A,0x2A2A2A2A,0x2A2A2A2A
	.word 0x2A2A2A2A,0x2A2A2A2A,0xF9850F2A,0x3C3C335C,0x3C3C3C3C,0x3C3C3C3C,0x3C3C3C3C,0x3C3C3C3C
	.word 0xE500AB78,0x2A2A2A1B,0x2A2A2A2A,0x8F8585CF,0x00000000,0x3030309B,0x1924002E,0x19191919
	.word 0x1C7D0045,0x1C1C1C1C,0x1C1C1C1C,0x1C1C1C1C,0x1C1C1C1C,0x1C1C1C1C,0x1C1C1C1C,0xE21C1C1C

	.word 0x19191919,0x19191919,0x19191919,0x00001919,0x21212100,0x21212121,0x21212121,0x21212121
	.word 0x21212121,0x21212121,0x21212121,0x21212121,0x2A2A0000,0x2A2A2A2A,0x2A2A2A2A,0x2A2A2A2A
	.word 0x2A2A2A2A,0x2A2A2A2A,0x852A2A2A,0x85858585,0x00000000,0x00000000,0x30300000,0x1C303030
	.word 0x1C1C1C1C,0x1C1C1C1C,0x1C1C1C1C,0x1C1C1C1C,0x1C1C1C1C,0x1C1C1C1C,0x1900001C,0x19191919
	.word 0x00000019,0x00000000,0x85000000,0x85858585,0x2A2A9885,0x2A2A2A2A,0x2A2A2A2A,0x2A2A2A2A
	.word 0x2A2A2A2A,0x0F2A2A2A,0x7E5CF985,0x3C3C3C33,0x3C3C3C3C,0x3C3C3C3C,0x3C3C3C3C,0x3C3C3C3C
	.word 0xAB7E783C,0x2A2A1BE5,0x858585FF,0x0000008F,0x309B0000,0x1C1C1C06,0x19240010,0x19191919
	.word 0x1C7D0045,0x1C1C1C1C,0x1C1C1C1C,0x1C1C1C1C,0x1C1C1C1C,0x1C1C1C1C,0x1C1C1C1C,0xE21C1C1C

	.word 0x40404040,0x40404040,0x40404040,0x00004040,0x21212100,0x21212121,0x21212121,0x21212121
	.word 0x21212121,0x21212121,0x21212121,0x21212121,0x2A2A0000,0x2A2A2A2A,0x2A2A2A2A,0x2A2A2A2A
	.word 0x2A2A2A2A,0xB7B7852A,0x00B785B7,0x00000000,0x68680000,0x68686868,0x1C1C6868,0x1C1C1C1C
	.word 0x1C1C1C1C,0x1C1C1C1C,0x1C1C1C1C,0x1C1C1C1C,0x1C1C1C1C,0x1C1C1C1C,0x1900001C,0x19191919
	.word 0x68000019,0x30686868,0x00000000,0x00000000,0xB7B70000,0x2A608585,0x2A2A2A2A,0x2A2A2A2A
	.word 0x2A2A2A2A,0xF90F2A2A,0x3C335C00,0x3C3C3C3C,0x3C3C3C3C,0x3C3C3C3C,0x3C3C3C3C,0x3C3C3C3C
	.word 0x783C3C3C,0xB7B7E5AB,0x0000008F,0x683B0000,0x1C066868,0x1C1C1C1C,0x19240010,0x19191919
	.word 0x1C7D0045,0x1C1C1C1C,0x1C1C1C1C,0x1C1C1C1C,0x1C1C1C1C,0x1C1C1C1C,0x1C1C1C1C,0xE21C1C1C

	.word 0x2B2B2B2B,0x2B2B2B2B,0x2B2B2B2B,0x00002B2B,0x34343400,0x34343434,0x34343434,0x34343434
	.word 0x34343434,0x34343434,0x34343434,0x34343434,0xB7B70000,0xB7B7B7B7,0xB7B7B7B7,0xB7B7B7B7
	.word 0xB7B7B7B7,0x000000B7,0x00000000,0x68686800,0x1C1C6868,0x1C1C1C1C,0x1C1C1C1C,0x1C1C1C1C
	.word 0x1C1C1C1C,0x1C1C1C1C,0x1C1C1C1C,0x1C1C1C1C,0x1C1C1C1C,0x1C1C1C1C,0x1900001C,0x19191919
	.word 0x1C000019,0x1C1C1C1C,0x68686868,0x00306868,0x00000000,0xB7000000,0xB7B7B7B7,0xB7B7B7B7
	.word 0x2A2A2ACD,0x11F22A2A,0x3C3C337E,0x3C3C3C3C,0x3C3C3C3C,0x833C3C3C,0x3C3C3C61,0x3C3C3C3C
	.word 0x3C3C3C3C,0x0000AB78,0x3B000000,0x1C066868,0x1C1C1C1C,0x1C1C1C1C,0x19240010,0x19191919
	.word 0x1C7D0045,0x1C1C1C1C,0x1C1C1C1C,0x1C1C1C1C,0x1C1C1C1C,0x1C1C1C1C,0x1C1C1C1C,0xE21C1C1C

	.word 0x19191919,0x19191919,0x19191919,0x00001919,0x00000000,0x00000000,0x00000000,0x00000000
	.word 0x00000000,0x00000000,0x00000000,0x00000000,0x00000000,0x00000000,0x00000000,0x00000000
	.word 0x00000000,0x68680000,0x68686868,0x1C1C1C68,0x1C1C1C1C,0x1C1C1C1C,0x1C1C1C1C,0x1C1C1C1C
	.word 0x1C1C1C1C,0x1C1C1C1C,0x1C1C1C1C,0x1C1C1C1C,0x1C1C1C1C,0x1C1C1C1C,0x1900001C,0x19191919
	.word 0x1C000019,0x1C1C1C1C,0x1C1C1C1C,0x681C1C1C,0x68686868,0x0000F168,0x00000000,0x00000000
	.word 0xB6B6B637,0x0050B6B6,0x3C3C3C9A,0x1D1D783C,0x1D1D1D1D,0x491D1D1D,0x3C611D00,0x3C3C3C3C
	.word 0x3C3C3C3C,0x3B007E3C,0x06686868,0x1C1C1C1C,0x1C1C1C1C,0x1C1C1C1C,0x19240010,0x19191919
	.word 0x1C7D0045,0x1C1C1C1C,0x1C1C1C1C,0x1C1C1C1C,0x1C1C1C1C,0x1C1C1C1C,0x1C1C1C1C,0xE21C1C1C

	.word 0x40404040,0x40404040,0x40404040,0x00001919,0x68686800,0x68686868,0x68686868,0x68686868
	.word 0x68686868,0x68686868,0x68686868,0x68686868,0x68686868,0x68686868,0x68686868,0x68686868
	.word 0x68686868,0x1C1C6868,0x1C1C1C1C,0x1C1C1C1C,0x1C1C1C1C,0x1C1C1C1C,0x1C1C1C1C,0x1C1C1C1C
	.word 0x1C1C1C1C,0x1C1C1C1C,0x1C1C1C1C,0x1C1C1C1C,0x1C1C1C1C,0x1C1C1C1C,0x1900001C,0x19191919
	.word 0x1C000019,0x1C1C1C1C,0x1C1C1C1C,0x1C1C1C1C,0x1C1C1C1C,0x68681C1C,0x68686868,0x0000009D
	.word 0x00000000,0x00000000,0x3C3C3C49,0xBF4E4978,0xBF35008C,0xBFBFBFBF,0x610014BF,0x3C3C3C3C
	.word 0x3C3C3C3C,0xC2AB783C,0x1C1C1C1C,0x1C1C1C1C,0x1C1C1C1C,0x1C1C1C1C,0x19240010,0x19191919
	.word 0x1C7D0045,0x1C1C1C1C,0x1C1C1C1C,0x1C1C1C1C,0x1C1C1C1C,0x1C1C1C1C,0x1C1C1C1C,0xE21C1C1C

	.word 0x00000000,0x00000000,0x00000000,0x000019A9,0x1C1C1C00,0x1C1C1C1C,0x1C1C1C1C,0x1C1C1C1C
	.word 0x1C1C1C1C,0x1C1C1C1C,0x1C1C1C1C,0x1C1C1C1C,0x1C1C1C1C,0x1C1C1C1C,0x1C1C1C1C,0x1C1C1C1C
	.word 0x1C1C1C1C,0x1C1C1C1C,0x1C1C1C1C,0x1C1C1C1C,0x1C1C1C1C,0x1C1C1C1C,0x1C1C1C1C,0x1C1C1C1C
	.word 0x1C1C1C1C,0x1C1C1C1C,0x1C1C1C1C,0x1C1C1C1C,0x1C1C1C1C,0x1C1C1C1C,0x1900001C,0x19191919
	.word 0x1C000019,0x1C1C1C1C,0x1C1C1C1C,0x1C1C1C1C,0x1C1C1C1C,0x1C1C1C1C,0x1C1C1C1C,0x6868681C
	.word 0x68686868,0x11001068,0x783C3CEB,0x54414E49,0x5441BF22,0x54545454,0x00142254,0x3C3C611D
	.word 0x3C3C3C3C,0xC27E3C3C,0x1C1C1C1C,0x1C1C1C1C,0x1C1C1C1C,0x1C1C1C1C,0x19240010,0x19191919
	.word 0x1C7D0045,0x1C1C1C1C,0x1C1C1C1C,0x1C1C1C1C,0x1C1C1C1C,0x1C1C1C1C,0x1C1C1C1C,0xE21C1C1C

	.word 0x68686868,0x68686868,0x00006868,0x0000193C,0x1C1C1C00,0x1C1C1C1C,0x1C1C1C1C,0x1C1C1C1C
	.word 0x1C1C1C1C,0x1C1C1C1C,0x1C1C1C1C,0x1C1C1C1C,0x1C1C1C1C,0x1C1C1C1C,0x1C1C1C1C,0x1C1C1C1C
	.word 0x1C1C1C1C,0x1C1C1C1C,0x1C1C1C1C,0x1C1C1C1C,0x1C1C1C1C,0x1C1C1C1C,0x1C1C1C1C,0x1C1C1C1C
	.word 0x1C1C1C1C,0x1C1C1C1C,0x1C1C1C1C,0x1C1C1C1C,0x1C1C1C1C,0x1C1C1C1C,0x1900001C,0x19191919
	.word 0x1C000019,0x1C1C1C1C,0x1C1C1C1C,0x1C1C1C1C,0x1C1C1C1C,0x1C1C1C1C,0x1C1C1C1C,0x1C1C1C1C
	.word 0x1C1C1C1C,0x4900061C,0x49783C3C,0x5454414E,0x54545454,0x54545454,0x14225454,0x3C610000
	.word 0x3C3C3C3C,0xC27E3C3C,0x1C1C1C1C,0x1C1C1C1C,0x1C1C1C1C,0x1C1C1C1C,0x19240010,0x19191919
	.word 0x1C7D0045,0x1C1C1C1C,0x1C1C1C1C,0x1C1C1C1C,0x1C1C1C1C,0x1C1C1C1C,0x1C1C1C1C,0xE21C1C1C

	.word 0x1C1C1C1C,0x1C1C1C1C,0x00001C1C,0x00001949,0x1C1C1C00,0x1C1C1C1C,0x1C1C1C1C,0x1C1C1C1C
	.word 0x1C1C1C1C,0x1C1C1C1C,0x1C1C1C1C,0x1C1C1C1C,0x1C1C1C1C,0x1C1C1C1C,0x1C1C1C1C,0x1C1C1C1C
	.word 0x1C1C1C1C,0x1C1C1C1C,0x1C1C1C1C,0x1C1C1C1C,0x1C1C1C1C,0x1C1C1C1C,0x1C1C1C1C,0x1C1C1C1C
	.word 0x1C1C1C1C,0x1C1C1C1C,0x1C1C1C1C,0x1C1C1C1C,0x1C1C1C1C,0x1C1C1C1C,0x1900001C,0x19191919
	.word 0x1C000019,0x1C1C1C1C,0x1C1C1C1C,0x1C1C1C1C,0x1C1C1C1C,0x1C1C1C1C,0x1C1C1C1C,0x1C1C1C1C
	.word 0x1C1C1C1C,0xEB116E1C,0x00EB3C3C,0x545454B0,0x54545454,0x54545454,0x22545454,0x3C1D1472
	.word 0x3C3C3C3C,0x2D7E3C3C,0x1C1C1CC8,0x1C1C1C1C,0x1C1C1C1C,0x1C1C1C1C,0x19240010,0x19191919
	.word 0x1C7D0045,0x1C1C1C1C,0x1C1C1C1C,0x1C1C1C1C,0x1C1C1C1C,0x1C1C1C1C,0x1C1C1C1C,0xE21C1C1C

	.word 0x1C1C1C1C,0x1C1C1C1C,0x00681C1C,0x00001900,0x1C1C1C00,0x1C1C1C1C,0x1C1C1C1C,0x1C1C1C1C
	.word 0x1C1C1C1C,0x1C1C1C1C,0x1C1C1C1C,0x1C1C1C1C,0x1C1C1C1C,0x1C1C1C1C,0x1C1C1C1C,0x1C1C1C1C
	.word 0x1C1C1C1C,0x1C1C1C1C,0x1C1C1C1C,0x1C1C1C1C,0x1C1C1C1C,0x1C1C1C1C,0x1C1C1C1C,0x1C1C1C1C
	.word 0x1C1C1C1C,0x1C1C1C1C,0x1C1C1C1C,0x1C1C1C1C,0x1C1C1C1C,0x1C1C1C1C,0x1900001C,0x19191919
	.word 0x1C000019,0x1C1C1C1C,0x1C1C1C1C,0x1C1C1C1C,0x1C1C1C1C,0x1C1C1C1C,0x1C1C1C1C,0x1C1C1C1C
	.word 0x1C1C1C1C,0x3C426E1C,0x4EEB3C3C,0x54545441,0x54545454,0x54545454,0x54545454,0x4900BF54
	.word 0x3C3C3C61,0x007E3C3C,0x1C1C1CC2,0x1C1C1C1C,0x1C1C1C1C,0x1C1C1C1C,0x19240010,0x19191919
	.word 0x1C7D0045,0x1C1C1C1C,0x1C1C1C1C,0x1C1C1C1C,0x1C1C1C1C,0x1C1C1C1C,0x1C1C1C1C,0xE21C1C1C

	.word 0x1C1C1C1C,0x1C1C1C1C,0x001C1C1C,0x00001900,0x1C1C1C00,0x1C1C1C1C,0x1C1C1C1C,0x1C1C1C1C
	.word 0x1C1C1C1C,0x1C1C1C1C,0x1C1C1C1C,0x1C1C1C1C,0x1C1C1C1C,0x1C1C1C1C,0x1C1C1C1C,0x1C1C1C1C
	.word 0x1C1C1C1C,0x1C1C1C1C,0x1C1C1C1C,0x1C1C1C1C,0x1C1C1C1C,0x1C1C1C1C,0x1C1C1C1C,0x1C1C1C1C
	.word 0x1C1C1C1C,0x1C1C1C1C,0x1C1C1C1C,0x1C1C1C1C,0x1C1C1C1C,0x1C1C1C1C,0x1900001C,0x19191919
	.word 0x1C000019,0x1C1C1C1C,0x1C1C1C1C,0x1C1C1C1C,0x1C1C1C1C,0x1C1C1C1C,0x1C1C1C1C,0x1C1C1C1C
	.word 0x1C1C1C1C,0x3C426E1C,0xB049783C,0x4646A654,0xBE464646,0x54545454,0x54545454,0x14E82254
	.word 0x3C614900,0x007E3C3C,0x1C1C1CC2,0x1C1C1C1C,0x1C1C1C1C,0x1C1C1C1C,0x19240010,0x19191919
	.word 0x1C7D0045,0x1C1C1C1C,0x1C1C1C1C,0x1C1C1C1C,0x1C1C1C1C,0x1C1C1C1C,0x1C1C1C1C,0xE21C1C1C

	.word 0x1C1C1C1C,0x1C1C1C1C,0x001C1C1C,0x00009100,0x1C1C1C00,0x1C1C1C1C,0x1C1C1C1C,0x1C1C1C1C
	.word 0x1C1C1C1C,0x1C1C1C1C,0x1C1C1C1C,0x1C1C1C1C,0x1C1C1C1C,0x1C1C1C1C,0x1C1C1C1C,0x1C1C1C1C
	.word 0x1C1C1C1C,0x1C1C1C1C,0x1C1C1C1C,0x1C1C1C1C,0x1C1C1C1C,0x1C1C1C1C,0x1C1C1C1C,0x1C1C1C1C
	.word 0x1C1C1C1C,0x1C1C1C1C,0x1C1C1C1C,0x1C1C1C1C,0x1C1C1C1C,0x1C1C1C1C,0x1900001C,0x19191919
	.word 0x1C000019,0x1C1C1C1C,0x1C1C1C1C,0x1C1C1C1C,0x1C1C1C1C,0x1C1C1C1C,0x1C1C1C1C,0x1C1C1C1C
	.word 0x1C1C1C1C,0x9A006E1C,0xB000833C,0x0000F754,0x5CBB03B3,0xF75454BE,0x46464646,0x2254BE46
	.word 0x3C1D0014,0xABB53C3C,0x1C1C1CC2,0x1C1C1C1C,0x1C1C1C1C,0x1C1C1C1C,0x19240010,0x19191919
	.word 0x1C7D0045,0x1C1C1C1C,0x1C1C1C1C,0x1C1C1C1C,0x1C1C1C1C,0x1C1C1C1C,0x1C1C1C1C,0xE21C1C1C

	.word 0x1C1C1C1C,0x1C1C1C1C,0x001C1C1C,0x00000000,0x1C1C1C00,0x1C1C1C1C,0x1C1C1C1C,0x1C1C1C1C
	.word 0x1C1C1C1C,0x1C1C1C1C,0x1C1C1C1C,0x1C1C1C1C,0x1C1C1C1C,0x1C1C1C1C,0x1C1C1C1C,0x1C1C1C1C
	.word 0x1C1C1C1C,0x1C1C1C1C,0x1C1C1C1C,0x1C1C1C1C,0x1C1C1C1C,0x1C1C1C1C,0x1C1C1C1C,0x1C1C1C1C
	.word 0x1C1C1C1C,0x1C1C1C1C,0x1C1C1C1C,0x1C1C1C1C,0x1C1C1C1C,0x1C1C1C1C,0x1900001C,0x19191919
	.word 0x1C000019,0x1C1C1C1C,0x1C1C1C1C,0x1C1C1C1C,0x1C1C1C1C,0x1C1C1C1C,0x1C1C1C1C,0x1C1C1C1C
	.word 0x1C1C1C1C,0x499D1C1C,0x7C4E833C,0x0000F754,0xBB9216C1,0xEE7C5446,0x03CC0000,0x5454E065
	.word 0x3C1D1422,0x7E3C3C3C,0x1C1C1CC2,0x1C1C1C1C,0x1C1C1C1C,0x1C1C1C1C,0x19240010,0x19191919
	.word 0x1C7D0045,0x1C1C1C1C,0x1C1C1C1C,0x1C1C1C1C,0x1C1C1C1C,0x1C1C1C1C,0x1C1C1C1C,0xE21C1C1C

	.word 0x1C1C1C1C,0x1C1C1C1C,0x061C1C1C,0x000006A3,0x1C1C1C06,0x1C1C1C1C,0x1C1C1C1C,0x1C1C1C1C
	.word 0x1C1C1C1C,0x1C1C1C1C,0x1C1C1C1C,0x1C1C1C1C,0x1C1C1C1C,0x1C1C1C1C,0x1C1C1C1C,0x1C1C1C1C
	.word 0x1C1C1C1C,0x1C1C1C1C,0x1C1C1C1C,0x1C1C1C1C,0x1C1C1C1C,0x1C1C1C1C,0x1C1C1C1C,0x1C1C1C1C
	.word 0x1C1C1C1C,0x1C1C1C1C,0x1C1C1C1C,0x1C1C1C1C,0x1C1C1C1C,0x1C1C1C1C,0x1900001C,0x19191919
	.word 0x1C000019,0x1C1C1C1C,0x1C1C1C1C,0x1C1C1C1C,0x1C1C1C1C,0x1C1C1C1C,0x1C1C1C1C,0x1C1C1C1C
	.word 0x1C1C1C1C,0x006E1C1C,0x54B04949,0x0000F754,0xCCC190C1,0x00E85446,0x16470000,0x54BEACDC
	.word 0x3C1DBF54,0x5C49333C,0x1C1C1CE9,0x1C1C1C1C,0x1C1C1C1C,0x1C1C1C1C,0x19240010,0x19191919
	.word 0x1C7D0045,0x1C1C1C1C,0x1C1C1C1C,0x1C1C1C1C,0x1C1C1C1C,0x1C1C1C1C,0x1C1C1C1C,0xE21C1C1C

	.word 0x1C1C1C1C,0x1C1C1C1C,0x1C1C1C1C,0x06061C1C,0x1C1C1C1C,0x1C1C1C1C,0x1C1C1C1C,0x1C1C1C1C
	.word 0x1C1C1C1C,0x1C1C1C1C,0x1C1C1C1C,0x1C1C1C1C,0x1C1C1C1C,0x1C1C1C1C,0x1C1C1C1C,0x1C1C1C1C
	.word 0x1C1C1C1C,0x1C1C1C1C,0x1C1C1C1C,0x1C1C1C1C,0x1C1C1C1C,0x1C1C1C1C,0x1C1C1C1C,0x1C1C1C1C
	.word 0x1C1C1C1C,0x1C1C1C1C,0x1C1C1C1C,0x1C1C1C1C,0x1C1C1C1C,0x1C1C1C1C,0x1900001C,0x19191919
	.word 0x1C000019,0x1C1C1C1C,0x1C1C1C1C,0x1C1C1C1C,0x1C1C1C1C,0x1C1C1C1C,0x1C1C1C1C,0x1C1C1C1C
	.word 0x1C1C1C1C,0x9D711C1C,0x54B00000,0x0000F754,0x0000CCB8,0x00E85446,0x03470000,0x54A6E0CC
	.word 0x6100BF54,0x063B5C33,0x1C1C1C6E,0x1C1C1C1C,0x1C1C1C1C,0x1C1C1C1C,0x19240010,0x19191919
	.word 0x1C7D0045,0x1C1C1C1C,0x1C1C1C1C,0x1C1C1C1C,0x1C1C1C1C,0x1C1C1C1C,0x1C1C1C1C,0xE21C1C1C

	.word 0x1C1C1C1C,0x1C1C1C1C,0x1C1C1C1C,0x1C1C1C1C,0x1C1C1C1C,0x1C1C1C1C,0x1C1C1C1C,0x1C1C1C1C
	.word 0x1C1C1C1C,0x1C1C1C1C,0x1C1C1C1C,0x1C1C1C1C,0x1C1C1C1C,0x1C1C1C1C,0x1C1C1C1C,0x1C1C1C1C
	.word 0x1C1C1C1C,0x1C1C1C1C,0x1C1C1C1C,0x1C1C1C1C,0x1C1C1C1C,0x1C1C1C1C,0x1C1C1C1C,0x1C1C1C1C
	.word 0x1C1C1C1C,0x1C1C1C1C,0x1C1C1C1C,0x1C1C1C1C,0x1C1C1C1C,0x1C1C1C1C,0x1900001C,0x19191919
	.word 0x1C000019,0x1C1C1C1C,0x1C1C1C1C,0x1C1C1C1C,0x1C1C1C1C,0x1C1C1C1C,0x1C1C1C1C,0x1C1C1C1C
	.word 0x1C1C1C1C,0x711C1C1C,0x54B0009D,0xE8E82254,0x0000D841,0xE8225446,0x73B800FC,0x5454A6B0
	.word 0x1D142254,0x1C6E3B7E,0x1C1C1C1C,0x1C1C1C1C,0x1C1C1C1C,0x1C1C1C1C,0x19240010,0x19191919
	.word 0x1C7D0045,0x1C1C1C1C,0x1C1C1C1C,0x1C1C1C1C,0x1C1C1C1C,0x1C1C1C1C,0x1C1C1C1C,0xE21C1C1C

	.word 0x1C1C1C1C,0x1C1C1C1C,0x1C1C1C1C,0x1C1C1C1C,0x1C1C1C1C,0x1C1C1C1C,0x1C1C1C1C,0x1C1C1C1C
	.word 0x1C1C1C1C,0x1C1C1C1C,0x1C1C1C1C,0x1C1C1C1C,0x1C1C1C1C,0x1C1C1C1C,0x1C1C1C1C,0xEF3BEF1C
	.word 0xEFEFEF3B,0xEF3BEFEF,0x1CEFEF3B,0x1C1C1C1C,0x1C1C1C1C,0x1C1C1C1C,0x1C1C1C1C,0x1C1C1C1C
	.word 0x1C1C1C1C,0x1C1C1C1C,0x1C1C1C1C,0x1C1C1C1C,0x1C1C1C1C,0x1C1C1C1C,0x1900001C,0x19191919
	.word 0x1C000019,0x1C1C1C1C,0x1C1C1C1C,0x1C1C1C1C,0x1C1C1C1C,0x1C1C1C1C,0x1C1C1C1C,0x1C1C1C1C
	.word 0x1C1C1C1C,0x1C1C1C1C,0x54B00006,0x54545454,0xEE00E854,0x545454A6,0x41414122,0x545454A6
	.word 0x1D125454,0x1C1C5B7E,0x1C1C1C1C,0x1C1C1C1C,0x1C1C1C1C,0x1C1C1C1C,0x19240010,0x19191919
	.word 0x1C7D0045,0x1C1C1C1C,0x1C1C1C1C,0x1C1C1C1C,0x1C1C1C1C,0x1C1C1C1C,0x1C1C1C1C,0xE21C1C1C

	.word 0x1C1C1C1C,0x1C1C1C1C,0x1C1C1C1C,0x1C1C1C1C,0x1C1C1C1C,0x1C1C1C1C,0x1C1C1C1C,0x1C1C1C1C
	.word 0x1C1C1C1C,0x1C1C1C1C,0x1C1C1C1C,0x1C1C1C1C,0x1C1C1C1C,0x1C1C1C1C,0xEFEF1C1C,0x000000EF
	.word 0x00000000,0x00000000,0xEF000000,0x1C1CEFEF,0x1C1C1C1C,0x1C1C1C1C,0x1C1C1C1C,0x1C1C1C1C
	.word 0x1C1C1C1C,0x1C1C1C1C,0x1C1C1C1C,0x1C1C1C1C,0x1C1C1C1C,0x1C1C1C1C,0x1900001C,0x19191919
	.word 0x1C000019,0x1C1C1C1C,0x1C1C1C1C,0x1C1C1C1C,0x1C1C1C1C,0x1C1C1C1C,0x1C1C1C1C,0x1C1C1C1C
	.word 0x1C1C1C1C,0x1C1C1C1C,0x48110006,0x54545454,0x1100E854,0x545454D1,0x54545454,0x54545454
	.word 0x004EE854,0x1C1C5B5C,0x1C1C1C1C,0x1C1C1C1C,0x1C1C1C1C,0x1C1C1C1C,0x19240010,0x19191919
	.word 0x1C7D0045,0x1C1C1C1C,0x1C1C1C1C,0x1C1C1C1C,0x1C1C1C1C,0x1C1C1C1C,0x1C1C1C1C,0xE21C1C1C

	.word 0x1C1C1C1C,0x1C1C1C1C,0x1C1C1C1C,0x1C1C1C1C,0x1C1C1C1C,0x1C1C1C1C,0x1C1C1C1C,0x1C1C1C1C
	.word 0x1C1C1C1C,0x1C1C1C1C,0x1C1C1C1C,0x1C1C1C1C,0x1C1C1C1C,0x1C1C1C1C,0x0000861C,0x1E000000
	.word 0x1E1E1E1E,0x1E1E1E1E,0x0000001E,0x86860000,0x1C1C1C86,0x1C1C1C1C,0x1C1C1C1C,0x1C1C1C1C
	.word 0x1C1C1C1C,0x1C1C1C1C,0x1C1C1C1C,0x1C1C1C1C,0x1C1C1C1C,0x1C1C1C1C,0x1900001C,0x19191919
	.word 0x1C000019,0x1C1C1C1C,0x1C1C1C1C,0x1C1C1C1C,0x1C1C1C1C,0x1C1C1C1C,0x1C1C1C1C,0x1C1C1C1C
	.word 0x1C1C1C1C,0x1C1C1C1C,0xB0009D1C,0x54545454,0xB0D82254,0x545454A6,0x54545454,0x54545454
	.word 0x0000BF54,0x1C1C6E3B,0x1C1C1C1C,0x1C1C1C1C,0x1C1C1C1C,0x1C1C1C1C,0x19240010,0x19191919
	.word 0x1C7D0045,0x1C1C1C1C,0x1C1C1C1C,0x1C1C1C1C,0x1C1C1C1C,0x1C1C1C1C,0x1C1C1C1C,0xE21C1C1C

	.word 0x1C1C1C1C,0x1C1C1C1C,0x1C1C1C1C,0x1C1C1C1C,0x1C1C1C1C,0x1C1C1C1C,0x1C1C1C1C,0x1C1C1C1C
	.word 0x1C1C1C1C,0x1C1C1C1C,0x1C1C1C1C,0x1C1C1C1C,0x1C1C1C1C,0x1C1C1C1C,0x00000086,0x801E1E1E
	.word 0xA880A8A8,0x80A8A8A8,0x1E1E1EA8,0x00000000,0x1C1C8600,0x1C1C1C1C,0x1C1C1C1C,0x1C1C1C1C
	.word 0x1C1C1C1C,0x1C1C1C1C,0x1C1C1C1C,0x1C1C1C1C,0x1C1C1C1C,0x1C1C1C1C,0xD500001C,0x19191919
	.word 0x1C000019,0x1C1C1C1C,0x1C1C1C1C,0x1C1C1C1C,0x1C1C1C1C,0x1C1C1C1C,0x1C1C1C1C,0x1C1C1C1C
	.word 0x1C1C1C1C,0x1C1C1C1C,0x0000061C,0x54545448,0xA6225454,0x54545454,0x54545454,0x54545454
	.word 0x3B00BF54,0x1C1C1C6E,0x1C1C1C1C,0x1C1C1C1C,0x1C1C1C1C,0x1C1C1C1C,0x19240010,0x19191919
	.word 0x1C7D0045,0x1C1C1C1C,0x1C1C1C1C,0x1C1C1C1C,0x1C1C1C1C,0x1C1C1C1C,0x1C1C1C1C,0xE21C1C1C

	.word 0x1C1C1C1C,0x1C1C1C1C,0x1C1C1C1C,0x1C1C1C1C,0x1C1C1C1C,0x1C1C1C1C,0x1C1C1C1C,0x1C1C1C1C
	.word 0x1C1C1C1C,0x1C1C1C1C,0x1C1C1C1C,0x1C1C1C1C,0x1C1C1C1C,0x861C1C1C,0xB1B10000,0xC5A88080
	.word 0xC5C580C5,0xC5C58080,0xA8A880C5,0x00B1B1B1,0x1C860000,0x1C1C1C1C,0x1C1C1C1C,0x1C1C1C1C
	.word 0x1C1C1C1C,0x1C1C1C1C,0x1C1C1C1C,0x1C1C1C1C,0x1C1C1C1C,0x1C1C1C1C,0x3C00001C,0x19191919
	.word 0x1C000019,0x1C1C1C1C,0x1C1C1C1C,0x1C1C1C1C,0x1C1C1C1C,0x1C1C1C1C,0x1C1C1C1C,0x1C1C1C1C
	.word 0x1C1C1C1C,0x1C1C1C1C,0x009D1C1C,0x545454B0,0xB0B07C54,0xB0B0B0B0,0x54547BB0,0x54545454
	.word 0x5B00BF54,0x1C1C1C1C,0x1C1C1C1C,0x1C1C1C1C,0x1C1C1C1C,0x1C1C1C1C,0x19240010,0x19191919
	.word 0x1C7D0045,0x1C1C1C1C,0x1C1C1C1C,0x1C1C1C1C,0x1C1C1C1C,0x1C1C1C1C,0x1C1C1C1C,0xE21C1C1C

	.word 0x1C1C1C1C,0x1C1C1C1C,0x1C1C1C1C,0x1C1C1C1C,0x1C1C1C1C,0x1C1C1C1C,0x1C1C1C1C,0x1C1C1C1C
	.word 0x1C1C1C1C,0x1C1C1C1C,0x1C1C1C1C,0x1C1C1C1C,0x1C1C1C1C,0x001C1C1C,0xA8A80000,0xC5C5C5A8
	.word 0xC5A8C5C5,0xC5C5C5A8,0xC5A8C5C5,0xB1A8A8A8,0x08000000,0x1C1C1C1C,0x1C1C1C1C,0x1C1C1C1C
	.word 0x1C1C1C1C,0x1C1C1C1C,0x1C1C1C1C,0x1C1C1C1C,0x1C1C1C1C,0x1C1C1C1C,0xEA00001C,0x19191919
	.word 0x1C000019,0x1C1C1C1C,0x1C1C1C1C,0x1C1C1C1C,0x1C1C1C1C,0x1C1C1C1C,0x1C1C1C1C,0x1C1C1C1C
	.word 0x1C1C1C1C,0x1C1C1C1C,0x00061C1C,0x54544800,0x0000E854,0x00000000,0x547B5C00,0x54545454
	.word 0x5B006AE8,0x1C1C1C1C,0x1C1C1C1C,0x1C1C1C1C,0x1C1C1C1C,0x1C1C1C1C,0x19240010,0x19191919
	.word 0x1C7D0045,0x1C1C1C1C,0x1C1C1C1C,0x1C1C1C1C,0x1C1C1C1C,0x1C1C1C1C,0x1C1C1C1C,0xE21C1C1C

	.word 0x1C1C1C1C,0x1C1C1C1C,0x1C1C1C1C,0x1C1C1C1C,0x1C1C1C1C,0x1C1C1C1C,0x1C1C1C1C,0x1C1C1C1C
	.word 0x1C1C1C1C,0x1C1C1C1C,0x1C1C1C1C,0x1C1C1C1C,0x1C1C1C1C,0x00081C1C,0xC5C5B100,0x80C5C5C5
	.word 0xC5C5C5C5,0x80C5C5C5,0xC5C5C5C5,0x80C5C5C5,0x0000B1B1,0x1C1C1C08,0x1C1C1C1C,0x1C1C1C1C
	.word 0x1C1C1C1C,0x1C1C1C1C,0x1C1C1C1C,0x1C1C1C1C,0x1C1C1C1C,0x1C1C1C1C,0x2900001C,0x19191919
	.word 0x1C000019,0x1C1C1C1C,0x1C1C1C1C,0x1C1C1C1C,0x1C1C1C1C,0x1C1C1C1C,0x1C1C1C1C,0x1C1C1C1C
	.word 0x1C1C1C1C,0x1C1C1C1C,0x9D1C1C1C,0x48EE1100,0x7C7C2254,0x7C7C7C7C,0x54E37C7C,0xE8545454
	.word 0x6E3B006A,0x1C1C1C1C,0x1C1C1C1C,0x1C1C1C1C,0x1C1C1C1C,0x1C1C1C1C,0xD49A0010,0x19191919
	.word 0x1C7D0045,0x1C1C1C1C,0x1C1C1C1C,0x1C1C1C1C,0x1C1C1C1C,0x1C1C1C1C,0x1C1C1C1C,0xE21C1C1C

	.word 0x1C1C1C1C,0x1C1C1C1C,0x1C1C1C1C,0x1C1C1C1C,0x1C1C1C1C,0x1C1C1C1C,0x1C1C1C1C,0x1C1C1C1C
	.word 0x1C1C1C1C,0x1C1C1C1C,0x1C1C1C1C,0x1C1C1C1C,0x1C1C1C1C,0x00001C1C,0xC5C5C5B1,0xC5C5C5C5
	.word 0xC5C5C5C5,0xC5C5C5C5,0xC5C5C5C5,0xC5C5C5C5,0x00B1C5C5,0x1C1C1C00,0x1C1C1C1C,0x1C1C1C1C
	.word 0x1C1C1C1C,0x1C1C1C1C,0x1C1C1C1C,0x1C1C1C1C,0x1C1C1C1C,0x1C1C1C1C,0x0000061C,0x19191919
	.word 0x1C000019,0x1C1C1C1C,0x1C1C1C1C,0x1C1C1C1C,0x1C1C1C1C,0x1C1C1C1C,0x1C1C1C1C,0x1C1C1C1C
	.word 0x1C1C1C1C,0x1C1C1C1C,0x1C1C1C1C,0x11009D06,0x54544835,0x54545454,0x54545454,0x6AE85454
	.word 0x1C5B0000,0x1C1C1C1C,0x1C1C1C1C,0x1C1C1C1C,0x1C1C1C1C,0x1C1C1C1C,0x5A560010,0x19191919
	.word 0x1C7D0045,0x1C1C1C1C,0x1C1C1C1C,0x1C1C1C1C,0x1C1C1C1C,0x1C1C1C1C,0x1C1C1C1C,0xE21C1C1C

	.word 0x1C1C1C1C,0x1C1C1C1C,0x1C1C1C1C,0x1C1C1C1C,0x1C1C1C1C,0x1C1C1C1C,0x1C1C1C1C,0x1C1C1C1C
	.word 0x1C1C1C1C,0x1C1C1C1C,0x1C1C1C1C,0x1C1C1C1C,0x1C1C1C1C,0x0000081C,0xC5C5C5C5,0xC5C5C5C5
	.word 0xC5C5C5C5,0xC5C5C5C5,0xC5C5C5C5,0xC5C5C5C5,0x00181818,0x1C1C0800,0x1C1C1C1C,0x1C1C1C1C
	.word 0x1C1C1C1C,0x1C1C1C1C,0x1C1C1C1C,0x1C1C1C1C,0x1C1C1C1C,0x1C1C1C1C,0x00001C1C,0x19191919
	.word 0x1C000019,0x1C1C1C1C,0x1C1C1C1C,0x1C1C1C1C,0x1C1C1C1C,0x1C1C1C1C,0x1C1C1C1C,0x1C1C1C1C
	.word 0x1C1C1C1C,0x1C1C1C1C,0x1C1C1C1C,0x00F11C1C,0x35351100,0x54D13535,0x35354154,0x00BD3535
	.word 0x1C9F063B,0x1C1C1C1C,0x1C1C1C1C,0x1C1C1C1C,0x1C1C1C1C,0x1C1C1C1C,0x5A560010,0x8A191919
	.word 0x1C7D00A1,0x1C1C1C1C,0x1C1C1C1C,0x1C1C1C1C,0x1C1C1C1C,0x1C1C1C1C,0x1C1C1C1C,0xE21C1C1C

	.word 0x1C1C1C1C,0x1C1C1C1C,0x1C1C1C1C,0x1C1C1C1C,0x1C1C1C1C,0x1C1C1C1C,0x1C1C1C1C,0x1C1C1C1C
	.word 0x1C1C1C1C,0x1C1C1C1C,0x1C1C1C1C,0x1C1C1C1C,0x1C1C1C1C,0xD700001C,0xC5C5A8C5,0x181880C5
	.word 0x18181818,0xC5181818,0xC5C5A8C5,0x18C580C5,0x00000000,0x1C1C0000,0x1C1C1C1C,0x1C1C1C1C
	.word 0x1C1C1C1C,0x1C1C1C1C,0x1C1C1C1C,0x1C1C1C1C,0x1C1C1C1C,0x1C1C1C1C,0x00001C1C,0x19191919
	.word 0x1C000019,0x1C1C1C1C,0x1C1C1C1C,0x1C1C1C1C,0x1C1C1C1C,0x1C1C1C1C,0x1C1C1C1C,0x1C1C1C1C
	.word 0x1C1C1C1C,0x1C1C1C1C,0x1C1C1C1C,0x6E1C1C1C,0x000000F1,0x4E110000,0x0000BD4E,0x3B000000
	.word 0x1C1C1CFE,0x1C1C1C1C,0x1C1C1C1C,0x1C1C1C1C,0x1C1C1C1C,0x1C1C1C1C,0x5A560010,0x69191919
	.word 0x1C7D0055,0x1C1C1C1C,0x1C1C1C1C,0x1C1C1C1C,0x1C1C1C1C,0x1C1C1C1C,0x1C1C1C1C,0xE21C1C1C

	.word 0x1C1C1C1C,0x1C1C1C1C,0x1C1C1C1C,0x1C1C1C1C,0x1C1C1C1C,0x1C1C1C1C,0x1C1C1C1C,0x1C1C1C1C
	.word 0x1C1C1C1C,0x1C1C1C1C,0x1C1C1C1C,0x1C1C1C1C,0x1C1C1C1C,0xC5000008,0xC5C580C5,0x000018C5
	.word 0x00000000,0x18000000,0xC5C58018,0x00C580C5,0x00090900,0x1C080000,0x1C1C1C1C,0x1C1C1C1C
	.word 0x1C1C1C1C,0x1C1C1C1C,0x1C1C1C1C,0x1C1C1C1C,0x1C1C1C1C,0x1C1C1C1C,0x00001C1C,0x49191919
	.word 0x08000049,0x08080808,0x08080808,0x3B080808,0x1C1C1C1C,0x1C1C1C1C,0x1C1C1C1C,0x1C1C1C1C
	.word 0x1C1C1C1C,0x1C1C1C1C,0x1C1C1C1C,0x1C1C1C1C,0x9D6E6E71,0x00000000,0x00000000,0x9F6E6E3B
	.word 0x1C1C1C1C,0x1C1C1C1C,0x1C1C1C1C,0x1C1C1C1C,0x1C1C1C1C,0x1C1C1C1C,0x5A560010,0x69191919
	.word 0x1C7D0055,0x1C1C1C1C,0x1C1C1C1C,0x1C1C1C1C,0x1C1C1C1C,0x1C1C1C1C,0x1C1C1C1C,0xE21C1C1C

	.word 0x1C1C1C1C,0x1C1C1C1C,0x1C1C1C1C,0x1C1C1C1C,0x1C1C1C1C,0x1C1C1C1C,0x1C1C1C1C,0x1C1C1C1C
	.word 0x1C1C1C1C,0x1C1C1C1C,0x1C1C1C1C,0x1C1C1C1C,0x1C1C1C1C,0x80D70000,0xC580C5C5,0x09000018
	.word 0x00000909,0x00000000,0xC5801800,0x00C5C5C5,0x00731600,0x1C000000,0x1C1C1C1C,0x1C1C1C1C
	.word 0x1C1C1C1C,0x1C1C1C1C,0x1C1C1C1C,0x1C1C1C1C,0x1C1C1C1C,0x1C1C1C1C,0x00001C1C,0x009E1919
	.word 0x00000000,0x00000000,0x00000000,0x2D000000,0x1C1C1C1C,0x1C1C1C1C,0x1C1C1C1C,0x1C1C1C1C
	.word 0x1C1C1C1C,0x1C1C1C1C,0x1C1C1C1C,0x1C1C1C1C,0xA31C1C1C,0x4F4FDA00,0x00014F4F,0x1C1C1C9B
	.word 0x1C1C1C1C,0x1C1C1C1C,0x1C1C1C1C,0x1C1C1C1C,0x1C1C1C1C,0x1C1C1C1C,0x5A560010,0x69191919
	.word 0x1C7D0055,0x1C1C1C1C,0x1C1C1C1C,0x1C1C1C1C,0x1C1C1C1C,0x1C1C1C1C,0x1C1C1C1C,0xE21C1C1C

	.word 0x1C1C1C1C,0x1C1C1C1C,0x1C1C1C1C,0x1C1C1C1C,0x1C1C1C1C,0x1C1C1C1C,0x1C1C1C1C,0x1C1C1C1C
	.word 0x1C1C1C1C,0x1C1C1C1C,0x1C1C1C1C,0x1C1C1C1C,0x081C1C1C,0xC5C50000,0xC5C580C5,0x16090000
	.word 0x00001616,0x00000000,0xC5C50000,0x00188080,0x00001600,0x1C000000,0x1C1C1C1C,0x1C1C1C1C
	.word 0x1C1C1C1C,0x1C1C1C1C,0x1C1C1C1C,0x1C1C1C1C,0x1C1C1C1C,0x1C1C1C1C,0x00001C1C,0x00591919
	.word 0x09090900,0x09090909,0x09090909,0x2D0000DC,0x1C1C1C1C,0x1C1C1C1C,0x1C1C1C1C,0x1C1C1C1C
	.word 0x1C1C1C1C,0x1C1C1C1C,0x1C1C1C1C,0x1C1C1C1C,0xA31C1C1C,0x6F6FF500,0x009C6F6F,0x1C1C1C9B
	.word 0x1C1C1C1C,0x1C1C1C1C,0x1C1C1C1C,0x1C1C1C1C,0x1C1C1C1C,0x1C1C1C1C,0x5A560010,0x69191919
	.word 0x1C7D0055,0x1C1C1C1C,0x1C1C1C1C,0x1C1C1C1C,0x1C1C1C1C,0x1C1C1C1C,0x1C1C1C1C,0xE21C1C1C

	.word 0x1C1C1C1C,0x1C1C1C1C,0x1C1C1C1C,0x1C1C1C1C,0x1C1C1C1C,0x1C1C1C1C,0x1C1C1C1C,0x1C1C1C1C
	.word 0x1C1C1C1C,0x1C1C1C1C,0x1C1C1C1C,0x1C1C1C1C,0x001C1C1C,0xC5C50000,0xC5A8C5C5,0x16160000
	.word 0x00007316,0x00000000,0xC5A80000,0x0000C5A8,0x00001609,0x74000000,0x1C1C1C1C,0x1C1C1C1C
	.word 0x1C1C1C1C,0x1C1C1C1C,0x1C1C1C1C,0x1C1C1C1C,0x1C1C1C1C,0x1C1C1C1C,0x00001C1C,0x00D21919
	.word 0x16167300,0x16161616,0x92161616,0x6E2D0073,0x1C1C1C1C,0x1C1C1C1C,0x1C1C1C1C,0x9B747431
	.word 0x1C1C1C1C,0x1C1C1C1C,0x1C1C1C1C,0x1C1C1C1C,0x7474061C,0x6F6FF500,0x009C6F6F,0x1C1C1C9B
	.word 0x1C1C1C1C,0x1C1C1C1C,0x1C1C1C1C,0x1C1C1C1C,0x1C1C1C1C,0x1C1C1C1C,0x5A560010,0x69191919
	.word 0x1C7D0055,0x1C1C1C1C,0x1C1C1C1C,0x1C1C1C1C,0x1C1C1C1C,0x1C1C1C1C,0x1C1C1C1C,0xE21C1C1C

	.word 0x1C1C1C1C,0x1C1C1C1C,0x1C1C1C1C,0x1C1C1C1C,0x1C1C1C1C,0x1C1C1C1C,0x1C1C1C1C,0x1C1C1C1C
	.word 0x1C1C1C1C,0x1C1C1C1C,0x1C1C1C1C,0x1C1C1C1C,0x001C1C1C,0x80C50A00,0xC5C5C5C5,0x16160000
	.word 0x00000016,0x00000000,0xC5C50000,0x0000C5C5,0x00001616,0x00000000,0x1C1C1C1C,0x1C1C1C1C
	.word 0x1C1C1C1C,0x1C1C1C1C,0x1C1C1C1C,0x1C1C1C1C,0x1C1C1C1C,0x1C1C1C1C,0x00001C1C,0x78191919
	.word 0x73730000,0x16161616,0x73921616,0x1C6E2D00,0x1C1C1C1C,0x1C1C1C1C,0x311C1C1C,0x00000074
	.word 0x1C9B7474,0x1C1C1C1C,0x1C1C1C1C,0x1C1C1C1C,0x00007406,0x6F6FF4DA,0x009C6F6F,0x1C1C0200
	.word 0x1C1C1C1C,0x1C1C1C1C,0x1C1C1C1C,0x1C1C1C1C,0x1C1C1C1C,0x1C1C1C1C,0x5A560010,0x69191919
	.word 0x1C7D0055,0x1C1C1C1C,0x1C1C1C1C,0x1C1C1C1C,0x1C1C1C1C,0x1C1C1C1C,0x1C1C1C1C,0xE21C1C1C

	.word 0x1C1C1C1C,0x1C1C1C1C,0x1C1C1C1C,0x1C1C1C1C,0x1C1C1C1C,0x1C1C1C1C,0x1C1C1C1C,0x1C1C1C1C
	.word 0x1C1C1C1C,0x1C1C1C1C,0x1C1C1C1C,0x1C1C1C1C,0x00741C1C,0xC5C5C500,0xC5C5C5C5,0x16160000
	.word 0x00000916,0x00000000,0xC5C50000,0x0000C5C5,0x00091673,0x00000000,0x1C1C1C1C,0x1C1C1C1C
	.word 0x1C1C1C1C,0x1C1C1C1C,0x1C1C1C1C,0x1C1C1C1C,0x1C1C1C1C,0x1C1C1C1C,0x00001C1C,0x19191919
	.word 0x00000078,0x16161673,0x90161616,0x1C860000,0x1C1C1C1C,0x1C1C1C1C,0x9F1C1C1C,0x44099300
	.word 0x1C740000,0x1C1C1C1C,0x1C1C1C1C,0x061C1C1C,0x4FDA0074,0x6F6F6FF4,0xFAB46F6F,0x02740000
	.word 0x1C1C1C1C,0x1C1C1C1C,0x1C1C1C1C,0x1C1C1C1C,0x1C1C1C1C,0x1C1C1C1C,0x5A560010,0x69191919
	.word 0x1C7D0055,0x1C1C1C1C,0x1C1C1C1C,0x1C1C1C1C,0x1C1C1C1C,0x1C1C1C1C,0x1C1C1C1C,0xE21C1C1C

	.word 0x1C1C1C1C,0x1C1C1C1C,0x1C1C1C1C,0x1C1C1C1C,0x1C1C1C1C,0x1C1C1C1C,0x1C1C1C1C,0x1C1C1C1C
	.word 0x1C1C1C1C,0x1C1C1C1C,0x1C1C1C1C,0x1C1C1C1C,0x00001C1C,0xC5C5C500,0xC5C5C5C5,0x16730000
	.word 0x00001616,0x00000000,0xC5C50000,0x000AC5C5,0x00937300,0x00000000,0x1C1C1C1C,0x1C1C1C1C
	.word 0x1C1C1C1C,0x1C1C1C1C,0x1C1C1C1C,0x1C1C1C1C,0x1C1C1C1C,0x1C1C1C1C,0x00001C1C,0x42191919
	.word 0x00000011,0x16161663,0x16161616,0x86000090,0x1C1C1C1C,0x1C1C1C1C,0xFE1C1C1C,0x16169300
	.word 0x1C740044,0x1C1C1C1C,0x1C1C1C1C,0x74061C1C,0x6FF4DA00,0x6F6F6F6F,0xB46F6F6F,0x00000001
	.word 0x1C1CF674,0x1C1C1C1C,0x1C1C1C1C,0x1C1C1C1C,0x1C1C1C1C,0x1C1C1C1C,0x5A560010,0x69191919
	.word 0x1C7D0055,0x1C1C1C1C,0x1C1C1C1C,0x1C1C1C1C,0x1C1C1C1C,0x1C1C1C1C,0x1C1C1C1C,0xE21C1C1C

	.word 0x1C1C1C1C,0x1C1C1C1C,0x1C1C1C1C,0x1C1C1C1C,0x1C1C1C1C,0x1C1C1C1C,0x1C1C1C1C,0x1C1C1C1C
	.word 0x1C1C1C1C,0x1C1C1C1C,0x1C1C1C1C,0x1C1C1C1C,0x00001C1C,0xC5C580AA,0xC5C5A8C5,0x93000000
	.word 0x00631616,0x00000000,0xC5C5AA00,0xAAC580C5,0x00000000,0x0000AAAA,0x1C1C1C74,0x1C1C1C1C
	.word 0x1C1C1C1C,0x1C1C1C1C,0x1C1C1C1C,0x1C1C1C1C,0x1C1C1C1C,0x1C1C1C1C,0x00001C1C,0x00421919
	.word 0x63630000,0x16161616,0x16161616,0x00009016,0x74747474,0x1C1C3B74,0xFE1C1C1C,0x93930000
	.word 0x1C740093,0x1C1C1C1C,0x1C1C1C1C,0x0074061C,0x6F6FF4DA,0x6F6F6F6F,0x6F6F6F6F,0x0001E6B4
	.word 0x1CF60000,0x1C1C1C1C,0x1C1C1C1C,0x1C1C1C1C,0x1C1C1C1C,0x1C1C1C1C,0x5A560010,0x69191919
	.word 0x1C7D0055,0x1C1C1C1C,0x1C1C1C1C,0x1C1C1C1C,0x1C1C1C1C,0x1C1C1C1C,0x1C1C1C1C,0xE21C1C1C

	.word 0x1C1C1C1C,0x1C1C1C1C,0x1C1C1C1C,0x1C1C1C1C,0x1C1C1C1C,0x1C1C1C1C,0x1C1C1C1C,0x1C1C1C1C
	.word 0x1C1C1C1C,0x1C1C1C1C,0x1C1C1C1C,0x1C1C1C1C,0x0000741C,0xC5C580C5,0xC5C580C5,0x000000AA
	.word 0x63161693,0x00000063,0xC5C580AA,0xC5C580C5,0xAAAAAAAA,0x000080C5,0x1C1C1C00,0x1C1C1C1C
	.word 0x1C1C1C1C,0x1C1C1C1C,0x1C1C1C1C,0x1C1C1C1C,0x1C1C1C1C,0x1C1C1C1C,0x00001C1C,0x00001919
	.word 0x16166300,0x16161616,0x16161616,0x00901616,0x00000000,0x1C3B0000,0x74311C1C,0x00000000
	.word 0x9B000000,0x1C1C1C1C,0x1C1C1C1C,0xDA00746E,0x6F6F6FF4,0x6F6F6F6F,0x6F6F6F6F,0x84B46F6F
	.word 0xF6000001,0x1C1C1C1C,0x1C1C1C1C,0x1C1C1C1C,0x1C1C1C1C,0x1C1C1C1C,0x5A560010,0x69191919
	.word 0x1C7D0055,0x1C1C1C1C,0x1C1C1C1C,0x1C1C1C1C,0x1C1C1C1C,0x1C1C1C1C,0x1C1C1C1C,0xE21C1C1C

	.word 0x1C1C1C1C,0x1C1C1C1C,0x1C1C1C1C,0x1C1C1C1C,0x1C1C1C1C,0x1C1C1C1C,0x1C1C1C1C,0x1C1C1C1C
	.word 0x1C1C1C1C,0x1C1C1C1C,0x1C1C1C1C,0x1C1C1C1C,0x0000001C,0x80C5C5C5,0xC580C5C5,0x0000AAC5
	.word 0x93939300,0xAA000093,0xC580C5C5,0x80C5C5C5,0xC580C5C5,0x0000C5C5,0x1C1C1C00,0x1C1C1C1C
	.word 0x1C1C1C1C,0x1C1C1C1C,0x1C1C1C1C,0x1C1C1C1C,0x1C1C1C1C,0x1C1C1C1C,0x00001C1C,0x00001919
	.word 0x16161663,0x16161616,0x16161616,0x63161616,0x63636363,0x3B000090,0x00311C1C,0x63636393
	.word 0x08004463,0x1C1C1C1C,0x1C1C1C1C,0xCADA0006,0x6F6F6F6F,0x6F6F6F6F,0x6F6F6F6F,0x6F6F6F6F
	.word 0x5B00004B,0x1C1C1C1C,0x1C1C1C1C,0x1C1C1C1C,0x1C1C1C1C,0x1C1C1C1C,0x5A560010,0x69191919
	.word 0x1C7D0055,0x1C1C1C1C,0x1C1C1C1C,0x1C1C1C1C,0x1C1C1C1C,0x1C1C1C1C,0x1C1C1C1C,0xE21C1C1C

	.word 0x1C1C1C1C,0x1C1C1C1C,0x1C1C1C1C,0x1C1C1C1C,0x1C1C1C1C,0x1C1C1C1C,0x1C1C1C1C,0x1C1C1C1C
	.word 0x1C1C1C1C,0x1C1C1C1C,0x1C1C1C1C,0x1C1C1C1C,0x0000001C,0xC5C58080,0xC5C580C5,0xAAAA8080
	.word 0x00000000,0xC5AA0000,0xC5C580C5,0x7AC58080,0x7A7A7A7A,0x00007A7A,0x1C1C1C00,0x1C1C1C1C
	.word 0x1C1C1C1C,0x1C1C1C1C,0x1C1C1C1C,0x1C1C1C1C,0x1C1C1C1C,0x1C1C1C1C,0x0000741C,0x0000EA19
	.word 0x16931616,0x16161616,0x16161616,0x93939392,0x16CC23CC,0x74009016,0x00311C1C,0x16161693
	.word 0x08000916,0x1C1C1C1C,0x6E1C1C1C,0x6FDA005C,0x6F6F6F6F,0x6F6F6F6F,0x6F6F6F6F,0x6F6F6F6F
	.word 0x000001B4,0x1C1C1CF6,0x1C1C1C1C,0x1C1C1C1C,0x1C1C1C1C,0x1C1C1C1C,0x5A560010,0x69191919
	.word 0x1C7D0055,0x1C1C1C1C,0x1C1C1C1C,0x1C1C1C1C,0x1C1C1C1C,0x1C1C1C1C,0x1C1C1C1C,0xE21C1C1C

	.word 0x1C1C1C1C,0x1C1C1C1C,0x1C1C1C1C,0x1C1C1C1C,0x1C1C1C1C,0x1C1C1C1C,0x1C1C1C1C,0x1C1C1C1C
	.word 0x1C1C1C1C,0x1C1C1C1C,0x1C1C1C1C,0x1C1C1C1C,0x0000001C,0xC5C5C5A8,0xC5A8C5C5,0xC5C5C5A8
	.word 0xAAAAAAAA,0xC5C5AAAA,0xC5A8C5C5,0x007A7A7A,0x00000000,0x00000000,0x1C1C1C00,0x1C1C1C1C
	.word 0x1C1C1C1C,0x1C1C1C1C,0x1C1C1C1C,0x1C1C1C1C,0x1C1C1C1C,0x1C1C1C1C,0x7800001C,0x00000019
	.word 0x93009393,0x93939393,0x93939393,0xB1AAAAEE,0x93009300,0x74009393,0x00FE1C1C,0x93939300
	.word 0x08006293,0x1C1C1C1C,0x5C6E1C1C,0x6FCADA00,0x6FDDD0ED,0x6F6F6F6F,0x6F6F6F6F,0x6F6F6F6F
	.word 0x0001B46F,0x1C1C1C5B,0x1C1C1C1C,0x1C1C1C1C,0x1C1C1C1C,0x1C1C1C1C,0x5A560010,0x69191919
	.word 0x1C7D0055,0x1C1C1C1C,0x1C1C1C1C,0x1C1C1C1C,0x1C1C1C1C,0x1C1C1C1C,0x1C1C1C1C,0xE21C1C1C

	.word 0x1C1C1C1C,0x1C1C1C1C,0x1C1C1C1C,0x1C1C1C1C,0x1C1C1C1C,0x1C1C1C1C,0x1C1C1C1C,0x1C1C1C1C
	.word 0x1C1C1C1C,0x1C1C1C1C,0x1C1C1C1C,0x1C1C1C1C,0x0000001C,0x80C5C5C5,0xC5C5C5C5,0x80C5C5C5
	.word 0xC5C5C5C5,0x80C5C5C5,0x7A7AC5C5,0x00000000,0x00000000,0x00000000,0x1C747400,0x1C1C1C1C
	.word 0x1C1C1C1C,0x1C1C1C1C,0x1C1C1C1C,0x1C1C1C1C,0x1C1C1C1C,0x1C1C1C1C,0x3C00001C,0xAA000019
	.word 0xAAAAAAAA,0xAAAAAAAA,0xAAAAAAAA,0x80C5C5AA,0xAAAA5CB1,0x74001EAA,0x005C311C,0x00000000
	.word 0x00000000,0x1C1C1C3B,0x00061C1C,0x6F6FCADA,0x6F760007,0x6F6F6F6F,0x6F6F6F6F,0xD0CE6F6F
	.word 0x004B6F96,0x1C1C1C5B,0x1C1C1C1C,0x1C1C1C1C,0x1C1C1C1C,0x1C1C1C1C,0x5A560010,0x69191919
	.word 0x1C7D0055,0x1C1C1C1C,0x1C1C1C1C,0x1C1C1C1C,0x1C1C1C1C,0x1C1C1C1C,0x1C1C1C1C,0xE21C1C1C

	.word 0x1C1C1C1C,0x1C1C1C1C,0x1C1C1C1C,0x1C1C1C1C,0x1C1C1C1C,0x1C1C1C1C,0x1C1C1C1C,0x1C1C1C1C
	.word 0x1C1C1C1C,0x1C1C1C1C,0x1C1C1C1C,0x1C1C1C1C,0x0000001C,0xC5C5C5C5,0xC5C5C5C5,0xC5C5C5C5
	.word 0xC5C5C5C5,0xC5C5C5C5,0x000075C5,0x05050500,0x05050505,0x05050505,0x74000000,0x1C1C7474
	.word 0x1C1C1C1C,0x1C1C1C1C,0x1C1C1C1C,0x1C1C1C1C,0x1C1C1C1C,0x1C1C1C1C,0x3C00001C,0xC5000019
	.word 0xC5C5C5C5,0xC5C5C5C5,0xC5C5C5C5,0xC5C5C5C5,0x4CC5AA5F,0x312D7575,0xB800311C,0x6363633E
	.word 0x00C69063,0x1C1C1C08,0x005C6E1C,0x6F6F6FDA,0x6F760007,0x6F6F6F6F,0x6F6F6F6F,0x009C6F6F
	.word 0x004B6F53,0x1C1C0200,0x1C1C1C1C,0x1C1C1C1C,0x1C1C1C1C,0x1C1C1C1C,0x5A560010,0x69191919
	.word 0x1C7D0055,0x1C1C1C1C,0x1C1C1C1C,0x1C1C1C1C,0x1C1C1C1C,0x1C1C1C1C,0x1C1C1C1C,0xE21C1C1C

	.word 0x1C1C1C1C,0x1C1C1C1C,0x1C1C1C1C,0x1C1C1C1C,0x1C1C1C1C,0x1C1C1C1C,0x1C1C1C1C,0x1C1C1C1C
	.word 0x1C1C1C1C,0x1C1C1C1C,0x1C1C1C1C,0x1C1C1C1C,0x0000001C,0xC5C5C5C5,0xC5C5C5C5,0xC5C5C5C5
	.word 0xC5C5C5C5,0xC5C5C5C5,0x05000075,0x38383805,0x38383838,0x38384242,0x00000505,0x67740000
	.word 0x1C1C1C74,0x1C1C1C1C,0x1C1C1C1C,0x1C1C1C1C,0x1C1C1C1C,0x1C1C1C1C,0x3C00001C,0xC5000019
	.word 0xC5C5C5C5,0xC5C5C5C5,0xC5C5C5C5,0x4CC5C5C5,0x7575757F,0x1CB80000,0xB800311C,0x1616160D
	.word 0x00BC2316,0x1C1C1C08,0x1300061C,0x6F6F6FCA,0x6F760007,0x6F6F6F6F,0x6F6F6F6F,0x009C6F6F
	.word 0x01B46F53,0x1C1C5B00,0x1C1C1C1C,0x1C1C1C1C,0x1C1C1C1C,0x1C1C1C1C,0x5A560010,0x19191919
	.word 0x1C7D0064,0x1C1C1C1C,0x1C1C1C1C,0x1C1C1C1C,0x1C1C1C1C,0x1C1C1C1C,0x1C1C1C1C,0xE21C1C1C

	.word 0x1C1C1C1C,0x1C1C1C1C,0x1C1C1C1C,0x1C1C1C1C,0x1C1C1C1C,0x1C1C1C1C,0x1C1C1C1C,0x1C1C1C1C
	.word 0x1C1C1C1C,0x1C1C1C1C,0x1C1C1C1C,0x1C1C1C1C,0x0000001C,0xC5C580C5,0xC5C5A8C5,0xC5C580C5
	.word 0xC5C5A8C5,0x757580C5,0x38050000,0x42383838,0x38383842,0x38380000,0x05053838,0x00000000
	.word 0x1C5C5C00,0x1C1C1C1C,0x1C1C1C1C,0x1C1C1C1C,0x1C1C1C1C,0x1C1C1C1C,0x1900001C,0xC5000019
	.word 0xC5C5A8C5,0xC5C580C5,0xC5C5A8C5,0x4CC580C5,0x00000000,0x1C312D00,0x0000311C,0x161616B2
	.word 0x00BC2316,0x1C1C1C08,0xDA002D6E,0x6F6F6F6F,0x6F760007,0x6F6F6F6F,0x6F6F6F6F,0x009C6F6F
	.word 0x4B6F6F53,0x1C1C5B00,0x1C1C1C1C,0x1C1C1C1C,0x1C1C1C1C,0x1C1C1C1C,0x5A560010,0x19191919
	.word 0x1C7D0045,0x1C1C1C1C,0x1C1C1C1C,0x1C1C1C1C,0x1C1C1C1C,0x1C1C1C1C,0x1C1C1C1C,0xE21C1C1C

	.word 0x1C1C1C1C,0x1C1C1C1C,0x1C1C1C1C,0x1C1C1C1C,0x1C1C1C1C,0x1C1C1C1C,0x1C1C1C1C,0x1C1C1C1C
	.word 0x1C1C1C1C,0x1C1C1C1C,0x1C1C1C1C,0x1C1C1C1C,0x0000001C,0xC5C580C5,0xC5C580C5,0xC5C580C5
	.word 0xC5C580C5,0x000080C5,0x38380500,0x00383838,0x38383800,0x38380505,0x38383838,0x00050505
	.word 0xB8000000,0x1C1C1C1C,0x1C1C1C1C,0x1C1C1C1C,0x1C1C1C1C,0x1C1C1C1C,0x1900001C,0xC5000019
	.word 0xC5C580C5,0xC5C580C5,0xC5C580C5,0x4CC580C5,0x31312D00,0x1C1C3131,0x00061C1C,0x16161693
	.word 0x00B80916,0x1C1C1C08,0xDA000006,0x6F6F6F6F,0x6F760007,0x6F6F6F6F,0x6F6F6F6F,0x009C6F6F
	.word 0x4B6F6F53,0x1C020000,0x1C1C1C1C,0x1C1C1C1C,0x1C1C1C1C,0x1C1C1C1C,0x5A560010,0x19191919
	.word 0x1C7D0045,0x1C1C1C1C,0x1C1C1C1C,0x1C1C1C1C,0x1C1C1C1C,0x1C1C1C1C,0x1C1C1C1C,0xE21C1C1C

	.word 0x1C1C1C1C,0x1C1C1C1C,0x1C1C1C1C,0x1C1C1C1C,0x1C1C1C1C,0x1C1C1C1C,0x1C1C1C1C,0x1C1C1C1C
	.word 0x1C1C1C1C,0x1C1C1C1C,0x1C1C1C1C,0x1C1C1C1C,0x0000001C,0x80C5C5C5,0xC580C5C5,0x80C5C5C5
	.word 0xC580C5C5,0x0000C5C5,0x38383805,0x05383838,0x38383805,0x38383838,0x38383838,0x05383838
	.word 0x00000005,0x1C1C1C5C,0x1C1C1C1C,0x1C1C1C1C,0x1C1C1C1C,0x1C1C1C1C,0x1900001C,0x75000019
	.word 0xC580C5C5,0x80C5C5C5,0xC580C5C5,0x424CC5C5,0x1C1C2D00,0x1C1C1C1C,0x00311C1C,0x16161693
	.word 0x74000916,0x1C1C1C31,0xDA000006,0x6F6F6F6F,0x6F760007,0x6F6F6F6F,0x6F6F6F6F,0x00E5CE6F
	.word 0xB46F6F53,0x1C5B0001,0x1C1C1C1C,0x1C1C1C1C,0x1C1C1C1C,0x1C1C1C1C,0x5A560010,0x19191919
	.word 0x1C7D0045,0x1C1C1C1C,0x1C1C1C1C,0x1C1C1C1C,0x1C1C1C1C,0x1C1C1C1C,0x1C1C1C1C,0xE21C1C1C

	.word 0x1C1C1C1C,0x1C1C1C1C,0x1C1C1C1C,0x1C1C1C1C,0x1C1C1C1C,0x1C1C1C1C,0x1C1C1C1C,0x1C1C1C1C
	.word 0x1C1C1C1C,0x1C1C1C1C,0x1C1C1C1C,0x1C1C1C1C,0x0000311C,0xC5C58080,0xC5C580C5,0xC5C58080
	.word 0xC5C580C5,0x00008080,0x38383838,0x38383838,0x38383838,0x38383838,0x38383838,0x38383838
	.word 0x00050538,0x1C1C5C00,0x1C1C1C1C,0x1C1C1C1C,0x1C1C1C1C,0x1C1C1C1C,0x1900005C,0x00004319
	.word 0xC5C580C5,0xC5C58080,0xC5C580C5,0x004C8080,0x1C1C312D,0x1C1C1C1C,0x00311C1C,0x16161693
	.word 0x08000916,0x1C1C1C1C,0x25C70006,0x6F6F6F6F,0x6F760007,0x6F6F6F6F,0x6F6F6F6F,0x28009C6F
	.word 0x6F6F6F25,0x1C5B004B,0x1C1C1C1C,0x1C1C1C1C,0x1C1C1C1C,0x1C1C1C1C,0x5A560010,0x19191919
	.word 0xC8000045,0x1C1C1C1C,0x1C1C1C1C,0x1C1C1C1C,0x1C1C1C1C,0x1C1C1C1C,0x1C1C1C1C,0xE21C1C1C

	.word 0x1C1C1C1C,0x1C1C1C1C,0x1C1C1C1C,0x1C1C1C1C,0x1C1C1C1C,0x1C1C1C1C,0x1C1C1C1C,0x1C1C1C1C
	.word 0x1C1C1C1C,0x1C1C1C1C,0x1C1C1C1C,0x1C1C1C1C,0x00001C1C,0xC5C5C575,0xC5A8C5C5,0xC5C5C5A8
	.word 0xC5A8C5C5,0x0000C5A8,0x38383842,0x38383838,0x38383838,0x38383838,0x38383838,0x38383838
	.word 0x05383838,0x1C1C0000,0x1C1C1C1C,0x1C1C1C1C,0x1C1C1C1C,0x1C1C1C1C,0x19780000,0x00001919
	.word 0xC5A8C575,0xC5C5C5A8,0xC5A8C5C5,0x0042A2A8,0x1C1C1C2D,0x1C1C1C1C,0x00FE1C1C,0x16161693
	.word 0x08000916,0x6E1C1C1C,0x6FDA002D,0x6F6F6F6F,0x6F760007,0x6F6F6F6F,0x6F6F6F6F,0x53009C6F
	.word 0x6F6F6F6F,0x1C5B004B,0x1C1C1C1C,0x1C1C1C1C,0x1C1C1C1C,0x1C1C1C1C,0x82000010,0x19191919
	.word 0x7D000045,0x1C1C1C1C,0x1C1C1C1C,0x1C1C1C1C,0x1C1C1C1C,0x1C1C1C1C,0x1C1C1C1C,0xE21C1C1C

	.word 0x1C1C1C1C,0x1C1C1C1C,0x1C1C1C1C,0x1C1C1C1C,0x1C1C1C1C,0x1C1C1C1C,0x1C1C1C1C,0x1C1C1C1C
	.word 0x1C1C1C1C,0x1C1C1C1C,0x1C1C1C1C,0x1C1C1C1C,0x00001C1C,0x80C5C500,0xC5C5C5C5,0x80C5C5C5
	.word 0xC5C5C5C5,0x0000C5C5,0x38383800,0x38383838,0x38383838,0x38383838,0x38383838,0x38383838
	.word 0x38383838,0x1C5C0000,0x1C1C1C1C,0x1C1C1C1C,0x1C1C1C1C,0x1C1C1C1C,0x193C0000,0x00431919
	.word 0x75424200,0x80C5C5C5,0x4242421F,0x00004242,0x5C5C5C00,0x5C5C5C5C,0x002D5C5C,0x62626200
	.word 0x00006262,0x2D5C5C5C,0x3A000000,0x3A3A3A3A,0x3A0000E5,0x3A3A3A3A,0x3A3A3A3A,0x0000E53A
	.word 0x3A3A3A3A,0x5C0000E5,0x5C5C5C5C,0x5C5C5C5C,0x5C5C5C5C,0x5C5C5C5C,0x0000002D,0x11111111
	.word 0xA4000000,0x1C1C1C1C,0x1C1C1C1C,0x1C1C1C1C,0x1C1C1C1C,0x1C1C1C1C,0x1C1C1C1C,0xE21C1C1C

	.word 0x1C1C1C1C,0x1C1C1C1C,0x1C1C1C1C,0x1C1C1C1C,0x1C1C1C1C,0x1C1C1C1C,0x1C1C1C1C,0x1C1C1C1C
	.word 0x1C1C1C1C,0x1C1C1C1C,0x1C1C1C1C,0x1C1C1C1C,0x00001C1C,0xC5C5C500,0xC5C5C5C5,0xC5C5C5C5
	.word 0xC5C5C5C5,0x004CC5C5,0x38424200,0x38383838,0x38383838,0x38383838,0x38383838,0x38383838
	.word 0x38383838,0x1C000000,0x1C1C1C1C,0x1C1C1C1C,0x1C1C1C1C,0x1C1C1C1C,0x193C0000,0x43191919
	.word 0x00000000,0x42424242,0x00000042,0x00000000,0x00000000,0x00000000,0x00000000,0x00000000
	.word 0x00000000,0x00000000,0x00000000,0x00000000,0x00000000,0x00000000,0x00000000,0x00000000
	.word 0x00000000,0x00000000,0x00000000,0x00000000,0x00000000,0x00000000,0x00000000,0x00000000
	.word 0x00000000,0x1C1C1CC8,0x1C1C1C1C,0x1C1C1C1C,0x1C1C1C1C,0x1C1C1C1C,0x1C1C1C1C,0xE21C1C1C

	.word 0x1C1C1C1C,0x1C1C1C1C,0x1C1C1C1C,0x1C1C1C1C,0x1C1C1C1C,0x1C1C1C1C,0x1C1C1C1C,0x1C1C1C1C
	.word 0x1C1C1C1C,0x1C1C1C1C,0x1C1C1C1C,0x1C1C1C1C,0x00311C1C,0xC5C54200,0xC5C5C5C5,0xC5C5C5C5
	.word 0xC5C5C5C5,0x4CC5C5C5,0x42000000,0x38383842,0x38383838,0x38383838,0x38383838,0x38383838
	.word 0x38383838,0x1C000000,0x1C1C1C1C,0x1C1C1C1C,0x1C1C1C1C,0x1C1C1C1C,0x193C0000,0x5C1111D5
	.word 0x00000000,0x00000000,0x00000000,0x95434343,0x43434343,0x95434343,0x43434343,0x95434343
	.word 0x43434343,0x95434343,0x43434343,0x95434343,0x43434343,0x95434343,0x43434343,0x95434343
	.word 0x43434343,0x15434343,0x00000000,0x00000000,0x00000000,0x00000000,0x00000000,0x00000000
	.word 0x00000000,0x1C1CC800,0x1C1C1C1C,0x1C1C1C1C,0x1C1C1C1C,0x1C1C1C1C,0x1C1C1C1C,0xE21C1C1C

	.word 0x1C1C1C1C,0x1C1C1C1C,0x1C1C1C1C,0x1C1C1C1C,0x1C1C1C1C,0x1C1C1C1C,0x1C1C1C1C,0x1C1C1C1C
	.word 0x1C1C1C1C,0x1C1C1C1C,0x1C1C1C1C,0x1C1C1C1C,0x311C1C1C,0xC5C50000,0xC5C5A8C5,0xC5C580C5
	.word 0xC5C5A8C5,0xC5C580C5,0x0000004C,0x42424200,0x38383838,0x38383838,0x38383838,0x38383838
	.word 0x42383838,0x1C310000,0x1C1C1C1C,0x1C1C1C1C,0x1C1C1C1C,0x1C1C1C1C,0x11110000,0x00000011
	.word 0x00000000,0x43430000,0x43434343,0x19191919,0x19191919,0x19191919,0x19191919,0x19191919
	.word 0x19191919,0x19191919,0x19191919,0x19191919,0x19191919,0x19191919,0x19191919,0x19191919
	.word 0x19191919,0x19191919,0x43434343,0x43434343,0x43434343,0x43434343,0x43434343,0x43434343
	.word 0x64434343,0x1CC80000,0x1C1C1C1C,0x1C1C1C1C,0x1C1C1C1C,0x1C1C1C1C,0x1C1C1C1C,0xE21C1C1C

	.word 0x1C1C1C1C,0x1C1C1C1C,0x1C1C1C1C,0x1C1C1C1C,0x1C1C1C1C,0x1C1C1C1C,0x1C1C1C1C,0x1C1C1C1C
	.word 0x1C1C1C1C,0x1C1C1C1C,0x1C1C1C1C,0x1C1C1C1C,0x1C1C1C1C,0xC5420000,0xC5C580C5,0xC5C580C5
	.word 0xC5C580C5,0xC5C580C5,0x004C4CC5,0x00000000,0x38384242,0x38383838,0x38383838,0x38383838
	.word 0x00424238,0x1C1C0000,0x1C1C1C1C,0x1C1C1C1C,0x1C1C1C1C,0x2D2D1C1C,0x00000000,0x00000000
	.word 0x43954300,0x19194343,0x19191919,0x19191919,0x19191919,0x19191919,0x19191919,0x19191919
	.word 0x19191919,0x19191919,0x19191919,0x19191919,0x19191919,0x19191919,0x19191919,0x19191919
	.word 0x19191919,0x19191919,0x19191919,0x19191919,0x19191919,0x19191919,0x19191919,0x19191919
	.word 0x64191919,0x1CA40000,0x1C1C1C1C,0x1C1C1C1C,0x1C1C1C1C,0x1C1C1C1C,0x1C1C1C1C,0xE21C1C1C

	.word 0x1C1C1C1C,0x1C1C1C1C,0x1C1C1C1C,0x1C1C1C1C,0x1C1C1C1C,0x1C1C1C1C,0x1C1C1C1C,0x1C1C1C1C
	.word 0x1C1C1C1C,0x1C1C1C1C,0x1C1C1C1C,0x1C1C1C1C,0x1C1C1C1C,0x80000000,0xC580C5C5,0x80C5C5C5
	.word 0xC580C5C5,0x80C5C5C5,0x4C80C5C5,0x00004C4C,0x42420000,0x38383838,0x38383838,0x42424238
	.word 0x00000042,0x1C1C3100,0x1C1C1C1C,0x1C1C1C1C,0x1C1C1C1C,0x00001C1C,0x95950000,0x95959595
	.word 0x19191995,0x19191919,0x19191919,0x19191919,0x19191919,0x19191919,0x19191919,0x19191919
	.word 0x19191919,0x19191919,0x19191919,0x19191919,0x19191919,0x19191919,0x19191919,0x19191919
	.word 0x19191919,0x19191919,0x19191919,0x19191919,0x19191919,0x19191919,0x19191919,0x19191919
	.word 0x19191919,0x1CA40064,0x1C1C1C1C,0x1C1C1C1C,0x1C1C1C1C,0x1C1C1C1C,0x1C1C1C1C,0xE21C1C1C

	.word 0x1C1C1C1C,0x1C1C1C1C,0x1C1C1C1C,0x1C1C1C1C,0x1C1C1C1C,0x1C1C1C1C,0x1C1C1C1C,0x1C1C1C1C
	.word 0x1C1C1C1C,0x1C1C1C1C,0x1C1C1C1C,0x1C1C1C1C,0x1C1C1C1C,0xC5000031,0xC5C580C5,0xC5C58080
	.word 0xC5C580C5,0xC5C58080,0xC5C580C5,0x4C4C8080,0x00000000,0x42424242,0x42424242,0x00000042
	.word 0x31000000,0x1C1C1C31,0x1C1C1C1C,0x1C1C1C1C,0x1C1C1C1C,0x00001C1C,0x19199595,0x19191919
	.word 0x19191919,0x19191919,0x19191919,0x19191919,0x19191919,0x19191919,0x19191919,0x19191919
	.word 0x19191919,0x19191919,0x19191919,0x19191919,0x19191919,0x19191919,0x19191919,0x19191919
	.word 0x19191919,0x19191919,0x19191919,0x19191919,0x19191919,0x19191919,0x19191919,0x19191919
	.word 0x19191919,0xC8000064,0x1C1C1C1C,0x1C1C1C1C,0x1C1C1C1C,0x1C1C1C1C,0x1C1C1C1C,0xE21C1C1C

	.word 0x1C1C1C1C,0x1C1C1C1C,0x1C1C1C1C,0x1C1C1C1C,0x1C1C1C1C,0x1C1C1C1C,0x1C1C1C1C,0x1C1C1C1C
	.word 0x1C1C1C1C,0x1C1C1C1C,0x1C1C1C1C,0x1C1C1C1C,0x1C1C1C1C,0x4200001C,0xC5A8C5C5,0xC5C5C5A8
	.word 0xC5A8C5C5,0xC5C5C5A8,0xC5A8C5C5,0x42C5C5A8,0x00000000,0x00000000,0x00000000,0x31000000
	.word 0x1C313131,0x1C1C1C1C,0x1C1C1C1C,0x1C1C1C1C,0x1C1C1C1C,0x00001C1C,0x19191919,0x19191919
	.word 0x19191919,0x19191919,0x19191919,0x19191919,0x19191919,0x19191919,0x19191919,0x19191919
	.word 0x19191919,0x19191919,0x19191919,0x19191919,0x19191919,0x19191919,0x19191919,0x19191919
	.word 0x19191919,0x19191919,0x19191919,0x19191919,0x19191919,0x19191919,0x19191919,0x19191919
	.word 0x19191919,0xA4006419,0x1C1C1C1C,0x1C1C1C1C,0x1C1C1C1C,0x1C1C1C1C,0x1C1C1C1C,0xE21C1C1C

	.word 0x1C1C1C1C,0x1C1C1C1C,0x1C1C1C1C,0x1C1C1C1C,0x1C1C1C1C,0x1C1C1C1C,0x1C1C1C1C,0x1C1C1C1C
	.word 0x1C1C1C1C,0x1C1C1C1C,0x1C1C1C1C,0x1C1C1C1C,0x2D1C1C1C,0x0000002D,0xC5C5C542,0x80C5C5C5
	.word 0xC5C5C5C5,0x80C5C5C5,0xC5C5C5C5,0x004242C5,0x31313100,0x31313131,0x31313131,0x1C313131
	.word 0x1C1C1C1C,0x1C1C1C1C,0x1C1C1C1C,0x1C1C1C1C,0x1C1C1C1C,0x00001C1C,0x19191919,0x19191919
	.word 0x19191919,0x19191919,0x19191919,0x19191919,0x19191919,0x19191919,0x19191919,0x19191919
	.word 0x19191919,0x19191919,0x19191919,0x19191919,0x19191919,0x19191919,0x19191919,0x19191919
	.word 0x19191919,0x19191919,0x19191919,0x19191919,0x19191919,0x19191919,0x19191919,0x19191919
	.word 0x19191919,0xA4006419,0x1C1C1C1C,0x1C1C1C1C,0x1C1C1C1C,0x1C1C1C1C,0x1C1C1C1C,0xE21C1C1C

	.word 0x1C1C1C1C,0x1C1C1C1C,0x1C1C1C1C,0x1C1C1C1C,0x1C1C1C1C,0x1C1C1C1C,0x1C1C1C1C,0x1C1C1C1C
	.word 0x1C1C1C1C,0x1C1C1C1C,0x1C1C1C1C,0x1C1C1C1C,0x002D1C1C,0x00000000,0xC5C54200,0xC5C5C5C5
	.word 0xC5C5C5C5,0xC5C5C5C5,0x42C5C5C5,0x00000042,0x1C1C1C31,0x1C1C1C1C,0x1C1C1C1C,0x1C1C1C1C
	.word 0x1C1C1C1C,0x1C1C1C1C,0x1C1C1C1C,0x1C1C1C1C,0x1C1C1C1C,0x00001C1C,0x19191919,0x19191919
	.word 0x19191919,0x19191919,0x19191919,0x19191919,0x19191919,0x19191919,0x19191919,0x19191919
	.word 0x19191919,0x19191919,0x19191919,0x19191919,0x19191919,0x19191919,0x19191919,0x19191919
	.word 0x19191919,0x19191919,0x19191919,0x19191919,0x19191919,0x19191919,0x19191919,0x19191919
	.word 0x19191919,0xA4006419,0x1C1C1C1C,0x1C1C1C1C,0x1C1C1C1C,0x1C1C1C1C,0x1C1C1C1C,0xE21C1C1C

	.word 0x1C1C1C1C,0x1C1C1C1C,0x1C1C1C1C,0x1C1C1C1C,0x1C1C1C1C,0x1C1C1C1C,0x1C1C1C1C,0x1C1C1C1C
	.word 0x1C1C1C1C,0x1C1C1C1C,0x1C1C1C1C,0x1C1C1C1C,0x00002D2D,0x4C4C4C00,0xC5420000,0xC5C5C5C5
	.word 0xC5C5C5C5,0xC5C5C5C5,0x00C5C5C5,0x31310000,0x1C1C1C1C,0x1C1C1C1C,0x1C1C1C1C,0x1C1C1C1C
	.word 0x1C1C1C1C,0x1C1C1C1C,0x1C1C1C1C,0x1C1C1C1C,0x1C1C1C1C,0x00001C1C,0x19191919,0x19191919
	.word 0x19191919,0x19191919,0x19191919,0x19191919,0x19191919,0x19191919,0x19191919,0x19191919
	.word 0x19191919,0x19191919,0x19191919,0x19191919,0x19191919,0x19191919,0x19191919,0x19191919
	.word 0x19191919,0x19191919,0x19191919,0x118B1919,0x19191924,0x19191919,0x19191919,0x19191919
	.word 0x19191919,0x00006419,0x1C1C1CC8,0x1C1C1C1C,0x1C1C1C1C,0x1C1C1C1C,0x1C1C1C1C,0xE21C1C1C

	.word 0x1C1C1C1C,0x1C1C1C1C,0x1C1C1C1C,0x1C1C1C1C,0x1C1C1C1C,0x1C1C1C1C,0x1C1C1C1C,0x1C1C1C1C
	.word 0x1C1C1C1C,0x1C1C1C1C,0x1C1C1C1C,0x2D2D1C1C,0x4C000000,0xC5C5804C,0xC54C004C,0xC5C580C5
	.word 0xC5C5A8C5,0xC5C580C5,0x4CC5A8C5,0x1C2D0000,0x1C1C1C1C,0x1C1C1C1C,0x1C1C1C1C,0x1C1C1C1C
	.word 0x1C1C1C1C,0x1C1C1C1C,0x1C1C1C1C,0x1C1C1C1C,0x1C1C1C1C,0x00001C1C,0x19191919,0x19191919
	.word 0x19191919,0x19191919,0x19191919,0x19191919,0x19191919,0x19191919,0x19191919,0x19191919
	.word 0x19191919,0x19191919,0x19191919,0x19191919,0x19191919,0x19191919,0x19191919,0x19191919
	.word 0x19191919,0x19191919,0x19191919,0x008B1919,0x19195800,0x19191919,0x19191919,0x19191919
	.word 0x19191919,0x00006419,0x1C1C1CA4,0x1C1C1C1C,0x1C1C1C1C,0x1C1C1C1C,0x1C1C1C1C,0xE21C1C1C

	.word 0x1C1C1C1C,0x1C1C1C1C,0x1C1C1C1C,0x1C1C1C1C,0x1C1C1C1C,0x1C1C1C1C,0x1C1C1C1C,0x1C1C1C1C
	.word 0x1C1C1C1C,0x1C1C1C1C,0x1C1C1C1C,0x00001C1C,0xC54C4C00,0xC5C580C5,0xC5C54CC5,0xC5C580C5
	.word 0xC5C580C5,0xC5C580C5,0xC5C580C5,0x2D00004C,0x1C1C1C2D,0x1C1C1C1C,0x1C1C1C1C,0x1C1C1C1C
	.word 0x1C1C1C1C,0x1C1C1C1C,0x1C1C1C1C,0x1C1C1C1C,0x1C1C1C1C,0x00001C1C,0x19191919,0x19191919
	.word 0x19191919,0x19191919,0x19191919,0x19191919,0x19191919,0x19191919,0x19191919,0x19191919
	.word 0x19191919,0x19191919,0x19191919,0x19191919,0x19191919,0x19191919,0x19191919,0x19191919
	.word 0x19191919,0x19191919,0x19191919,0x45191919,0x19196100,0x19191919,0x19191919,0x19191919
	.word 0x19191919,0x00006419,0x1C1C1CA4,0x1C1C1C1C,0x1C1C1C1C,0x1C1C1C1C,0x1C1C1C1C,0xE21C1C1C

	.word 0x1C1C1C1C,0x1C1C1C1C,0x1C1C1C1C,0x1C1C1C1C,0x1C1C1C1C,0x1C1C1C1C,0x1C1C1C1C,0x1C1C1C1C
	.word 0x1C1C1C1C,0x1C1C1C1C,0x1C1C1C1C,0x00002D1C,0xC580C54C,0x80C5C5C5,0xC580C5C5,0x80C5C5C5
	.word 0xC580C5C5,0x80C5C5C5,0xC580C5C5,0x000000C5,0x1C1C2D00,0x1C1C1C1C,0x1C1C1C1C,0x1C1C1C1C
	.word 0x1C1C1C1C,0x1C1C1C1C,0x1C1C1C1C,0x1C1C1C1C,0x1C1C1C1C,0x00001C1C,0x19191919,0x19191919
	.word 0x19191919,0x19191919,0x19191919,0x19191919,0x19191919,0x19191919,0x19191919,0x19191919
	.word 0x19191919,0x19191919,0x19191919,0x19191919,0x19191919,0x19191919,0x19191919,0x19191919
	.word 0x19191919,0x19191919,0x19191919,0x8B191919,0x19196100,0x19191919,0x19191919,0x19191919
	.word 0x19191919,0x00006419,0x1C1C1CA4,0x1C1C1C1C,0x1C1C1C1C,0x1C1C1C1C,0x1C1C1C1C,0xE21C1C1C

	.word 0x1C1C1C1C,0x1C1C1C1C,0x1C1C1C1C,0x1C1C1C1C,0x1C1C1C1C,0x1C1C1C1C,0x1C1C1C1C,0x1C1C1C1C
	.word 0x1C1C1C1C,0x1C1C1C1C,0x1C1C1C1C,0x4C00002D,0xC5C580C5,0xC5C58080,0xC5C580C5,0xC5C58080
	.word 0xC5C580C5,0xC5C58080,0xC5C580C5,0x00004C80,0x1C2D0000,0x1C1C1C1C,0x1C1C1C1C,0x1C1C1C1C
	.word 0x1C1C1C1C,0x1C1C1C1C,0x1C1C1C1C,0x1C1C1C1C,0x1C1C1C1C,0x00001C1C,0x19191919,0x19191919
	.word 0x19191919,0x19191919,0x19191919,0x19191919,0x19191919,0x19191919,0x19191919,0x19191919
	.word 0x19191919,0x19191919,0x19191919,0x19191919,0x19191919,0x19191919,0x19191919,0x19191919
	.word 0x19191919,0x19191919,0x19191919,0x8B191919,0x19196100,0x19191919,0x19191919,0x19191919
	.word 0x19191919,0x00006419,0x1C1C1CA4,0x1C1C1C1C,0x1C1C1C1C,0x1C1C1C1C,0x1C1C1C1C,0xE21C1C1C

	.word 0x1C1C1C1C,0x1C1C1C1C,0x1C1C1C1C,0x1C1C1C1C,0x1C1C1C1C,0x1C1C1C1C,0x1C1C1C1C,0x1C1C1C1C
	.word 0x1C1C1C1C,0x1C1C1C1C,0x1C1C1C1C,0xC5000000,0xC5A8C5C5,0xC5C5C5A8,0xC5A8C5C5,0xC5C5C5A8
	.word 0xC5A8C5C5,0xC5C5C5A8,0xC5A8C5C5,0x0000C5A8,0x2D000000,0x1C1C1C1C,0x1C1C1C1C,0x1C1C1C1C
	.word 0x1C1C1C1C,0x1C1C1C1C,0x1C1C1C1C,0x1C1C1C1C,0x1C1C1C1C,0x00001C1C,0x19191919,0x11111919
	.word 0x19191919,0x19191919,0x19191919,0x19191919,0x19191919,0x19191919,0x19191919,0x19191919
	.word 0x19191919,0x19191919,0x19191919,0x19191919,0x19191919,0x19191919,0x19191919,0x19191919
	.word 0x19191919,0x19191919,0x19191919,0x8B191919,0x19196100,0x19191919,0x19191919,0x19191919
	.word 0x19191919,0x00006419,0x1C1C1CA4,0x1C1C1C1C,0x1C1C1C1C,0x1C1C1C1C,0x1C1C1C1C,0xE21C1C1C

	.word 0x1C1C1C1C,0x1C1C1C1C,0x1C1C1C1C,0x1C1C1C1C,0x1C1C1C1C,0x1C1C1C1C,0x1C1C1C1C,0x1C1C1C1C
	.word 0x1C1C1C1C,0x1C1C1C1C,0x2D1C1C1C,0x804C0000,0xC5C5C5C5,0x80C5C5C5,0xC5C5C5C5,0x80C5C5C5
	.word 0xC5C5C5C5,0x80C5C5C5,0xC5C5C5C5,0x004CC5C5,0x00004C00,0x1C1C1C2D,0x1C1C1C1C,0x1C1C1C1C
	.word 0x1C1C1C1C,0x1C1C1C1C,0x1C1C1C1C,0x1C1C1C1C,0x1C1C1C1C,0x00001C1C,0x19191919,0x00001919
	.word 0x19191911,0x19191919,0x19191919,0x19191919,0x19191919,0x19191919,0x19191919,0x19191919
	.word 0x19191919,0x19191919,0x19191919,0x19191919,0x19191919,0x9A4A1919,0x19191919,0x19191919
	.word 0x19191919,0x19191919,0x19191919,0x8B191919,0x19196100,0x19191919,0x19191919,0x19191919
	.word 0x19191919,0x00006419,0x1C1C1CA4,0x1C1C1C1C,0x1C1C1C1C,0x1C1C1C1C,0x1C1C1C1C,0xE21C1C1C

	.word 0x1C1C1C1C,0x1C1C1C1C,0x1C1C1C1C,0x1C1C1C1C,0x1C1C1C1C,0x1C1C1C1C,0x1C1C1C1C,0x1C1C1C1C
	.word 0x1C1C1C1C,0x1C1C1C1C,0x002D1C1C,0xC5C54C00,0xC5C5C5C5,0xC5C5C5C5,0xC5C5C5C5,0xC5C5C5C5
	.word 0xC5C5C5C5,0xC5C5C5C5,0xC5C5C5C5,0x00C5C5C5,0x004CC500,0x1C1C2D00,0x1C1C1C1C,0x1C1C1C1C
	.word 0x1C1C1C1C,0x1C1C1C1C,0x1C1C1C1C,0x1C1C1C1C,0x1C1C1C1C,0x00001C1C,0x19191919,0x00001919
	.word 0x191919D2,0x19191919,0x19191919,0x19191919,0x19191919,0x19191919,0x19191919,0x19191919
	.word 0x19191919,0x19191919,0x8E191919,0x19194011,0x19191919,0x004A1919,0x1919199A,0x19191919
	.word 0x19191919,0x19191919,0x19191919,0x8B191919,0x19196100,0x19191919,0x19191919,0x19191919
	.word 0x19191919,0x00006419,0x1C1C1CA4,0x1C1C1C1C,0x1C1C1C1C,0x1C1C1C1C,0x1C1C1C1C,0xE21C1C1C

	.word 0x1C1C1C1C,0x1C1C1C1C,0x1C1C1C1C,0x1C1C1C1C,0x1C1C1C1C,0x1C1C1C1C,0x1C1C1C1C,0x1C1C1C1C
	.word 0x1C1C1C1C,0x1C1C1C1C,0x00001C1C,0xC5C5C54C,0xC5C5C5C5,0xC5C5C5C5,0xC5C5C5C5,0xC5C5C5C5
	.word 0xC5C5C5C5,0xC5C5C5C5,0xC5C5C5C5,0x00C5C5C5,0x00C55C00,0x1C1C0000,0x1C1C1C1C,0x1C1C1C1C
	.word 0x1C1C1C1C,0x1C1C1C1C,0x1C1C1C1C,0x1C1C1C1C,0x1C1C1C1C,0x00001C1C,0x19191919,0x00001919
	.word 0x19191919,0x19191919,0x19191919,0x11D21919,0x49111111,0x19191919,0x19191919,0x19191919
	.word 0x19191919,0x19191919,0x008E1919,0x40110000,0x19191919,0x004A1919,0x11111100,0x19196111
	.word 0x19191919,0x19191919,0x19191919,0x8B191919,0x19196100,0x19191919,0x19191919,0x19191919
	.word 0x19191919,0x00006419,0x1C1C1CA4,0x1C1C1C1C,0x1C1C1C1C,0x1C1C1C1C,0x1C1C1C1C,0xE21C1C1C

	.word 0x1C1C1C1C,0x1C1C1C1C,0x1C1C1C1C,0x1C1C1C1C,0x1C1C1C1C,0x1C1C1C1C,0x1C1C1C1C,0x1C1C1C1C
	.word 0x1C1C1C1C,0x1C1C1C1C,0x00002D1C,0xC5C580C5,0xC5C5A8C5,0xC5C580C5,0xC5C5A8C5,0xC5C580C5
	.word 0xC5C5A8C5,0xC5C580C5,0xC5C5A8C5,0x4CC580C5,0x4CC50000,0x1C1C0000,0x1C1C1C1C,0x1C1C1C1C
	.word 0x1C1C1C1C,0x1C1C1C1C,0x1C1C1C1C,0x1C1C1C1C,0x1C1C1C1C,0x00001C1C,0x19191919,0x00001919
	.word 0x19191919,0x19191919,0x19191919,0x00001111,0x11000000,0x19191919,0x19191919,0x19191919
	.word 0x9111118E,0x19191919,0x00008E19,0x00002B1D,0x19191940,0x004A1919,0x00000000,0x19194000
	.word 0x19191919,0x19191919,0x19191919,0x8B191919,0x19196100,0x19191919,0x19191919,0x19191919
	.word 0x19191919,0x00006419,0x1C1C1CA4,0x1C1C1C1C,0x1C1C1C1C,0x1C1C1C1C,0x1C1C1C1C,0xE21C1C1C

	.word 0x1C1C1C1C,0x1C1C1C1C,0x1C1C1C1C,0x1C1C1C1C,0x1C1C1C1C,0x1C1C1C1C,0x1C1C1C1C,0x1C1C1C1C
	.word 0x1C1C1C1C,0x1C1C1C1C,0x0000001C,0xC5C580C5,0xC5C580C5,0xC5C580C5,0xC5C580C5,0xC5C580C5
	.word 0xC5C580C5,0xC5C580C5,0xC5C580C5,0xC5C580C5,0xC5C50000,0x1C2D0000,0x1C1C1C1C,0x1C1C1C1C
	.word 0x1C1C1C1C,0x1C1C1C1C,0x1C1C1C1C,0x1C1C1C1C,0x1C1C1C1C,0x00001C1C,0x19191919,0x00001919
	.word 0x19191919,0x19191919,0x00001919,0x11000000,0x11008E19,0x00431919,0x19191949,0x8E191919
	.word 0x00000000,0x19199100,0x1D008E19,0x002B1919,0x19191991,0x004A1919,0x6C199100,0x19610000
	.word 0x19191919,0x6100002B,0x19191919,0x8B191919,0x19196100,0x19191919,0x0000008B,0x1919AB00
	.word 0x19191919,0x7D006419,0x1C1C1C71,0x1C1C1C1C,0x1C1C1C1C,0x1C1C1C1C,0x1C1C1C1C,0xE21C1C1C

	.word 0x1C1C1C1C,0x1C1C1C1C,0x1C1C1C1C,0x1C1C1C1C,0x1C1C1C1C,0x1C1C1C1C,0x1C1C1C1C,0x1C1C1C1C
	.word 0x1C1C1C1C,0x1C1C1C1C,0xA200001C,0x80C5C5C5,0xC580C5C5,0x80C5C5C5,0xC580C5C5,0x80C5C5C5
	.word 0xC580C5C5,0x80C5C5C5,0xC580C5C5,0x80C5C5C5,0xC5800000,0x1C0000A2,0x1C1C1C1C,0x1C1C1C1C
	.word 0x1C1C1C1C,0x1C1C1C1C,0x1C1C1C1C,0x1C1C1C1C,0x1C1C1C1C,0x00001C1C,0x19191919,0x00001919
	.word 0x19191919,0x19191919,0x00000019,0x19191900,0x5C000095,0x00431919,0x0043195C,0x008E1949
	.word 0x00AF4900,0x19910000,0x9100008E,0x00AF1919,0x19191991,0x004A1919,0x2B194000,0x19400000
	.word 0x2B191919,0x61000000,0x19191919,0x8B191919,0x19196100,0x8B191919,0x00000000,0x19195800
	.word 0x19191919,0xA4006419,0x1C1C1C1C,0x1C1C1C1C,0x1C1C1C1C,0x1C1C1C1C,0x1C1C1C1C,0xE21C1C1C

	.word 0x1C1C1C1C,0x1C1C1C1C,0x1C1C1C1C,0x1C1C1C1C,0x1C1C1C1C,0x1C1C1C1C,0x1C1C1C1C,0x1C1C1C1C
	.word 0x1C1C1C1C,0x1C1C1C1C,0xC500001C,0xC5C58080,0xC5C580C5,0xC5C58080,0xC5C580C5,0xC5C58080
	.word 0xC5C580C5,0xC5C58080,0xC5C580C5,0xC5C58080,0xC55C0000,0x1C000080,0x1C1C1C1C,0x1C1C1C1C
	.word 0x1C1C1C1C,0x1C1C1C1C,0x1C1C1C1C,0x1C1C1C1C,0x1C1C1C1C,0x00001C1C,0x19191919,0x00001919
	.word 0x19191919,0x19191919,0x19000000,0x00D21919,0x19110000,0x00431919,0x00000000,0x008E4900
	.word 0x19191942,0x194900AF,0x1949008E,0x00AF1919,0x19194000,0x00004A19,0x19191991,0x1940006C
	.word 0x6C191919,0x61000000,0x19191919,0x8B191919,0x19196100,0x008B1919,0x64192400,0x19195800
	.word 0x19191919,0xA4006419,0x1C1C1C1C,0x1C1C1C1C,0x1C1C1C1C,0x1C1C1C1C,0x1C1C1C1C,0xE21C1C1C

	.word 0x1C1C1C1C,0x1C1C1C1C,0x1C1C1C1C,0x1C1C1C1C,0x1C1C1C1C,0x1C1C1C1C,0x1C1C1C1C,0x1C1C1C1C
	.word 0x1C1C1C1C,0x1C1C1C1C,0xC500001C,0xC5C5C5A8,0xC5A8C5C5,0xC5C5C5A8,0x5CA8C5C5,0xC5C5C55C
	.word 0xC5A8C5C5,0xC5C5C5A8,0xC5A8C5C5,0xC5C5C5A8,0xC50000A2,0x2D0000A8,0x1C1C1C1C,0x1C1C1C1C
	.word 0x1C1C1C1C,0x1C1C1C1C,0x1C1C1C1C,0x1C1C1C1C,0x1C1C1C1C,0x00001C1C,0x19191919,0x00001919
	.word 0x19191919,0x19191919,0x00000000,0x00000000,0x19191100,0x00431919,0x00000000,0x00000000
	.word 0x19191949,0x1949008E,0x191D008E,0x2B191919,0x19199100,0x00004A19,0x19191940,0x6100002B
	.word 0x002B1919,0x00000000,0x19191961,0x8B191919,0x19196100,0x00008B19,0x45191961,0x19195800
	.word 0x19191919,0xA4006419,0x1C1C1C1C,0x1C1C1C1C,0x1C1C1C1C,0x1C1C1C1C,0x1C1C1C1C,0xE21C1C1C

	.word 0x1C1C1C1C,0x1C1C1C1C,0x1C1C1C1C,0x1C1C1C1C,0x1C1C1C1C,0x1C1C1C1C,0x1C1C1C1C,0x1C1C1C1C
	.word 0x1C1C1C1C,0x1C1C1C1C,0xC500001C,0x80C5C5C5,0xC5C5C5C5,0x80C5C5C5,0x00C5C5C5,0x80C5C500
	.word 0xC5C5C5C5,0x80C5C5C5,0xC5C5C5C5,0x80C5C5C5,0xC50000C5,0x0000A2C5,0x1C1C1C1C,0x1C1C1C1C
	.word 0x1C1C1C1C,0x1C1C1C1C,0x1C1C1C1C,0x1C1C1C1C,0x1C1C1C1C,0x00001C1C,0x19191919,0x00001919
	.word 0x19191919,0x00191919,0x00000000,0x11000000,0x19191919,0x00431919,0x19195C00,0x0000008E
	.word 0x19191949,0x1949008E,0x191D008E,0xAF191919,0x19199100,0x91004A19,0x19191919,0x4000002B
	.word 0x002B1919,0x008B1940,0x19191961,0x8B191919,0x19196100,0x61001519,0x45191919,0x19195800
	.word 0x19191919,0xA4006419,0x1C1C1C1C,0x1C1C1C1C,0x1C1C1C1C,0x1C1C1C1C,0x1C1C1C1C,0xE21C1C1C

	.word 0x1C1C1C1C,0x1C1C1C1C,0x1C1C1C1C,0x1C1C1C1C,0x1C1C1C1C,0x1C1C1C1C,0x1C1C1C1C,0x1C1C1C1C
	.word 0x1C1C1C1C,0x1C1C1C1C,0xC500001C,0xC5C5C5C5,0xC5C5C5C5,0xC5C5C5C5,0x00C5C5C5,0xC5C5C500
	.word 0xC5C5C5C5,0xC5C5C5C5,0xC5C5C5C5,0xC5C5C5C5,0x5C0000C5,0x0000C5C5,0x1C1C1C1C,0x1C1C1C1C
	.word 0x1C1C1C1C,0x1C1C1C1C,0x1C1C1C1C,0x1C1C1C1C,0x1C1C1C1C,0x00001C1C,0x19191919,0x00001919
	.word 0x19191900,0x00191919,0x19190000,0x19191919,0x19191919,0x00431919,0x1919195C,0x0000008E
	.word 0x19191949,0x1949008E,0x191D008E,0xAF191919,0x19199100,0x91004A19,0x19191919,0x4000002B
	.word 0x002B1919,0x008B199A,0x19191961,0x8B191919,0x19196100,0x2400008B,0x00151919,0x19195800
	.word 0x19191919,0xA4006419,0x1C1C1C1C,0x1C1C1C1C,0x1C1C1C1C,0x1C1C1C1C,0x1C1C1C1C,0xE21C1C1C

	.word 0x1C1C1C1C,0x1C1C1C1C,0x1C1C1C1C,0x1C1C1C1C,0x1C1C1C1C,0x1C1C1C1C,0x1C1C1C1C,0x1C1C1C1C
	.word 0x1C1C1C1C,0x1C1C1C1C,0x5C00001C,0xC5C5C5C5,0xC5C5C5C5,0xC5C5C5C5,0x00C5C5C5,0xC5C5C500
	.word 0xC5C5C5C5,0xC5C5C5C5,0xC5C5C5C5,0xC5C5C5C5,0x00001FC5,0x0000C5C5,0x1C1C1C00,0x1C1C1C1C
	.word 0x1C1C1C1C,0x1C1C1C1C,0x1C1C1C1C,0x1C1C1C1C,0x1C1C1C1C,0x00001C1C,0x19191919,0x00001919
	.word 0x19191900,0x00191919,0x19190000,0x19191919,0x19191919,0x00431919,0x1919195C,0x0000008E
	.word 0x19191949,0x1949008E,0x191D008E,0xAF191919,0x19199100,0x91004A19,0x19191919,0x4000002B
	.word 0x00002B19,0x008B199A,0x19191961,0x8B191919,0x19196100,0x00000004,0x00000000,0x19195800
	.word 0x19191919,0xA4006419,0x1C1C1C1C,0x1C1C1C1C,0x1C1C1C1C,0x1C1C1C1C,0x1C1C1C1C,0xE21C1C1C

	.word 0x1C1C1C1C,0x1C1C1C1C,0x1C1C1C1C,0x1C1C1C1C,0x1C1C1C1C,0x1C1C1C1C,0x1C1C1C1C,0x1C1C1C1C
	.word 0x1C1C1C1C,0x1C1C1C1C,0x0000711C,0xC5C580C5,0xC5C5A8C5,0xC5C580C5,0x005CA8C5,0xC5C58000
	.word 0xC5C5A8C5,0xC5C580C5,0xC5C5A8C5,0xC5C580C5,0x0000A8C5,0x001F80C5,0x1C1C1C00,0x1C1C1C1C
	.word 0x1C1C1C1C,0x1C1C1C1C,0x1C1C1C1C,0x1C1C1C1C,0x1C1C1C1C,0x00001C1C,0x19191919,0x00191919
	.word 0x19191900,0x00191919,0x19190000,0x19191919,0x19191919,0x00431919,0x1919195C,0x4200008E
	.word 0x19191919,0x1949008E,0x191D008E,0xAF191919,0x19199100,0x91004A19,0x19191919,0x4000002B
	.word 0x40002B19,0x008B1919,0x19191961,0x8B191919,0x19196100,0x00000004,0x24000000,0x19191919
	.word 0x19191919,0xA4006419,0x1C1C1C1C,0x1C1C1C1C,0x1C1C1C1C,0x1C1C1C1C,0x1C1C1C1C,0xE21C1C1C

	.word 0x1C1C1C1C,0x1C1C1C1C,0x1C1C1C1C,0x1C1C1C1C,0x1C1C1C1C,0x1C1C1C1C,0x1C1C1C1C,0x1C1C1C1C
	.word 0x1C1C1C1C,0x1C1C1C1C,0x00001C1C,0xC5C580C5,0xC5C580C5,0xC5C580C5,0x000080C5,0xC5C5801F
	.word 0xC5C580C5,0xC5C580C5,0xC5C580C5,0xC5C580C5,0x000080C5,0x00C580C5,0x1C1C1C00,0x1C1C1C1C
	.word 0x1C1C1C1C,0x1C1C1C1C,0x1C1C1C1C,0x1C1C1C1C,0x1C1C1C1C,0x00001C1C,0x19191919,0x00191919
	.word 0x19191900,0x00191919,0x19190000,0x19191919,0x19191919,0x00431919,0x1919195C,0x42008E19
	.word 0x19191919,0x1949008E,0x191D008E,0xAF191919,0x19199100,0x9100004A,0x19191919,0x4000002B
	.word 0x9A002B19,0x008B1919,0x19191961,0x8B191919,0x19196100,0x61000004,0x19191919,0x19191919
	.word 0x19191919,0xA4006419,0x1C1C1C1C,0x1C1C1C1C,0x1C1C1C1C,0x1C1C1C1C,0x1C1C1C1C,0xE21C1C1C

	.word 0x1C1C1C1C,0x1C1C1C1C,0x1C1C1C1C,0x1C1C1C1C,0x1C1C1C1C,0x1C1C1C1C,0x1C1C1C1C,0x1C1C1C1C
	.word 0x1C1C1C1C,0x1C1C1C1C,0x00001C1C,0x80C5C5C5,0xC580C5C5,0x80C5C5C5,0x00005CC5,0x80C5C5C5
	.word 0xC580C5C5,0x80C5C5C5,0xC580C5C5,0x80C5C5C5,0x0000C5C5,0x00C5C5C5,0x1C1C1C00,0x1C1C1C1C
	.word 0x1C1C1C1C,0x1C1C1C1C,0x1C1C1C1C,0x1C1C1C1C,0x1C1C1C1C,0x00001C1C,0x19191919,0x00191919
	.word 0x19191900,0x00191919,0x19190000,0x19191919,0x19191919,0x00431919,0x1919195C,0x42008E19
	.word 0x19191919,0x1949008E,0x191D008E,0xAF191919,0x19199100,0x1991004A,0x19191919,0x4000002B
	.word 0x9A002B19,0x008B1919,0x8B191961,0x00000000,0x19196100,0x19610004,0x19191919,0x19191919
	.word 0x19191919,0xA4006419,0x1C1C1C1C,0x1C1C1C1C,0x1C1C1C1C,0x1C1C1C1C,0x1C1C1C1C,0xE21C1C1C

	.word 0x1C1C1C1C,0x1C1C1C1C,0x1C1C1C1C,0x1C1C1C1C,0x1C1C1C1C,0x1C1C1C1C,0x1C1C1C1C,0x1C1C1C1C
	.word 0x1C1C1C1C,0x1C1C1C1C,0x00001C1C,0xC5C5805C,0xC5C580C5,0xC5C58080,0x000000C5,0xC5C58080
	.word 0xC5C580C5,0xC5C58080,0xC5C580C5,0xC5C58080,0x000080C5,0x00C58080,0x1C1C1C00,0x1C1C1C1C
	.word 0x1C1C1C1C,0x1C1C1C1C,0x1C1C1C1C,0x1C1C1C1C,0x1C1C1C1C,0x00001C1C,0x19191919,0x00191919
	.word 0x19191900,0x43191919,0x5C000000,0x19191919,0x19191919,0x00431919,0x1919195C,0x42000043
	.word 0x19191919,0x1949008E,0x191D008E,0xAF191919,0x19199100,0x1991004A,0x19191919,0x1940002B
	.word 0x9A00002B,0x008B1919,0x008B1961,0x00000000,0x19196100,0x58000004,0x19191919,0x19191919
	.word 0x19191919,0xA4006419,0x1C1C1C1C,0x1C1C1C1C,0x1C1C1C1C,0x1C1C1C1C,0x1C1C1C1C,0xE21C1C1C

	.word 0x1C1C1C1C,0x1C1C1C1C,0x1C1C1C1C,0x1C1C1C1C,0x1C1C1C1C,0x1C1C1C1C,0x1C1C1C1C,0x1C1C1C1C
	.word 0x1C1C1C1C,0x1C1C1C1C,0x00711C1C,0xC5C5C500,0xC5A8C5C5,0xC5C5C5A8,0x1F0000C5,0xC5C5C5A8
	.word 0xC5A8C5C5,0xC5C5C5A8,0xC5A8C5C5,0xC5C5C5A8,0x0000C5C5,0x00C5C5A8,0x1C1C1C00,0x1C1C1C1C
	.word 0x1C1C1C1C,0x1C1C1C1C,0x1C1C1C1C,0x1C1C1C1C,0x1C1C1C1C,0x00001C1C,0x19191919,0x00191919
	.word 0x19191900,0x19191919,0x00000043,0x00000000,0x42000000,0x00004319,0x1919195C,0x4200008E
	.word 0x19191919,0x1949008E,0x191D008E,0xAF191919,0xAF199100,0x19910000,0x19191919,0x1940002B
	.word 0x9A00002B,0x008B1919,0x008B1961,0x15196100,0x19196100,0x24004519,0x19191919,0x19191919
	.word 0x19191919,0xA4006419,0x1C1C1C1C,0x1C1C1C1C,0x1C1C1C1C,0x1C1C1C1C,0x1C1C1C1C,0xE21C1C1C

	.word 0x1C1C1C1C,0x1C1C1C1C,0x1C1C1C1C,0x1C1C1C1C,0x1C1C1C1C,0x1C1C1C1C,0x1C1C1C1C,0x1C1C1C1C
	.word 0x1C1C1C1C,0x1C1C1C1C,0x001C1C1C,0x80C5C500,0xC5C5C5C5,0x80C5C5C5,0xC50000C5,0x80C5C5C5
	.word 0xC5C5C5C5,0x80C5C5C5,0xC5C5C5C5,0x80C5C5C5,0x00005CC5,0x005CC5C5,0x1C1C1C00,0x1C1C1C1C
	.word 0x1C1C1C1C,0x1C1C1C1C,0x1C1C1C1C,0x1C1C1C1C,0x1C1C1C1C,0x00001C1C,0x19191919,0x00191919
	.word 0x19191900,0x19191919,0x00431919,0x00000000,0x11000000,0x00004319,0x1919195C,0x4200008E
	.word 0x19191919,0x1949008E,0x191D008E,0x00AF1919,0x4A199100,0x19199100,0x19191919,0x1940002B
	.word 0x1940002B,0x00002B19,0x008B1961,0x8B196100,0x19240000,0x24001519,0x19191919,0x19191919
	.word 0x19191919,0xA4006419,0x1C1C1C1C,0x1C1C1C1C,0x1C1C1C1C,0x1C1C1C1C,0x1C1C1C1C,0xE21C1C1C

	.word 0x1C1C1C1C,0x1C1C1C1C,0x1C1C1C1C,0x1C1C1C1C,0x1C1C1C1C,0x1C1C1C1C,0x1C1C1C1C,0x1C1C1C1C
	.word 0x1C1C1C1C,0x1C1C1C1C,0x001C1C1C,0xC5C55C00,0xC5C5C5C5,0xC5C5C5C5,0xC500005C,0xC5C5C5C5
	.word 0xC5C5C5C5,0xC5C5C5C5,0xC5C5C5C5,0xC5C5C5C5,0xA20000C5,0x0000C5C5,0x1C1C1C71,0x1C1C1C1C
	.word 0x1C1C1C1C,0x1C1C1C1C,0x1C1C1C1C,0x1C1C1C1C,0x1C1C1C1C,0x00001C1C,0x19191919,0x00191919
	.word 0x19191900,0x19191919,0x19191919,0x191919D2,0x19191919,0x5C004319,0x19191919,0x19191919
	.word 0x19191919,0x1949008E,0x9100008E,0x00AF1919,0x4A191991,0x19199100,0x2B191919,0x19400000
	.word 0x1940002B,0x00006C19,0x008B1961,0x8B196100,0x19610000,0x00001519,0x15191958,0x19AB0000
	.word 0x19191919,0xA4006419,0x1C1C1C1C,0x1C1C1C1C,0x1C1C1C1C,0x1C1C1C1C,0x1C1C1C1C,0xE21C1C1C

	.word 0x1C1C1C1C,0x1C1C1C1C,0x1C1C1C1C,0x1C1C1C1C,0x1C1C1C1C,0x1C1C1C1C,0x1C1C1C1C,0x1C1C1C1C
	.word 0x1C1C1C1C,0x1C1C1C1C,0x711C1C1C,0xC5C50000,0xC5C5C5C5,0xC5C5C5C5,0xC5A20000,0xC5C5C5C5
	.word 0xC5C5C5C5,0xC5C5C5C5,0xC5C5C5C5,0xC5C5C5C5,0xC500005C,0x00005CC5,0x1C1C1C1C,0x1C1C1C1C
	.word 0x1C1C1C1C,0x1C1C1C1C,0x1C1C1C1C,0x1C1C1C1C,0x1C1C1C1C,0x00001C1C,0x19191919,0x00191919
	.word 0x19191900,0x19191919,0x19191919,0x19191919,0x19191919,0x5C004319,0x19191919,0x19191919
	.word 0x8E191919,0x19490000,0x00004A19,0x00AF1991,0x4A191991,0x19199100,0x2B191919,0x19194000
	.word 0x6100002B,0x0000002B,0x008B6100,0x00000000,0x19610000,0x00451919,0x00000000,0x19580000
	.word 0x19191919,0xA4006419,0x1C1C1C1C,0x1C1C1C1C,0x1C1C1C1C,0x1C1C1C1C,0x1C1C1C1C,0xE21C1C1C

	.word 0x1C1C1C1C,0x1C1C1C1C,0x1C1C1C1C,0x1C1C1C1C,0x1C1C1C1C,0x1C1C1C1C,0x1C1C1C1C,0x1C1C1C1C
	.word 0x1C1C1C1C,0x1C1C1C1C,0x1C1C1C1C,0xC55C0000,0xC5C5A8C5,0xC5C580C5,0xC5C50000,0xC5C580C5
	.word 0xC5C5A8C5,0xC5C580C5,0xC5C5A8C5,0xC5C580C5,0x5C000000,0x7100005C,0x1C1C1C1C,0x1C1C1C1C
	.word 0x1C1C1C1C,0x1C1C1C1C,0x1C1C1C1C,0x1C1C1C1C,0x1C1C1C1C,0x00001C1C,0x19191919,0x00191919
	.word 0x19191900,0x19191919,0x19191919,0x19191919,0x19191919,0x5C004319,0x19191919,0x19191919
	.word 0x8E191919,0x19490000,0x00008E19,0x00000000,0x4A191991,0x19199100,0x2B191919,0x19194000
	.word 0x0000002B,0x00000000,0x8B196100,0x00000000,0x19610000,0x45191919,0x00000000,0x19192400
	.word 0x19191919,0xA4006419,0x1C1C1C1C,0x1C1C1C1C,0x1C1C1C1C,0x1C1C1C1C,0x1C1C1C1C,0xE21C1C1C

	.word 0x1C1C1C1C,0x1C1C1C1C,0x1C1C1C1C,0x1C1C1C1C,0x1C1C1C1C,0x1C1C1C1C,0x1C1C1C1C,0x1C1C1C1C
	.word 0x1C1C1C1C,0x1C1C1C1C,0x1C1C1C1C,0x5C000071,0xC5C580C5,0x5CC580C5,0xC5C50000,0xC5C580C5
	.word 0xC5C580C5,0xC5C580C5,0xC5C580C5,0x5CC580C5,0x00000000,0x1C000000,0x1C1C1C1C,0x1C1C1C1C
	.word 0x1C1C1C1C,0x1C1C1C1C,0x1C1C1C1C,0x1C1C1C1C,0x1C1C1C1C,0x00001C1C,0x19191919,0x00191919
	.word 0x19191900,0x19191919,0x19191100,0x19191919,0x19191919,0x5C004319,0x19191919,0x19191919
	.word 0x8E191919,0x19490000,0x4A191919,0x1D000000,0x4A191919,0x19199100,0x2B191919,0x19194000
	.word 0x008B1919,0x8B194000,0x19196100,0x00000015,0x19610000,0x19191919,0x19191919,0x19191919
	.word 0x19191919,0xA4006419,0x1C1C1C1C,0x1C1C1C1C,0x1C1C1C1C,0x1C1C1C1C,0x1C1C1C1C,0xE21C1C1C

	.word 0x1C1C1C1C,0x1C1C1C1C,0x1C1C1C1C,0x1C1C1C1C,0x1C1C1C1C,0x1C1C1C1C,0x1C1C1C1C,0x1C1C1C1C
	.word 0x1C1C1C1C,0x1C1C1C1C,0x1C1C1C1C,0x0000711C,0xC580C55C,0x005CC5C5,0x5C5C0000,0x80C5C5C5
	.word 0xC580C5C5,0x80C5C5C5,0xC580C5C5,0x005CC5C5,0x00717100,0x1C710000,0x1C1C1C1C,0x1C1C1C1C
	.word 0x1C1C1C1C,0x1C1C1C1C,0x1C1C1C1C,0x1C1C1C1C,0x1C1C1C1C,0x00001C1C,0x19191919,0x00191919
	.word 0x00000000,0x00000000,0x19190000,0x19191919,0x19191919,0x5C8E1919,0x19191919,0x19191919
	.word 0x19191919,0x194900AF,0x19191919,0x19191919,0x4A191919,0x19199100,0x2B191919,0x19194000
	.word 0x19191919,0x19191919,0x1919618B,0x15191919,0x19610000,0x19191919,0x19191919,0x19191919
	.word 0x19191919,0xA4006419,0x1C1C1C1C,0x1C1C1C1C,0x1C1C1C1C,0x1C1C1C1C,0x1C1C1C1C,0xE21C1C1C

	.word 0x1C1C1C1C,0x1C1C1C1C,0x1C1C1C1C,0x1C1C1C1C,0x1C1C1C1C,0x1C1C1C1C,0x1C1C1C1C,0x1C1C1C1C
	.word 0x1C1C1C1C,0x1C1C1C1C,0x1C1C1C1C,0x00711C1C,0xC5C55C00,0x00008080,0x00000000,0xC5C55C5C
	.word 0xC5C580C5,0xC5C58080,0xC5C580C5,0x00005C5C,0x711C1C71,0x1C1C7171,0x1C1C1C1C,0x1C1C1C1C
	.word 0x1C1C1C1C,0x1C1C1C1C,0x1C1C1C1C,0x1C1C1C1C,0x1C1C1C1C,0x00001C1C,0x19191919,0x00191919
	.word 0x00000000,0x00000000,0x19190000,0x19191919,0x19191919,0x19191919,0x19191919,0x19191919
	.word 0x19191919,0x19191919,0x19191919,0x19191919,0x19191919,0x19191919,0x19191919,0x19191919
	.word 0x19191919,0x19191919,0x19191919,0x19191919,0x19191919,0x19191919,0x19191919,0x19191919
	.word 0x19191919,0xA4006419,0x1C1C1C1C,0x1C1C1C1C,0x1C1C1C1C,0x1C1C1C1C,0x1C1C1C1C,0xE21C1C1C

	.word 0x1C1C1C1C,0x1C1C1C1C,0x1C1C1C1C,0x1C1C1C1C,0x1C1C1C1C,0x2D2D2D2D,0x2D2D2D2D,0x2D2D2D2D
	.word 0x2D2D2D2D,0x2D2D2D2D,0x2D2D2D2D,0x002D2D2D,0x5C5C0000,0x00005C5C,0x00000000,0x5C5C0000
	.word 0x5C5C5C5C,0x5C5C5C5C,0x5C5C5C5C,0x00000000,0x2D2D2D2D,0x2D2D2D2D,0x2D2D2D2D,0x2D2D2D2D
	.word 0x2D2D2D2D,0x2D2D2D2D,0x2D2D2D2D,0x2D2D2D2D,0x2D2D2D2D,0x00002D2D,0x00000000,0x00000000
	.word 0x00000000,0x00000000,0x00000000,0x00000000,0x00000000,0x00000000,0x00000000,0x00000000
	.word 0x00000000,0x00000000,0x00000000,0x00000000,0x00000000,0x00000000,0x00000000,0x00000000
	.word 0x00000000,0x00000000,0x00000000,0x00000000,0x00000000,0x00000000,0x00000000,0x00000000
	.word 0x00000000,0x00000000,0xC82D2D2D,0x1C1C1C1C,0x1C1C1C1C,0x1C1C1C1C,0x1C1C1C1C,0xE21C1C1C

	.word 0x1C1C1C1C,0x1C1C1C1C,0x1C1C1C1C,0x1C1C1C1C,0x2D2D1C1C,0x00000000,0x00000000,0x00000000
	.word 0x00000000,0x00000000,0x00000000,0x00000000,0x00000000,0x00000000,0x00000000,0x00000000
	.word 0x00000000,0x00000000,0x00000000,0x00000000,0x00000000,0x00000000,0x00000000,0x00000000
	.word 0x00000000,0x00000000,0x00000000,0x00000000,0x00000000,0x00000000,0x00000000,0x00000000
	.word 0x00000000,0x00000000,0x00000000,0x00000000,0x00000000,0x00000000,0x00000000,0x00000000
	.word 0x00000000,0x00000000,0x00000000,0x00000000,0x00000000,0x00000000,0x00000000,0x00000000
	.word 0x00000000,0x00000000,0x00000000,0x00000000,0x00000000,0x00000000,0x00000000,0x00000000
	.word 0x00000000,0x00000000,0x00000000,0x1C1CC82D,0x1C1C1C1C,0x1C1C1C1C,0x1C1C1C1C,0xE21C1C1C

	.word 0x1C1C1C1C,0x1C1C1C1C,0x1C1C1C1C,0x1C1C1C1C,0x00002D1C,0x92929292,0x92929292,0x92929292
	.word 0x92929292,0x92929292,0x92929292,0x92929292,0x92929292,0x92929292,0x92929292,0x92929292
	.word 0x92929292,0x92929292,0x92929292,0x92929292,0x92929292,0x92929292,0x92929292,0x92929292
	.word 0x92929292,0x92929292,0x92929292,0x92929292,0x92929292,0x92929292,0x92929292,0x92929292
	.word 0x92929292,0x92929292,0x92929292,0x92929292,0x92929292,0x92929292,0x92929292,0x92929292
	.word 0x92929292,0x92929292,0x92929292,0x92929292,0x92929292,0x92929292,0x92929292,0x92929292
	.word 0x92929292,0x92929292,0x92929292,0x92929292,0x92929292,0x92929292,0x92929292,0x92929292
	.word 0x92929292,0x92929292,0x0000B992,0x1C1C4D00,0x1C1C1C1C,0x1C1C1C1C,0x1C1C1C1C,0xE21C1C1C

	.word 0x1C1C1C1C,0x1C1C1C1C,0x1C1C1C1C,0x1C1C1C1C,0x9200002D,0x16161616,0x16161616,0x16161616
	.word 0x16161616,0x16161616,0x16161616,0x16161616,0x16161616,0x16161616,0x16161616,0x16161616
	.word 0x16161616,0x16161616,0x16161616,0x16161616,0x16161616,0x16161616,0x16161616,0x16161616
	.word 0x16161616,0x16161616,0x16161616,0x16161616,0x16161616,0x16161616,0x16161616,0x16161616
	.word 0x16161616,0x16161616,0x16161616,0x16161616,0x16161616,0x16161616,0x16161616,0x16161616
	.word 0x16161616,0x16161616,0x16161616,0x16161616,0x16161616,0x16161616,0x16161616,0x16161616
	.word 0x16161616,0x16161616,0x16161616,0x16161616,0x16161616,0x16161616,0x16161616,0x16161616
	.word 0x16161616,0x16161616,0xB9921616,0x1CC80000,0x1C1C1C1C,0x1C1C1C1C,0x1C1C1C1C,0xE21C1C1C

	.word 0x1C1C1C1C,0x1C1C1C1C,0x1C1C1C1C,0x2D1C1C1C,0x16920000,0x16161616,0x16161616,0x16161616
	.word 0x16161616,0x16161616,0x16161616,0x16161616,0x16161616,0x16161616,0x16161616,0x16161616
	.word 0x16161616,0x16161616,0x16161616,0x16161616,0x16161616,0x16161616,0x16161616,0x16161616
	.word 0x16161616,0x16161616,0x16161616,0x16161616,0x16161616,0x16161616,0x16161616,0x16161616
	.word 0x16161616,0x16161616,0x16161616,0x16161616,0x16161616,0x16161616,0x16161616,0x16161616
	.word 0x16161616,0x16161616,0x16161616,0x16161616,0x16161616,0x16161616,0x16161616,0x16161616
	.word 0x16161616,0x16161616,0x16161616,0x16161616,0x16161616,0x16161616,0x16161616,0x16161616
	.word 0x16161616,0x16161616,0x16161616,0xC80000B9,0x1C1C1C1C,0x1C1C1C1C,0x1C1C1C1C,0xE21C1C1C

	.word 0x1C1C1C1C,0x1C1C1C1C,0x1C1C1C1C,0x001C1C1C,0x16169200,0x16161616,0x16161616,0x16161616
	.word 0x16161616,0x16161616,0x16161616,0x16161616,0x16161616,0x16161616,0x16161616,0x16161616
	.word 0x16161616,0x16161616,0x16161616,0x16161616,0x16161616,0x16161616,0x16161616,0x16161616
	.word 0x16161616,0x16161616,0x16161616,0x16161616,0x16161616,0x16161616,0x16161616,0x16161616
	.word 0x16161616,0x16161616,0x16161616,0x16161616,0x16161616,0x16161616,0x16161616,0x16161616
	.word 0x16161616,0x16161616,0x16161616,0x16161616,0x16161616,0x16161616,0x16161616,0x16161616
	.word 0x16161616,0x16161616,0x16161616,0x16161616,0x16161616,0x16161616,0x16161616,0x16161616
	.word 0x16161616,0x16161616,0x16161616,0x4D0000E7,0x1C1C1C1C,0x1C1C1C1C,0x1C1C1C1C,0xE21C1C1C

	.word 0x1C1C1C1C,0x1C1C1C1C,0x1C1C1C1C,0x001C1C1C,0x16161600,0x16161616,0x16161616,0x16161616
	.word 0x16161616,0x16161616,0x16161616,0x16161616,0x16161616,0x16161616,0x16161616,0x16161616
	.word 0x16161616,0x16161616,0x16161616,0x16161616,0x16161616,0x16161616,0x16161616,0x16161616
	.word 0x16161616,0x16161616,0x16161616,0x16161616,0x16161616,0x16161616,0x16161616,0x16161616
	.word 0x16161616,0x16161616,0x16161616,0x16161616,0x16161616,0x16161616,0x16161616,0x16161616
	.word 0x16161616,0x16161616,0x16161616,0x16161616,0x16161616,0x16161616,0x16161616,0x16161616
	.word 0x16161616,0x16161616,0x16161616,0x16161616,0x16161616,0x16161616,0x16161616,0x16161616
	.word 0x16161616,0x16161616,0x16161616,0x4D00B916,0x1C1C1C1C,0x1C1C1C1C,0x1C1C1C1C,0xE21C1C1C

	.word 0x1C1C1C1C,0x1C1C1C1C,0x1C1C1C1C,0x001C1C1C,0x16161600,0x16161616,0x16161616,0x16161616
	.word 0x16161616,0x16161616,0x16161616,0x16161616,0x16161616,0x16161616,0x16161616,0x16161616
	.word 0x16161616,0x16161616,0x16161616,0x16161616,0x16161616,0x16161616,0x16161616,0x16161616
	.word 0x16161616,0x16161616,0x16161616,0x16161616,0x16161616,0x16161616,0x16161616,0x16161616
	.word 0x16161616,0x16161616,0x16161616,0x16161616,0x16161616,0x16161616,0x16161616,0x16161616
	.word 0x16161616,0x16161616,0x16161616,0x16161616,0x16161616,0x16161616,0x16161616,0x16161616
	.word 0x16161616,0x16161616,0x16161616,0x16161616,0x16161616,0x16161616,0x16161616,0x16161616
	.word 0x16161616,0x16161616,0x16161616,0xC800E716,0x1C1C1C1C,0x1C1C1C1C,0x1C1C1C1C,0xE21C1C1C

	.word 0x1C1C1C1C,0x1C1C1C1C,0x1C1C1C1C,0x001C1C1C,0x16161600,0x16161616,0x16161616,0x16161616
	.word 0x16161616,0x16161616,0x16161616,0x16161616,0x16161616,0x16161616,0x16161616,0x16161616
	.word 0x16161616,0x16161616,0x16161616,0x16161616,0x16161616,0x16161616,0x16161616,0x16161616
	.word 0x16161616,0x16161616,0x16161616,0x16161616,0x16161616,0x16161616,0x16161616,0x16161616
	.word 0x16161616,0x16161616,0x16161616,0x16161616,0x16161616,0x16161616,0x16161616,0x16161616
	.word 0x16161616,0x16161616,0x16161616,0x16161616,0x16161616,0x16161616,0x16161616,0x16161616
	.word 0x16161616,0x16161616,0x16161616,0x16161616,0x16161616,0x16161616,0x16161616,0x16161616
	.word 0x16161616,0x16161616,0x16161616,0xC800E716,0x1C1C1C1C,0x1C1C1C1C,0x1C1C1C1C,0xE21C1C1C

	.word 0x1C1C1C1C,0x1C1C1C1C,0x1C1C1C1C,0x001C1C1C,0x16161600,0x16161616,0x16161616,0x16161616
	.word 0x16161616,0x16161616,0x16161616,0x16161616,0x16161616,0x16161616,0x16161616,0x16161616
	.word 0x16161616,0x16161616,0x16161616,0x16161616,0x16161616,0x16161616,0x16161616,0x16161616
	.word 0x16161616,0x16161616,0x16161616,0x16161616,0x16161616,0x16161616,0x16161616,0x16161616
	.word 0x16161616,0x16161616,0x16161616,0x16161616,0x16161616,0x16161616,0x16161616,0x16161616
	.word 0x16161616,0x16161616,0x16161616,0x16161616,0x16161616,0x16161616,0x16161616,0x16161616
	.word 0x16161616,0x16161616,0x16161616,0x16161616,0x16161616,0x16161616,0x16161616,0x16161616
	.word 0x16161616,0x16161616,0x16161616,0xC800E716,0x1C1C1C1C,0x1C1C1C1C,0x1C1C1C1C,0xE21C1C1C

	.word 0x1C1C1C1C,0x1C1C1C1C,0x1C1C1C1C,0x001C1C1C,0x16161600,0x16161616,0x16161616,0x16161616
	.word 0x16161616,0x16161616,0x16161616,0x16161616,0x16161616,0x16161616,0x16161616,0x16161616
	.word 0x16161616,0x16161616,0x16161616,0x16161616,0x16161616,0x16161616,0x16161616,0x16161616
	.word 0x16161616,0x16161616,0x16161616,0x16161616,0x16161616,0x16161616,0x16161616,0x16161616
	.word 0x16161616,0x16161616,0x16161616,0x16161616,0x16161616,0x16161616,0x16161616,0x16161616
	.word 0x16161616,0x16161616,0x16161616,0x16161616,0x16161616,0x16161616,0x16161616,0x16161616
	.word 0x16161616,0x16161616,0x16161616,0x16161616,0x16161616,0x16161616,0x16161616,0x16161616
	.word 0x16161616,0x16161616,0x16161616,0xC800E716,0x1C1C1C1C,0x1C1C1C1C,0x1C1C1C1C,0xE21C1C1C

	.word 0x1C1C1C1C,0x1C1C1C1C,0x1C1C1C1C,0x001C1C1C,0x16161600,0x16161616,0x16161616,0x16161616
	.word 0x16161616,0x16161616,0x16161616,0x16161616,0x16161616,0x16161616,0x16161616,0x16161616
	.word 0x16161616,0x16161616,0x16161616,0x16161616,0x16161616,0x16161616,0x16161616,0x16161616
	.word 0x16161616,0x16161616,0x16161616,0x16161616,0x16161616,0x16161616,0x16161616,0x16161616
	.word 0x16161616,0x16161616,0x16161616,0x16161616,0x16161616,0x16161616,0x16161616,0x16161616
	.word 0x16161616,0x16161616,0x16161616,0x16161616,0x16161616,0x16161616,0x16161616,0x16161616
	.word 0x16161616,0x16161616,0x16161616,0x16161616,0x16161616,0x16161616,0x16161616,0x16161616
	.word 0x16161616,0x16161616,0x16161616,0xC800E716,0x1C1C1C1C,0x1C1C1C1C,0x1C1C1C1C,0xE21C1C1C

	.word 0x1C1C1C1C,0x1C1C1C1C,0x1C1C1C1C,0x001C1C1C,0x16161600,0x16161616,0x16161616,0x16161616
	.word 0x16161616,0x16161616,0x16161616,0x16161616,0x16161616,0x16161616,0x16161616,0x16161616
	.word 0x16161616,0x16161616,0x16161616,0x16161616,0x16161616,0x16161616,0x16161616,0x16161616
	.word 0x16161616,0x16161616,0x16161616,0x16161616,0x16161616,0x16161616,0x16161616,0x16161616
	.word 0x16161616,0x16161616,0x16161616,0x16161616,0x16161616,0x16161616,0x16161616,0x16161616
	.word 0x16161616,0x16161616,0x16161616,0x16161616,0x16161616,0x16161616,0x16161616,0x16161616
	.word 0x16161616,0x16161616,0x16161616,0x16161616,0x16161616,0x16161616,0x16161616,0x16161616
	.word 0x16161616,0x16161616,0x16161616,0xC800E716,0x1C1C1C1C,0x1C1C1C1C,0x1C1C1C1C,0xE21C1C1C

	.word 0x1C1C1C1C,0x1C1C1C1C,0x1C1C1C1C,0x001C1C1C,0x16161600,0x16161616,0x16161616,0x16161616
	.word 0x16161616,0x16161616,0x16161616,0x16161616,0x16161616,0x16161616,0x16161616,0x16161616
	.word 0x16161616,0x16161616,0x16161616,0x16161616,0x16161616,0x16161616,0x16161616,0x16161616
	.word 0x16161616,0x16161616,0x16161616,0x16161616,0x16161616,0x16161616,0x16161616,0x16161616
	.word 0x16161616,0x16161616,0x16161616,0x16161616,0x16161616,0x16161616,0x16161616,0x16161616
	.word 0x16161616,0x16161616,0x16161616,0x16161616,0x16161616,0x16161616,0x16161616,0x16161616
	.word 0x16161616,0x16161616,0x16161616,0x16161616,0x16161616,0x16161616,0x16161616,0x16161616
	.word 0x16161616,0x16161616,0x16161616,0x4D00E716,0x1C1C1C1C,0x1C1C1C1C,0x1C1C1C1C,0xE21C1C1C

	.word 0x1C1C1C1C,0x1C1C1C1C,0x1C1C1C1C,0x001C1C1C,0x16161600,0x16161616,0x16161616,0x16161616
	.word 0x16161616,0x16161616,0x16161616,0x16161616,0x16161616,0x16161616,0x16161616,0x16161616
	.word 0x16161616,0x16161616,0x16161616,0x16161616,0x16161616,0x16161616,0x16161616,0x16161616
	.word 0x16161616,0x16161616,0x16161616,0x16161616,0x16161616,0x16161616,0x16161616,0x16161616
	.word 0x16161616,0x16161616,0x16161616,0x16161616,0x16161616,0x16161616,0x16161616,0x16161616
	.word 0x16161616,0x16161616,0x16161616,0x16161616,0x16161616,0x16161616,0x16161616,0x16161616
	.word 0x16161616,0x16161616,0x16161616,0x16161616,0x16161616,0x16161616,0x16161616,0x16161616
	.word 0x16161616,0x16161616,0x16161616,0x4D00E716,0x1C1C1C1C,0x1C1C1C1C,0x1C1C1C1C,0xE21C1C1C

	.word 0x1C1C1C1C,0x1C1C1C1C,0x1C1C1C1C,0x001C1C1C,0x16161600,0x16161616,0x16161616,0x16161616
	.word 0x16161616,0x16161616,0x16161616,0x16161616,0x16161616,0x16161616,0x16161616,0x16161616
	.word 0x16161616,0x16161616,0x16161616,0x16161616,0x16161616,0x16161616,0x16161616,0x16161616
	.word 0x16161616,0x16161616,0x16161616,0x16161616,0x16161616,0x16161616,0x16161616,0x16161616
	.word 0x16161616,0x16161616,0x16161616,0x16161616,0x16161616,0x16161616,0x16161616,0x16161616
	.word 0x16161616,0x16161616,0x16161616,0x16161616,0x16161616,0x16161616,0x16161616,0x16161616
	.word 0x16161616,0x16161616,0x16161616,0x16161616,0x16161616,0x16161616,0x16161616,0x16161616
	.word 0x16161616,0x16161616,0x16161616,0xC800E716,0x1C1C1C1C,0x1C1C1C1C,0x1C1C1C1C,0xE21C1C1C

	.word 0x1C1C1C1C,0x1C1C1C1C,0x1C1C1C1C,0x001C1C1C,0x16161600,0x16161616,0x16161616,0x16161616
	.word 0x16161616,0x16161616,0x16161616,0x16161616,0x16161616,0x16161616,0x16161616,0x16161616
	.word 0x16161616,0x16161616,0x16161616,0x16161616,0x16161616,0x16161616,0x16161616,0x16161616
	.word 0x16161616,0x16161616,0x16161616,0x16161616,0x16161616,0x16161616,0x16161616,0x16161616
	.word 0x16161616,0x16161616,0x16161616,0x16161616,0x16161616,0x16161616,0x16161616,0x16161616
	.word 0x16161616,0x16161616,0x16161616,0x16161616,0x16161616,0x16161616,0x16161616,0x16161616
	.word 0x16161616,0x16161616,0x16161616,0x16161616,0x16161616,0x16161616,0x16161616,0x16161616
	.word 0x16161616,0x16161616,0x16161616,0xC800E716,0x1C1C1C1C,0x1C1C1C1C,0x1C1C1C1C,0xE21C1C1C

	.word 0x1C1C1C1C,0x1C1C1C1C,0x1C1C1C1C,0x001C1C1C,0x16161600,0x16161616,0x16161616,0x16161616
	.word 0x16161616,0x16161616,0x16161616,0x16161616,0x16161616,0x16161616,0x16161616,0x16161616
	.word 0x16161616,0x16161616,0x16161616,0x16161616,0x16161616,0x16161616,0x16161616,0x16161616
	.word 0x16161616,0x16161616,0x16161616,0x16161616,0x16161616,0x16161616,0x16161616,0x16161616
	.word 0x16161616,0x16161616,0x16161616,0x16161616,0x16161616,0x16161616,0x16161616,0x16161616
	.word 0x16161616,0x16161616,0x16161616,0x16161616,0x16161616,0x16161616,0x16161616,0x16161616
	.word 0x16161616,0x16161616,0x16161616,0x16161616,0x16161616,0x16161616,0x16161616,0x16161616
	.word 0x16161616,0x16161616,0x16161616,0xC800E716,0x1C1C1C1C,0x1C1C1C1C,0x1C1C1C1C,0xE21C1C1C

	.word 0x1C1C1C1C,0x1C1C1C1C,0x1C1C1C1C,0x001C1C1C,0x16161600,0x16161616,0x16161616,0x16161616
	.word 0x16161616,0x16161616,0x16161616,0x16161616,0x16161616,0x16161616,0x16161616,0x16161616
	.word 0x16161616,0x16161616,0x16161616,0x16161616,0x16161616,0x16161616,0x16161616,0x16161616
	.word 0x16161616,0x16161616,0x16161616,0x16161616,0x16161616,0x16161616,0x16161616,0x16161616
	.word 0x16161616,0x16161616,0x16161616,0x16161616,0x16161616,0x16161616,0x16161616,0x16161616
	.word 0x16161616,0x16161616,0x16161616,0x16161616,0x16161616,0x16161616,0x16161616,0x16161616
	.word 0x16161616,0x16161616,0x16161616,0x16161616,0x16161616,0x16161616,0x16161616,0x16161616
	.word 0x16161616,0x16161616,0x16161616,0xC800E716,0x1C1C1C1C,0x1C1C1C1C,0x1C1C1C1C,0xE21C1C1C

	.word 0x1C1C1C1C,0x1C1C1C1C,0x1C1C1C1C,0x001C1C1C,0x16161600,0x16161616,0x16161616,0x16161616
	.word 0x16161616,0x16161616,0x16161616,0x16161616,0x16161616,0x16161616,0x16161616,0x16161616
	.word 0x16161616,0x16161616,0x16161616,0x16161616,0x16161616,0x16161616,0x16161616,0x16161616
	.word 0x16161616,0x16161616,0x16161616,0x16161616,0x16161616,0x16161616,0x16161616,0x16161616
	.word 0x16161616,0x16161616,0x16161616,0x16161616,0x16161616,0x16161616,0x16161616,0x16161616
	.word 0x16161616,0x16161616,0x16161616,0x16161616,0x16161616,0x16161616,0x16161616,0x16161616
	.word 0x16161616,0x16161616,0x16161616,0x16161616,0x16161616,0x16161616,0x16161616,0x16161616
	.word 0x16161616,0x16161616,0x16161616,0xC800E716,0x1C1C1C1C,0x1C1C1C1C,0x1C1C1C1C,0xE21C1C1C

	.word 0x1C1C1C1C,0x1C1C1C1C,0x1C1C1C1C,0x001C1C1C,0x16161600,0x16161616,0x16161616,0x16161616
	.word 0x16161616,0x16161616,0x16161616,0x16161616,0x16161616,0x16161616,0x16161616,0x16161616
	.word 0x16161616,0x16161616,0x16161616,0x16161616,0x16161616,0x16161616,0x16161616,0x16161616
	.word 0x16161616,0x16161616,0x16161616,0x16161616,0x16161616,0x16161616,0x16161616,0x16161616
	.word 0x16161616,0x16161616,0x16161616,0x16161616,0x16161616,0x16161616,0x16161616,0x16161616
	.word 0x16161616,0x16161616,0x16161616,0x16161616,0x16161616,0x16161616,0x16161616,0x16161616
	.word 0x16161616,0x16161616,0x16161616,0x16161616,0x16161616,0x16161616,0x16161616,0x16161616
	.word 0x16161616,0x16161616,0x16161616,0xC800E716,0x1C1C1C1C,0x1C1C1C1C,0x1C1C1C1C,0xE21C1C1C

	.word 0x1C1C1C1C,0x1C1C1C1C,0x1C1C1C1C,0x001C1C1C,0x16161600,0x16161616,0x16161616,0x16161616
	.word 0x16161616,0x16161616,0x16161616,0x16161616,0x16161616,0x16161616,0x16161616,0x16161616
	.word 0x16161616,0x16161616,0x16161616,0x16161616,0x16161616,0x16161616,0x16161616,0x16161616
	.word 0x16161616,0x16161616,0x16161616,0x16161616,0x16161616,0x16161616,0x16161616,0x16161616
	.word 0x16161616,0x16161616,0x16161616,0x16161616,0x16161616,0x16161616,0x16161616,0x16161616
	.word 0x16161616,0x16161616,0x16161616,0x16161616,0x16161616,0x16161616,0x16161616,0x16161616
	.word 0x16161616,0x16161616,0x16161616,0x16161616,0x16161616,0x16161616,0x16161616,0x16161616
	.word 0x16161616,0x16161616,0x16161616,0x4D00E716,0x1C1C1C1C,0x1C1C1C1C,0x1C1C1C1C,0xE21C1C1C

	.word 0x1C1C1C1C,0x1C1C1C1C,0x1C1C1C1C,0x001C1C1C,0x16161600,0x16161616,0x16161616,0x16161616
	.word 0x16161616,0x16161616,0x16161616,0x16161616,0x16161616,0x16161616,0x16161616,0x16161616
	.word 0x16161616,0x16161616,0x16161616,0x16161616,0x16161616,0x16161616,0x16161616,0x16161616
	.word 0x16161616,0x16161616,0x16161616,0x16161616,0x16161616,0x16161616,0x16161616,0x16161616
	.word 0x16161616,0x16161616,0x16161616,0x16161616,0x16161616,0x16161616,0x16161616,0x16161616
	.word 0x16161616,0x16161616,0x16161616,0x16161616,0x16161616,0x16161616,0x16161616,0x16161616
	.word 0x16161616,0x16161616,0x16161616,0x16161616,0x16161616,0x16161616,0x16161616,0x16161616
	.word 0x16161616,0x16161616,0x16161616,0x4D00E716,0x1C1C1C1C,0x1C1C1C1C,0x1C1C1C1C,0xE21C1C1C

	.word 0x1C1C1C1C,0x1C1C1C1C,0x1C1C1C1C,0x001C1C1C,0x16161600,0x16161616,0x16161616,0x16161616
	.word 0x16161616,0x16161616,0x16161616,0x16161616,0x16161616,0x16161616,0x16161616,0x16161616
	.word 0x16161616,0x16161616,0x16161616,0x16161616,0x16161616,0x16161616,0x16161616,0x16161616
	.word 0x16161616,0x16161616,0x16161616,0x16161616,0x16161616,0x16161616,0x16161616,0x16161616
	.word 0x16161616,0x16161616,0x16161616,0x16161616,0x16161616,0x16161616,0x16161616,0x16161616
	.word 0x16161616,0x16161616,0x16161616,0x16161616,0x16161616,0x16161616,0x16161616,0x16161616
	.word 0x16161616,0x16161616,0x16161616,0x16161616,0x16161616,0x16161616,0x16161616,0x16161616
	.word 0x16161616,0x16161616,0x16161616,0xC800E716,0x1C1C1C1C,0x1C1C1C1C,0x1C1C1C1C,0xE21C1C1C

	.word 0x1C1C1C1C,0x1C1C1C1C,0x1C1C1C1C,0x001C1C1C,0x16161600,0x16161616,0x16161616,0x16161616
	.word 0x16161616,0x16161616,0x16161616,0x16161616,0x16161616,0x16161616,0x16161616,0x16161616
	.word 0x16161616,0x16161616,0x16161616,0x16161616,0x16161616,0x16161616,0x16161616,0x16161616
	.word 0x16161616,0x16161616,0x16161616,0x16161616,0x16161616,0x16161616,0x16161616,0x16161616
	.word 0x16161616,0x16161616,0x16161616,0x16161616,0x16161616,0x16161616,0x16161616,0x16161616
	.word 0x16161616,0x16161616,0x16161616,0x16161616,0x16161616,0x16161616,0x16161616,0x16161616
	.word 0x16161616,0x16161616,0x16161616,0x16161616,0x16161616,0x16161616,0x16161616,0x16161616
	.word 0x16161616,0x16161616,0x16161616,0xC800E716,0x1C1C1C1C,0x1C1C1C1C,0x1C1C1C1C,0xE21C1C1C

	.word 0x1C1C1C1C,0x1C1C1C1C,0x1C1C1C1C,0x001C1C1C,0x16161600,0x16161616,0x16161616,0x16161616
	.word 0x16161616,0x16161616,0x16161616,0x16161616,0x16161616,0x16161616,0x16161616,0x16161616
	.word 0x16161616,0x16161616,0x16161616,0x16161616,0x16161616,0x16161616,0x16161616,0x16161616
	.word 0x16161616,0x16161616,0x16161616,0x16161616,0x16161616,0x16161616,0x16161616,0x16161616
	.word 0x16161616,0x16161616,0x16161616,0x16161616,0x16161616,0x16161616,0x16161616,0x16161616
	.word 0x16161616,0x16161616,0x16161616,0x16161616,0x16161616,0x16161616,0x16161616,0x16161616
	.word 0x16161616,0x16161616,0x16161616,0x16161616,0x16161616,0x16161616,0x16161616,0x16161616
	.word 0x16161616,0x16161616,0x16161616,0xC800E716,0x1C1C1C1C,0x1C1C1C1C,0x1C1C1C1C,0xE21C1C1C

	.word 0x1C1C1C1C,0x1C1C1C1C,0x1C1C1C1C,0x001C1C1C,0x16161600,0x16161616,0x16161616,0x16161616
	.word 0x16161616,0x16161616,0x16161616,0x16161616,0x16161616,0x16161616,0x16161616,0x16161616
	.word 0x16161616,0x16161616,0x16161616,0x16161616,0x16161616,0x16161616,0x16161616,0x16161616
	.word 0x16161616,0x16161616,0x16161616,0x16161616,0x16161616,0x16161616,0x16161616,0x16161616
	.word 0x16161616,0x16161616,0x16161616,0x16161616,0x16161616,0x16161616,0x16161616,0x16161616
	.word 0x16161616,0x16161616,0x16161616,0x16161616,0x16161616,0x16161616,0x16161616,0x16161616
	.word 0x16161616,0x16161616,0x16161616,0x16161616,0x16161616,0x16161616,0x16161616,0x16161616
	.word 0x16161616,0x16161616,0x16161616,0xC800E716,0x1C1C1C1C,0x1C1C1C1C,0x1C1C1C1C,0xE21C1C1C

	.word 0x1C1C1C1C,0x1C1C1C1C,0x1C1C1C1C,0x001C1C1C,0x16161600,0x16161616,0x16161616,0x16161616
	.word 0x16161616,0x16161616,0x16161616,0x16161616,0x16161616,0x16161616,0x16161616,0x16161616
	.word 0x16161616,0x16161616,0x16161616,0x16161616,0x16161616,0x16161616,0x16161616,0x16161616
	.word 0x16161616,0x16161616,0x16161616,0x16161616,0x16161616,0x16161616,0x16161616,0x16161616
	.word 0x16161616,0x16161616,0x16161616,0x16161616,0x16161616,0x16161616,0x16161616,0x16161616
	.word 0x16161616,0x16161616,0x16161616,0x16161616,0x16161616,0x16161616,0x16161616,0x16161616
	.word 0x16161616,0x16161616,0x16161616,0x16161616,0x16161616,0x16161616,0x16161616,0x16161616
	.word 0x16161616,0x16161616,0x16161616,0xC800E716,0x1C1C1C1C,0x1C1C1C1C,0x1C1C1C1C,0xE21C1C1C

	.word 0x1C1C1C1C,0x1C1C1C1C,0x1C1C1C1C,0x001C1C1C,0x16161600,0x16161616,0x16161616,0x16161616
	.word 0x16161616,0x16161616,0x16161616,0x16161616,0x16161616,0x16161616,0x16161616,0x16161616
	.word 0x16161616,0x16161616,0x16161616,0x16161616,0x16161616,0x16161616,0x16161616,0x16161616
	.word 0x16161616,0x16161616,0x16161616,0x16161616,0x16161616,0x16161616,0x16161616,0x16161616
	.word 0x16161616,0x16161616,0x16161616,0x16161616,0x16161616,0x16161616,0x16161616,0x16161616
	.word 0x16161616,0x16161616,0x16161616,0x16161616,0x16161616,0x16161616,0x16161616,0x16161616
	.word 0x16161616,0x16161616,0x16161616,0x16161616,0x16161616,0x16161616,0x16161616,0x16161616
	.word 0x16161616,0x16161616,0x16161616,0xC800E716,0x1C1C1C1C,0x1C1C1C1C,0x1C1C1C1C,0xE21C1C1C

	.word 0x1C1C1C1C,0x1C1C1C1C,0x1C1C1C1C,0x001C1C1C,0x16161600,0x16161616,0x16161616,0x16161616
	.word 0x16161616,0x16161616,0x16161616,0x16161616,0x16161616,0x16161616,0x16161616,0x16161616
	.word 0x16161616,0x16161616,0x16161616,0x16161616,0x16161616,0x16161616,0x16161616,0x16161616
	.word 0x16161616,0x16161616,0x16161616,0x16161616,0x16161616,0x16161616,0x16161616,0x16161616
	.word 0x16161616,0x16161616,0x16161616,0x16161616,0x16161616,0x16161616,0x16161616,0x16161616
	.word 0x16161616,0x16161616,0x16161616,0x16161616,0x16161616,0x16161616,0x16161616,0x16161616
	.word 0x16161616,0x16161616,0x16161616,0x16161616,0x16161616,0x16161616,0x16161616,0x16161616
	.word 0x16161616,0x16161616,0x16161616,0x4D00E716,0x1C1C1C1C,0x1C1C1C1C,0x1C1C1C1C,0xE21C1C1C

	.word 0x1C1C1C1C,0x1C1C1C1C,0x1C1C1C1C,0x001C1C1C,0x16161600,0x16161616,0x16161616,0x16161616
	.word 0x16161616,0x16161616,0x16161616,0x16161616,0x16161616,0x16161616,0x16161616,0x16161616
	.word 0x16161616,0x16161616,0x16161616,0x16161616,0x16161616,0x16161616,0x16161616,0x16161616
	.word 0x16161616,0x16161616,0x16161616,0x16161616,0x16161616,0x16161616,0x16161616,0x16161616
	.word 0x16161616,0x16161616,0x16161616,0x16161616,0x16161616,0x16161616,0x16161616,0x16161616
	.word 0x16161616,0x16161616,0x16161616,0x16161616,0x16161616,0x16161616,0x16161616,0x16161616
	.word 0x16161616,0x16161616,0x16161616,0x16161616,0x16161616,0x16161616,0x16161616,0x16161616
	.word 0x16161616,0x16161616,0x16161616,0x4D00E716,0x1C1C1C1C,0x1C1C1C1C,0x1C1C1C1C,0xE21C1C1C

	.word 0x1C1C1C1C,0x1C1C1C1C,0x1C1C1C1C,0x001C1C1C,0x16161600,0x16161616,0x16161616,0x16161616
	.word 0x16161616,0x16161616,0x16161616,0x16161616,0x16161616,0x16161616,0x16161616,0x16161616
	.word 0x16161616,0x16161616,0x16161616,0x16161616,0x16161616,0x16161616,0x16161616,0x16161616
	.word 0x16161616,0x16161616,0x16161616,0x16161616,0x16161616,0x16161616,0x16161616,0x16161616
	.word 0x16161616,0x16161616,0x16161616,0x16161616,0x16161616,0x16161616,0x16161616,0x16161616
	.word 0x16161616,0x16161616,0x16161616,0x16161616,0x16161616,0x16161616,0x16161616,0x16161616
	.word 0x16161616,0x16161616,0x16161616,0x16161616,0x16161616,0x16161616,0x16161616,0x16161616
	.word 0x16161616,0x16161616,0x16161616,0xC800E716,0x1C1C1C1C,0x1C1C1C1C,0x1C1C1C1C,0xE21C1C1C

	.word 0x1C1C1C1C,0x1C1C1C1C,0x1C1C1C1C,0x001C1C1C,0x16161600,0x16161616,0x16161616,0x16161616
	.word 0x16161616,0x16161616,0x16161616,0x16161616,0x16161616,0x16161616,0x16161616,0x16161616
	.word 0x16161616,0x16161616,0x16161616,0x16161616,0x16161616,0x16161616,0x16161616,0x16161616
	.word 0x16161616,0x16161616,0x16161616,0x16161616,0x16161616,0x16161616,0x16161616,0x16161616
	.word 0x16161616,0x16161616,0x16161616,0x16161616,0x16161616,0x16161616,0x16161616,0x16161616
	.word 0x16161616,0x16161616,0x16161616,0x16161616,0x16161616,0x16161616,0x16161616,0x16161616
	.word 0x16161616,0x16161616,0x16161616,0x16161616,0x16161616,0x16161616,0x16161616,0x16161616
	.word 0x16161616,0x16161616,0x16161616,0xC800E716,0x1C1C1C1C,0x1C1C1C1C,0x1C1C1C1C,0xE21C1C1C

	.word 0x1C1C1C1C,0x1C1C1C1C,0x1C1C1C1C,0x001C1C1C,0x16161600,0x16161616,0x16161616,0x16161616
	.word 0x16161616,0x16161616,0x16161616,0x16161616,0x16161616,0x16161616,0x16161616,0x16161616
	.word 0x16161616,0x16161616,0x16161616,0x16161616,0x16161616,0x16161616,0x16161616,0x16161616
	.word 0x16161616,0x16161616,0x16161616,0x16161616,0x16161616,0x16161616,0x16161616,0x16161616
	.word 0x16161616,0x16161616,0x16161616,0x16161616,0x16161616,0x16161616,0x16161616,0x16161616
	.word 0x16161616,0x16161616,0x16161616,0x16161616,0x16161616,0x16161616,0x16161616,0x16161616
	.word 0x16161616,0x16161616,0x16161616,0x16161616,0x16161616,0x16161616,0x16161616,0x16161616
	.word 0x16161616,0x16161616,0x16161616,0xC800E716,0x1C1C1C1C,0x1C1C1C1C,0x1C1C1C1C,0xE21C1C1C

	.word 0x1C1C1C1C,0x1C1C1C1C,0x1C1C1C1C,0x001C1C1C,0x16161600,0x16161616,0x16161616,0x16161616
	.word 0x16161616,0x16161616,0x16161616,0x16161616,0x16161616,0x16161616,0x16161616,0x16161616
	.word 0x16161616,0x16161616,0x16161616,0x16161616,0x16161616,0x16161616,0x16161616,0x16161616
	.word 0x16161616,0x16161616,0x16161616,0x16161616,0x16161616,0x16161616,0x16161616,0x16161616
	.word 0x16161616,0x16161616,0x16161616,0x16161616,0x16161616,0x16161616,0x16161616,0x16161616
	.word 0x16161616,0x16161616,0x16161616,0x16161616,0x16161616,0x16161616,0x16161616,0x16161616
	.word 0x16161616,0x16161616,0x16161616,0x16161616,0x16161616,0x16161616,0x16161616,0x16161616
	.word 0x16161616,0x16161616,0x16161616,0xC800E716,0x1C1C1C1C,0x1C1C1C1C,0x1C1C1C1C,0xE21C1C1C

	.word 0x1C1C1C1C,0x1C1C1C1C,0x1C1C1C1C,0x711C1C1C,0x16161600,0x16161616,0x16161616,0x16161616
	.word 0x16161616,0x16161616,0x16161616,0x16161616,0x16161616,0x16161616,0x16161616,0x16161616
	.word 0x16161616,0x16161616,0x16161616,0x16161616,0x16161616,0x16161616,0x16161616,0x16161616
	.word 0x16161616,0x16161616,0x16161616,0x16161616,0x16161616,0x16161616,0x16161616,0x16161616
	.word 0x16161616,0x16161616,0x16161616,0x16161616,0x16161616,0x16161616,0x16161616,0x16161616
	.word 0x16161616,0x16161616,0x16161616,0x16161616,0x16161616,0x16161616,0x16161616,0x16161616
	.word 0x16161616,0x16161616,0x16161616,0x16161616,0x16161616,0x16161616,0x16161616,0x16161616
	.word 0x16161616,0x16161616,0x16161616,0xC800E716,0x1C1C1C1C,0x1C1C1C1C,0x1C1C1C1C,0xE21C1C1C

	.word 0x1C1C1C1C,0x1C1C1C1C,0x1C1C1C1C,0x1C1C1C1C,0x16166200,0x16161616,0x16161616,0x16161616
	.word 0x16161616,0x16161616,0x16161616,0x16161616,0x16161616,0x16161616,0x16161616,0x16161616
	.word 0x16161616,0x16161616,0x16161616,0x16161616,0x16161616,0x16161616,0x16161616,0x16161616
	.word 0x16161616,0x16161616,0x16161616,0x16161616,0x16161616,0x16161616,0x16161616,0x16161616
	.word 0x16161616,0x16161616,0x16161616,0x16161616,0x16161616,0x16161616,0x16161616,0x16161616
	.word 0x16161616,0x16161616,0x16161616,0x16161616,0x16161616,0x16161616,0x16161616,0x16161616
	.word 0x16161616,0x16161616,0x16161616,0x16161616,0x16161616,0x16161616,0x16161616,0x16161616
	.word 0x16161616,0x16161616,0x16161616,0xC800B865,0x1C1C1C1C,0x1C1C1C1C,0x1C1C1C1C,0xE21C1C1C

	.word 0x1C1C1C1C,0x1C1C1C1C,0x1C1C1C1C,0x1C1C1C1C,0x16620071,0x16161616,0x16161616,0x16161616
	.word 0x16161616,0x16161616,0x16161616,0x16161616,0x16161616,0x16161616,0x16161616,0x16161616
	.word 0x16161616,0x16161616,0x16161616,0x16161616,0x16161616,0x16161616,0x16161616,0x16161616
	.word 0x16161616,0x16161616,0x16161616,0x16161616,0x16161616,0x16161616,0x16161616,0x16161616
	.word 0x16161616,0x16161616,0x16161616,0x16161616,0x16161616,0x16161616,0x16161616,0x16161616
	.word 0x16161616,0x16161616,0x16161616,0x16161616,0x16161616,0x16161616,0x16161616,0x16161616
	.word 0x16161616,0x16161616,0x16161616,0x16161616,0x16161616,0x16161616,0x16161616,0x16161616
	.word 0x16161616,0x16161616,0x65161616,0x71A400B8,0x1C1C1C1C,0x1C1C1C1C,0x1C1C1C1C,0xE21C1C1C

	.word 0x1C1C1C1C,0x1C1C1C1C,0x1C1C1C1C,0x1C1C1C1C,0x6200311C,0x62626262,0x62626262,0x62626262
	.word 0x62626262,0x62626262,0x62626262,0x62626262,0x62626262,0x62626262,0x62626262,0x62626262
	.word 0x62626262,0x62626262,0x62626262,0x62626262,0x62626262,0x62627F62,0x62626262,0x62627F62
	.word 0x62626262,0x62627F62,0x62626262,0x62627F62,0x62626262,0x62627F62,0x62626262,0x62627F62
	.word 0x62626262,0x62627F62,0x62626262,0x62627F62,0x62626262,0x62627F62,0x62626262,0x62627F62
	.word 0x62626262,0x62627F62,0x62626262,0x62626262,0x62626262,0x62626262,0x62626262,0x62626262
	.word 0x62626262,0x62626262,0x62626262,0x62626262,0x62626262,0x62626262,0x62626262,0x62626262
	.word 0x62626262,0x62626262,0xB8626262,0x1C71A400,0x1C1C1C1C,0x1C1C1C1C,0x1C1C1C1C,0xE21C1C1C

	.word 0x1C1C1C1C,0x1C1C1C1C,0x1C1C1C1C,0x1C1C1C1C,0x71711C1C,0x00000000,0x00000000,0x00000000
	.word 0x00000000,0x00000000,0x00000000,0x00000000,0x00000000,0x00000000,0x00000000,0x00000000
	.word 0x00000000,0x00000000,0x00000000,0x00000000,0x00000000,0x00000000,0x00000000,0x00000000
	.word 0x00000000,0x00000000,0x00000000,0x00000000,0x00000000,0x00000000,0x00000000,0x00000000
	.word 0x00000000,0x00000000,0x00000000,0x00000000,0x00000000,0x00000000,0x00000000,0x00000000
	.word 0x00000000,0x00000000,0x00000000,0x00000000,0x00000000,0x00000000,0x00000000,0x00000000
	.word 0x00000000,0x00000000,0x00000000,0x00000000,0x00000000,0x00000000,0x00000000,0x00000000
	.word 0x00000000,0x00000000,0x00000000,0x1C1C1CA4,0x1C1C1C1C,0x1C1C1C1C,0x1C1C1C1C,0xE21C1C1C

	.word 0x1C1C1C1C,0x1C1C1C1C,0x1C1C1C1C,0x1C1C1C1C,0x1C1C1C1C,0x71717131,0x71317171,0x71717131
	.word 0x71317171,0x71717131,0x71317171,0x71717131,0x71317171,0x71717131,0x71317171,0x71717131
	.word 0x71317171,0x71717131,0x71317171,0x71717131,0x71317171,0x71717131,0x71317171,0x71717131
	.word 0x71317171,0x71717131,0x71317171,0x71717131,0x71317171,0x71717131,0x71317171,0x71717131
	.word 0x71317171,0x71717131,0x71317171,0x71717131,0x71317171,0x71717131,0x71317171,0x71717131
	.word 0x71317171,0x71717131,0x71317171,0x71717131,0x71317171,0x71717131,0x71317171,0x71717131
	.word 0x71317171,0x71717131,0x71317171,0x71717131,0x71317171,0x71717131,0x71317171,0x71717131
	.word 0x71317171,0x71717131,0x71317171,0x1C1C1C1C,0x1C1C1C1C,0x1C1C1C1C,0x1C1C1C1C,0xE21C1C1C

	.word 0x1C1C1C1C,0x1C1C1C1C,0x1C1C1C1C,0x1C1C1C1C,0x1C1C1C1C,0x1C1C1C1C,0x1C1C1C1C,0x1C1C1C1C
	.word 0x1C1C1C1C,0x1C1C1C1C,0x1C1C1C1C,0x1C1C1C1C,0x1C1C1C1C,0x1C1C1C1C,0x1C1C1C1C,0x1C1C1C1C
	.word 0x1C1C1C1C,0x1C1C1C1C,0x1C1C1C1C,0x1C1C1C1C,0x1C1C1C1C,0x1C1C1C1C,0x1C1C1C1C,0x1C1C1C1C
	.word 0x1C1C1C1C,0x1C1C1C1C,0x1C1C1C1C,0x1C1C1C1C,0x1C1C1C1C,0x1C1C1C1C,0x1C1C1C1C,0x1C1C1C1C
	.word 0x1C1C1C1C,0x1C1C1C1C,0x1C1C1C1C,0x1C1C1C1C,0x1C1C1C1C,0x1C1C1C1C,0x1C1C1C1C,0x1C1C1C1C
	.word 0x1C1C1C1C,0x1C1C1C1C,0x1C1C1C1C,0x1C1C1C1C,0x1C1C1C1C,0x1C1C1C1C,0x1C1C1C1C,0x1C1C1C1C
	.word 0x1C1C1C1C,0x1C1C1C1C,0x1C1C1C1C,0x1C1C1C1C,0x1C1C1C1C,0x1C1C1C1C,0x1C1C1C1C,0x1C1C1C1C
	.word 0x1C1C1C1C,0x1C1C1C1C,0x1C1C1C1C,0x1C1C1C1C,0x1C1C1C1C,0x1C1C1C1C,0x1C1C1C1C,0xE21C1C1C

	.word 0x1C1C1C1C,0x1C1C1C1C,0x1C1C1C1C,0x1C1C1C1C,0x1C1C1C1C,0x1C1C1C1C,0x1C1C1C1C,0x1C1C1C1C
	.word 0x1C1C1C1C,0x1C1C1C1C,0x1C1C1C1C,0x1C1C1C1C,0x1C1C1C1C,0x1C1C1C1C,0x1C1C1C1C,0x1C1C1C1C
	.word 0x1C1C1C1C,0x1C1C1C1C,0x1C1C1C1C,0x1C1C1C1C,0x1C1C1C1C,0x1C1C1C1C,0x1C1C1C1C,0x1C1C1C1C
	.word 0x1C1C1C1C,0x1C1C1C1C,0x1C1C1C1C,0x1C1C1C1C,0x1C1C1C1C,0x1C1C1C1C,0x1C1C1C1C,0x1C1C1C1C
	.word 0x1C1C1C1C,0x1C1C1C1C,0x1C1C1C1C,0x1C1C1C1C,0x1C1C1C1C,0x1C1C1C1C,0x1C1C1C1C,0x1C1C1C1C
	.word 0x1C1C1C1C,0x1C1C1C1C,0x1C1C1C1C,0x1C1C1C1C,0x1C1C1C1C,0x1C1C1C1C,0x1C1C1C1C,0x1C1C1C1C
	.word 0x1C1C1C1C,0x1C1C1C1C,0x1C1C1C1C,0x1C1C1C1C,0x1C1C1C1C,0x1C1C1C1C,0x1C1C1C1C,0x1C1C1C1C
	.word 0x1C1C1C1C,0x1C1C1C1C,0x1C1C1C1C,0x1C1C1C1C,0x1C1C1C1C,0x1C1C1C1C,0x1C1C1C1C,0xE21C1C1C

	.word 0x1C1C1C1C,0x1C1C1C1C,0x1C1C1C1C,0x1C1C1C1C,0x1C1C1C1C,0x1C1C1C1C,0x1C1C1C1C,0x1C1C1C1C
	.word 0x1C1C1C1C,0x1C1C1C1C,0x1C1C1C1C,0x1C1C1C1C,0x1C1C1C1C,0x1C1C1C1C,0x1C1C1C1C,0x1C1C1C1C
	.word 0x1C1C1C1C,0x1C1C1C1C,0x1C1C1C1C,0x1C1C1C1C,0x1C1C1C1C,0x1C1C1C1C,0x1C1C1C1C,0x1C1C1C1C
	.word 0x1C1C1C1C,0x1C1C1C1C,0x1C1C1C1C,0x1C1C1C1C,0x1C1C1C1C,0x1C1C1C1C,0x1C1C1C1C,0x1C1C1C1C
	.word 0x1C1C1C1C,0x1C1C1C1C,0x1C1C1C1C,0x1C1C1C1C,0x1C1C1C1C,0x1C1C1C1C,0x1C1C1C1C,0x1C1C1C1C
	.word 0x1C1C1C1C,0x1C1C1C1C,0x1C1C1C1C,0x1C1C1C1C,0x1C1C1C1C,0x1C1C1C1C,0x1C1C1C1C,0x1C1C1C1C
	.word 0x1C1C1C1C,0x1C1C1C1C,0x1C1C1C1C,0x1C1C1C1C,0x1C1C1C1C,0x1C1C1C1C,0x1C1C1C1C,0x1C1C1C1C
	.word 0x1C1C1C1C,0x1C1C1C1C,0x1C1C1C1C,0x1C1C1C1C,0x1C1C1C1C,0x1C1C1C1C,0x1C1C1C1C,0xE21C1C1C

	.word 0x1C1C1C1C,0x1C1C1C1C,0x1C1C1C1C,0x1C1C1C1C,0x1C1C1C1C,0x1C1C1C1C,0x1C1C1C1C,0x1C1C1C1C
	.word 0x1C1C1C1C,0x1C1C1C1C,0x1C1C1C1C,0x1C1C1C1C,0x1C1C1C1C,0x1C1C1C1C,0x1C1C1C1C,0x1C1C1C1C
	.word 0x1C1C1C1C,0x1C1C1C1C,0x1C1C1C1C,0x1C1C1C1C,0x1C1C1C1C,0x1C1C1C1C,0x1C1C1C1C,0x1C1C1C1C
	.word 0x1C1C1C1C,0x1C1C1C1C,0x1C1C1C1C,0x1C1C1C1C,0x1C1C1C1C,0x1C1C1C1C,0x1C1C1C1C,0x1C1C1C1C
	.word 0x1C1C1C1C,0x1C1C1C1C,0x1C1C1C1C,0x1C1C1C1C,0x1C1C1C1C,0x1C1C1C1C,0x1C1C1C1C,0x1C1C1C1C
	.word 0x1C1C1C1C,0x1C1C1C1C,0x1C1C1C1C,0x1C1C1C1C,0x1C1C1C1C,0x1C1C1C1C,0x1C1C1C1C,0x1C1C1C1C
	.word 0x1C1C1C1C,0x1C1C1C1C,0x1C1C1C1C,0x1C1C1C1C,0x1C1C1C1C,0x1C1C1C1C,0x1C1C1C1C,0x1C1C1C1C
	.word 0x1C1C1C1C,0x1C1C1C1C,0x1C1C1C1C,0x1C1C1C1C,0x1C1C1C1C,0x1C1C1C1C,0x1C1C1C1C,0xE21C1C1C

	.word 0x1C1C1C1C,0x1C1C1C1C,0x1C1C1C1C,0x1C1C1C1C,0x1C1C1C1C,0x1C1C1C1C,0x1C1C1C1C,0x1C1C1C1C
	.word 0x1C1C1C1C,0x1C1C1C1C,0x1C1C1C1C,0x1C1C1C1C,0x1C1C1C1C,0x1C1C1C1C,0x1C1C1C1C,0x1C1C1C1C
	.word 0x1C1C1C1C,0x1C1C1C1C,0x1C1C1C1C,0x1C1C1C1C,0x1C1C1C1C,0x1C1C1C1C,0x1C1C1C1C,0x1C1C1C1C
	.word 0x1C1C1C1C,0x1C1C1C1C,0x1C1C1C1C,0x1C1C1C1C,0x1C1C1C1C,0x1C1C1C1C,0x1C1C1C1C,0x1C1C1C1C
	.word 0x1C1C1C1C,0x1C1C1C1C,0x1C1C1C1C,0x1C1C1C1C,0x1C1C1C1C,0x1C1C1C1C,0x1C1C1C1C,0x1C1C1C1C
	.word 0x1C1C1C1C,0x1C1C1C1C,0x1C1C1C1C,0x1C1C1C1C,0x1C1C1C1C,0x1C1C1C1C,0x1C1C1C1C,0x1C1C1C1C
	.word 0x1C1C1C1C,0x1C1C1C1C,0x1C1C1C1C,0x1C1C1C1C,0x1C1C1C1C,0x1C1C1C1C,0x1C1C1C1C,0x1C1C1C1C
	.word 0x1C1C1C1C,0x1C1C1C1C,0x1C1C1C1C,0x1C1C1C1C,0x1C1C1C1C,0x1C1C1C1C,0x1C1C1C1C,0xE21C1C1C

	.word 0x1C1C1C1C,0x1C1C1C1C,0x1C1C1C1C,0x1C1C1C1C,0x1C1C1C1C,0x1C1C1C1C,0x1C1C1C1C,0x1C1C1C1C
	.word 0x1C1C1C1C,0x1C1C1C1C,0x1C1C1C1C,0x1C1C1C1C,0x1C1C1C1C,0x1C1C1C1C,0x1C1C1C1C,0x1C1C1C1C
	.word 0x1C1C1C1C,0x1C1C1C1C,0x1C1C1C1C,0x1C1C1C1C,0x1C1C1C1C,0x1C1C1C1C,0x1C1C1C1C,0x1C1C1C1C
	.word 0x1C1C1C1C,0x1C1C1C1C,0x1C1C1C1C,0x1C1C1C1C,0x1C1C1C1C,0x1C1C1C1C,0x1C1C1C1C,0x1C1C1C1C
	.word 0x1C1C1C1C,0x1C1C1C1C,0x1C1C1C1C,0x1C1C1C1C,0x1C1C1C1C,0x1C1C1C1C,0x1C1C1C1C,0x1C1C1C1C
	.word 0x1C1C1C1C,0x1C1C1C1C,0x1C1C1C1C,0x1C1C1C1C,0x1C1C1C1C,0x1C1C1C1C,0x1C1C1C1C,0x1C1C1C1C
	.word 0x1C1C1C1C,0x1C1C1C1C,0x1C1C1C1C,0x1C1C1C1C,0x1C1C1C1C,0x1C1C1C1C,0x1C1C1C1C,0x1C1C1C1C
	.word 0x1C1C1C1C,0x1C1C1C1C,0x1C1C1C1C,0x1C1C1C1C,0x1C1C1C1C,0x1C1C1C1C,0x1C1C1C1C,0xE21C1C1C

	.word 0x1C1C1C1C,0x1C1C1C1C,0x1C1C1C1C,0x1C1C1C1C,0x1C1C1C1C,0x1C1C1C1C,0x1C1C1C1C,0x1C1C1C1C
	.word 0x1C1C1C1C,0x1C1C1C1C,0x1C1C1C1C,0x1C1C1C1C,0x1C1C1C1C,0x1C1C1C1C,0x1C1C1C1C,0x1C1C1C1C
	.word 0x1C1C1C1C,0x1C1C1C1C,0x1C1C1C1C,0x1C1C1C1C,0x1C1C1C1C,0x1C1C1C1C,0x1C1C1C1C,0x1C1C1C1C
	.word 0x1C1C1C1C,0x1C1C1C1C,0x1C1C1C1C,0x1C1C1C1C,0x1C1C1C1C,0x1C1C1C1C,0x1C1C1C1C,0x1C1C1C1C
	.word 0x1C1C1C1C,0x1C1C1C1C,0x1C1C1C1C,0x1C1C1C1C,0x1C1C1C1C,0x1C1C1C1C,0x1C1C1C1C,0x1C1C1C1C
	.word 0x1C1C1C1C,0x1C1C1C1C,0x1C1C1C1C,0x1C1C1C1C,0x1C1C1C1C,0x1C1C1C1C,0x1C1C1C1C,0x1C1C1C1C
	.word 0x1C1C1C1C,0x1C1C1C1C,0x1C1C1C1C,0x1C1C1C1C,0x1C1C1C1C,0x1C1C1C1C,0x1C1C1C1C,0x1C1C1C1C
	.word 0x1C1C1C1C,0x1C1C1C1C,0x1C1C1C1C,0x1C1C1C1C,0x1C1C1C1C,0x1C1C1C1C,0x1C1C1C1C,0xE21C1C1C

	.word 0x1C1C1C1C,0x1C1C1C1C,0x1C1C1C1C,0x1C1C1C1C,0x1C1C1C1C,0x1C1C1C1C,0x1C1C1C1C,0x1C1C1C1C
	.word 0x1C1C1C1C,0x1C1C1C1C,0x1C1C1C1C,0x1C1C1C1C,0x1C1C1C1C,0x1C1C1C1C,0x1C1C1C1C,0x1C1C1C1C
	.word 0x1C1C1C1C,0x1C1C1C1C,0x1C1C1C1C,0x1C1C1C1C,0x1C1C1C1C,0x1C1C1C1C,0x1C1C1C1C,0x1C1C1C1C
	.word 0x1C1C1C1C,0x1C1C1C1C,0x1C1C1C1C,0x1C1C1C1C,0x1C1C1C1C,0x1C1C1C1C,0x1C1C1C1C,0x1C1C1C1C
	.word 0x1C1C1C1C,0x1C1C1C1C,0x1C1C1C1C,0x1C1C1C1C,0x1C1C1C1C,0x1C1C1C1C,0x1C1C1C1C,0x1C1C1C1C
	.word 0x1C1C1C1C,0x1C1C1C1C,0x1C1C1C1C,0x1C1C1C1C,0x1C1C1C1C,0x1C1C1C1C,0x1C1C1C1C,0x1C1C1C1C
	.word 0x1C1C1C1C,0x1C1C1C1C,0x1C1C1C1C,0x1C1C1C1C,0x1C1C1C1C,0x1C1C1C1C,0x1C1C1C1C,0x1C1C1C1C
	.word 0x1C1C1C1C,0x1C1C1C1C,0x1C1C1C1C,0x1C1C1C1C,0x1C1C1C1C,0x1C1C1C1C,0x1C1C1C1C,0xE21C1C1C

	.word 0x1C1C1C1C,0x1C1C1C1C,0x1C1C1C1C,0x1C1C1C1C,0x1C1C1C1C,0x1C1C1C1C,0x1C1C1C1C,0x1C1C1C1C
	.word 0x1C1C1C1C,0x1C1C1C1C,0x1C1C1C1C,0x1C1C1C1C,0x1C1C1C1C,0x1C1C1C1C,0x1C1C1C1C,0x1C1C1C1C
	.word 0x1C1C1C1C,0x1C1C1C1C,0x1C1C1C1C,0x1C1C1C1C,0x1C1C1C1C,0x1C1C1C1C,0x1C1C1C1C,0x1C1C1C1C
	.word 0x1C1C1C1C,0x1C1C1C1C,0x1C1C1C1C,0x1C1C1C1C,0x1C1C1C1C,0x1C1C1C1C,0x1C1C1C1C,0x1C1C1C1C
	.word 0x1C1C1C1C,0x1C1C1C1C,0x1C1C1C1C,0x1C1C1C1C,0x1C1C1C1C,0x1C1C1C1C,0x1C1C1C1C,0x1C1C1C1C
	.word 0x1C1C1C1C,0x1C1C1C1C,0x1C1C1C1C,0x1C1C1C1C,0x1C1C1C1C,0x1C1C1C1C,0x1C1C1C1C,0x1C1C1C1C
	.word 0x1C1C1C1C,0x1C1C1C1C,0x1C1C1C1C,0x1C1C1C1C,0x1C1C1C1C,0x1C1C1C1C,0x1C1C1C1C,0x1C1C1C1C
	.word 0x1C1C1C1C,0x1C1C1C1C,0x1C1C1C1C,0x1C1C1C1C,0x1C1C1C1C,0x1C1C1C1C,0x1C1C1C1C,0xE21C1C1C

	.word 0x1C1C1C1C,0x1C1C1C1C,0x1C1C1C1C,0x1C1C1C1C,0x1C1C1C1C,0x1C1C1C1C,0x1C1C1C1C,0x1C1C1C1C
	.word 0x1C1C1C1C,0x1C1C1C1C,0x1C1C1C1C,0x1C1C1C1C,0x1C1C1C1C,0x1C1C1C1C,0x1C1C1C1C,0x1C1C1C1C
	.word 0x1C1C1C1C,0x1C1C1C1C,0x1C1C1C1C,0x1C1C1C1C,0x1C1C1C1C,0x1C1C1C1C,0x1C1C1C1C,0x1C1C1C1C
	.word 0x1C1C1C1C,0x1C1C1C1C,0x1C1C1C1C,0x1C1C1C1C,0x1C1C1C1C,0x1C1C1C1C,0x1C1C1C1C,0x1C1C1C1C
	.word 0x1C1C1C1C,0x1C1C1C1C,0x1C1C1C1C,0x1C1C1C1C,0x1C1C1C1C,0x1C1C1C1C,0x1C1C1C1C,0x1C1C1C1C
	.word 0x1C1C1C1C,0x1C1C1C1C,0x1C1C1C1C,0x1C1C1C1C,0x1C1C1C1C,0x1C1C1C1C,0x1C1C1C1C,0x1C1C1C1C
	.word 0x1C1C1C1C,0x1C1C1C1C,0x1C1C1C1C,0x1C1C1C1C,0x1C1C1C1C,0x1C1C1C1C,0x1C1C1C1C,0x1C1C1C1C
	.word 0x1C1C1C1C,0x1C1C1C1C,0x1C1C1C1C,0x1C1C1C1C,0x1C1C1C1C,0x1C1C1C1C,0x1C1C1C1C,0xE21C1C1C

	.section .rodata
	.align	2
	.global generalPal		@ 512 unsigned chars
	.hidden generalPal
generalPal:
	.hword 0x0000,0x5588,0x0CE3,0x6739,0x10EC,0x1199,0x2229,0x65EA
	.hword 0x0461,0x6F7B,0x1E99,0x2924,0x192E,0x4A32,0x0C88,0x66CA
	.hword 0x19A7,0x0001,0x3A55,0x1461,0x2DD1,0x10EB,0x7FFF,0x5F2F
	.hword 0x0464,0x1D51,0x1CE3,0x3565,0x2AAB,0x0423,0x1A58,0x1EDC
	.hword 0x4A07,0x5AB3,0x4AFC,0x77BD,0x0866,0x764B,0x4F13,0x4715
	.hword 0x1C82,0x0401,0x732B,0x150D,0x39AC,0x0020,0x1145,0x2989
	.hword 0x1DE8,0x266A,0x0C61,0x10AA,0x14A4,0x0C64,0x116E,0x0400
	.hword 0x11DB,0x5EA9,0x0821,0x0882,0x18EC,0x358B,0x41F0,0x36F8

	.hword 0x0444,0x3E78,0x0022,0x1930,0x6318,0x10CB,0x10A6,0x1CE7
	.hword 0x18E9,0x0422,0x150E,0x5DC9,0x1EBB,0x1124,0x0864,0x6E0A
	.hword 0x14A2,0x5248,0x218A,0x2083,0x4F1D,0x1065,0x0823,0x2D45
	.hword 0x0886,0x1CA8,0x1CEC,0x08A3,0x0021,0x3985,0x3DCC,0x471D
	.hword 0x2503,0x0865,0x0842,0x739C,0x10CA,0x4E73,0x0420,0x0041
	.hword 0x1E08,0x1D0E,0x0863,0x18A5,0x14ED,0x66F0,0x2249,0x7E6C
	.hword 0x1CC6,0x268A,0x3A57,0x1084,0x0441,0x0042,0x1862,0x4B14
	.hword 0x14CB,0x5668,0x0043,0x1D0A,0x4298,0x0D04,0x10A9,0x0442

	.hword 0x1EDD,0x45E7,0x0C86,0x14CA,0x722A,0x1CC3,0x0462,0x1082
	.hword 0x5B10,0x08A7,0x1D2F,0x14EC,0x2DF2,0x316A,0x192F,0x1482
	.hword 0x6B5A,0x0443,0x7BDE,0x0C63,0x2D44,0x1950,0x28C4,0x41ED
	.hword 0x20E3,0x3165,0x0844,0x08A2,0x61C9,0x19C7,0x1CAA,0x224A
	.hword 0x2528,0x1066,0x1EBC,0x2209,0x1104,0x32F9,0x4299,0x0CA9
	.hword 0x22DD,0x190D,0x1E9A,0x0C87,0x0CC7,0x4E27,0x5F10,0x190E
	.hword 0x0C85,0x1A78,0x1485,0x10A5,0x7A4C,0x14CC,0x18C2,0x1CC2
	.hword 0x0421,0x4631,0x0887,0x5294,0x2D6B,0x0843,0x1D2B,0x3A56

	.hword 0x62CA,0x18C6,0x08C3,0x3585,0x39AB,0x22FD,0x294A,0x1061
	.hword 0x1125,0x3986,0x762B,0x36F9,0x14A5,0x2504,0x61E9,0x5A69
	.hword 0x0C21,0x190A,0x1D50,0x66EA,0x190F,0x18ED,0x0CA8,0x1A79
	.hword 0x31F3,0x3DCD,0x1462,0x3AF8,0x673A,0x24A3,0x2107,0x258A
	.hword 0x10C7,0x5F30,0x1545,0x42BA,0x4E28,0x0820,0x6E2A,0x4A52
	.hword 0x3E77,0x0CC3,0x1CA9,0x14AA,0x5313,0x6A0A,0x0C84,0x0482
	.hword 0x0841,0x1DC7,0x62AA,0x39A6,0x722B,0x1882,0x0CE4,0x3E98
	.hword 0x5669,0x18A2,0x55A8,0x3145,0x31F2,0x632F,0x264A,0x5A89

@}}BLOCK(general)
