
@{{BLOCK(store)

@=======================================================================
@
@	store, 256x192@8, 
@	Transparent color : FF,00,FF
@	+ palette 256 entries, not compressed
@	+ bitmap not compressed
@	Total size: 512 + 49152 = 49664
@
@	Time-stamp: 2026-04-09, 14:06:39
@	Exported by Cearn's GBA Image Transmogrifier, v0.9.2
@	( http://www.coranac.com/projects/#grit )
@
@=======================================================================

	.section .rodata
	.align	2
	.global storeBitmap		@ 49152 unsigned chars
	.hidden storeBitmap
storeBitmap:
	.word 0x05050505,0x05050000,0x05050505,0x05050505,0x05050505,0x05000005,0x05050505,0x05050505
	.word 0x05050505,0x05050505,0x05050505,0x05050505,0x05050505,0x05050505,0x05050505,0x05050505
	.word 0x05050505,0x05050505,0x05050505,0x05050505,0x05050505,0x05050505,0x05050505,0x05050505
	.word 0x05050505,0x05050505,0x00000505,0x05050505,0x05050505,0x05050505,0x05050505,0x05050000
	.word 0x05050505,0x00050505,0x05050500,0x05050505,0x05050505,0x05050505,0x05050505,0x05050505
	.word 0x05050505,0x05050505,0x05050505,0x05050505,0x05050505,0x05050505,0x05050505,0x05050505
	.word 0x05050505,0x05050505,0x05050505,0x05050505,0x05050505,0x05050505,0x05050505,0x05050505
	.word 0x05050505,0x05050505,0x00050505,0x05050500,0x05050505,0x00000505,0x05050510,0x05050505

	.word 0x05050505,0x05050000,0x05050505,0x05050505,0x05050505,0x00000005,0x00000000,0x00000000
	.word 0x00000000,0x00000000,0x00000000,0x00000000,0x00000000,0x00000000,0x00000000,0x00000000
	.word 0x00000000,0x00000000,0x00000000,0x00000000,0x00000000,0x00000000,0x00000000,0x00000000
	.word 0x00000000,0x00000000,0x00000000,0x05050505,0x05050505,0x05050505,0x05050505,0x05050000
	.word 0x05050505,0x00050505,0x00000000,0x00000000,0x00000000,0x00000000,0x00000000,0x00000000
	.word 0x00000000,0x00000000,0x00000000,0x00000000,0x00000000,0x00000000,0x00000000,0x00000000
	.word 0x00000000,0x00000000,0x00000000,0x00000000,0x00000000,0x00000000,0x00000000,0x00000000
	.word 0x00000000,0x00000000,0x00000000,0x05050500,0x05050505,0x00000505,0x00000000,0x00000000

	.word 0x05050505,0x05050000,0x05050505,0x05050505,0x05050505,0x00000005,0x00000000,0x00000000
	.word 0x00000000,0x00000000,0x00000000,0x00000000,0x00000000,0x00000000,0x00000000,0x00000000
	.word 0x00000000,0x00000000,0x00000000,0x00000000,0x00000000,0x00000000,0x00000000,0x00000000
	.word 0x00000000,0x00000000,0x00000000,0x05050505,0x05050505,0x05050505,0x05050505,0x05050000
	.word 0x05050505,0x00050505,0x00000000,0x00000000,0x00000000,0x00000000,0x00000000,0x00000000
	.word 0x00000000,0x00000000,0x00000000,0x00000000,0x00000000,0x00000000,0x00000000,0x00000000
	.word 0x00000000,0x00000000,0x00000000,0x00000000,0x00000000,0x00000000,0x00000000,0x00000000
	.word 0x00000000,0x00000000,0x00000000,0x05050500,0x05050505,0x00000505,0x00000000,0x00000000

	.word 0x05050505,0x05050000,0x05050505,0x05050505,0x05050505,0x0D000005,0x0D0D0D0D,0x0D0D0D0D
	.word 0x0D0D0D0D,0x0D0D0D0D,0x0D0D0D0D,0x0D0D0D0D,0x0D0D0D0D,0x0D0D0D0D,0x0D0D0D0D,0x0D0D0D0D
	.word 0x0D0D0D0D,0x0D0D0D0D,0x0D0D0D0D,0x0D0D0D0D,0x0D0D0D0D,0x0D0D0D0D,0x0D0D0D0D,0x0D0D0D0D
	.word 0x0D0D0D0D,0x0D0D0D0D,0x00000D0D,0x05050505,0x05050505,0x05050505,0x05050505,0x05050000
	.word 0x05050505,0x00050505,0x05050500,0x05050505,0x05050505,0x05050505,0x05050505,0x05050505
	.word 0x05050505,0x05050505,0x05050505,0x05050505,0x05050505,0x05050505,0x05050505,0x05050505
	.word 0x05050505,0x05050505,0x05050505,0x05050505,0x05050505,0x05050505,0x05001305,0x05050505
	.word 0x05050505,0x05050505,0x00050505,0x05050500,0x05050505,0x00000505,0x05050505,0x05050505

	.word 0x05050505,0x05050000,0x05050505,0x05050505,0x05050505,0x0D000005,0x0D0D0D0D,0x0D0D0D0D
	.word 0x0D0D0D0D,0x0D0D0D0D,0x0D0D0D0D,0x0D0D0D0D,0x0D0D0D0D,0x0D0D0D0D,0x0D0D0D0D,0x0D0D0D0D
	.word 0x0D0D0D0D,0x0D0D0D0D,0x0D0D0D0D,0x0D0D0D0D,0x0D0D0D0D,0x0D0D0D0D,0x0D0D0D0D,0x0D0D0D0D
	.word 0x0D0D0D0D,0x0D0D0D0D,0x00000D0D,0x05050505,0x05050505,0x05050505,0x05050505,0x05050000
	.word 0x05050505,0x00050505,0x05050500,0x05050505,0x05050505,0x05050505,0x05050505,0x05050505
	.word 0x05050505,0x05050505,0x05050505,0x05050505,0x05050505,0x05050505,0x05050505,0x05050505
	.word 0x05050505,0x05050505,0x05050505,0x05050505,0x05050505,0x05050505,0x05001305,0x05050505
	.word 0x05050505,0x05050505,0x00050505,0x05050500,0x05050505,0x00000505,0x05050505,0x05050505

	.word 0x05050505,0x05050000,0x05050505,0x05050505,0x05050505,0x0D000005,0x0D0D0D0D,0x0D0D0D0D
	.word 0x0D0D0D0D,0x0D0D0D0D,0x0D0D0D0D,0x0D0D0D0D,0x0D0D0D0D,0x0D0D0D0D,0x0D0D0D0D,0x0D0D0D0D
	.word 0x0D0D0D0D,0x0D0D0D0D,0x0D0D0D0D,0x0D0D0D0D,0x0D0D0D0D,0x0D0D0D0D,0x0D0D0D0D,0x0D0D0D0D
	.word 0x0D0D0D0D,0x0D0D0D0D,0x00000D0D,0x05050505,0x05050505,0x05050505,0x05050505,0x05050000
	.word 0x05050505,0x00050505,0x05050500,0x05050505,0x05050505,0x05050505,0x05050505,0x05050505
	.word 0x05050505,0x05050505,0x05050505,0x05050505,0x05050505,0x05050505,0x05050505,0x05050505
	.word 0x05050505,0x05050505,0x05050505,0x05050505,0x05050505,0x05050505,0x05001305,0x05050505
	.word 0x05050505,0x05050505,0x00050505,0x05050500,0x05050505,0x00000505,0x05050505,0x05050505

	.word 0x05050505,0x05050000,0x05050505,0x05050505,0x05050505,0x0D000005,0x0D0D0D0D,0x0D0D0D0D
	.word 0x0D0D0D0D,0x0D0D0D0D,0x0D0D0D0D,0x0D0D0D0D,0x0D0D0D0D,0x0D0D0D0D,0x0D0D0D0D,0x0D0D0D0D
	.word 0x0D0D0D0D,0x0D0D0D0D,0x0D0D0D0D,0x0D0D0D0D,0x0D0D0D0D,0x0D0D0D0D,0x0D0D0D0D,0x0D0D0D0D
	.word 0x0D0D0D0D,0x0D0D0D0D,0x00000D0D,0x05050505,0x05050505,0x05050505,0x05050505,0x05050000
	.word 0x05050505,0x00050505,0x05050500,0x05050505,0x05050505,0x05050505,0x05050505,0x05050505
	.word 0x05050505,0x05050505,0x05050505,0x05050505,0x05050505,0x05050505,0x05050505,0x05050505
	.word 0x05050505,0x05050505,0x05050505,0x05050505,0x05050505,0x05050505,0x05001305,0x05050505
	.word 0x05050505,0x05050505,0x00050505,0x05050500,0x05050505,0x00000505,0x05050505,0x05050505

	.word 0x05050505,0x05050000,0x05050505,0x05050505,0x05050505,0x0D000005,0x0D0D0D0D,0x0D0D0D0D
	.word 0x0D0D0D0D,0x0D0D0D0D,0x0D0D0D0D,0x0D0D0D0D,0x0D0D0D0D,0x0D0D0D0D,0x0D0D0D0D,0x0D0D0D0D
	.word 0x0D0D0D0D,0x0D0D0D0D,0x0D0D0D0D,0x0D0D0D0D,0x0D0D0D0D,0x0D0D0D0D,0x0D0D0D0D,0x0D0D0D0D
	.word 0x0D0D0D0D,0x0D0D0D0D,0x00000D0D,0x05050505,0x05050505,0x05050505,0x05050505,0x05050000
	.word 0x05050505,0x00050505,0x05050500,0x05050505,0x05050505,0x05050505,0x05050505,0x05050505
	.word 0x05050505,0x05050505,0x05050505,0x05050505,0x05050505,0x05050505,0x05050505,0x05050505
	.word 0x05050505,0x05050505,0x05050505,0x05050505,0x05050505,0x05050505,0x05001305,0x05050505
	.word 0x05050505,0x05050505,0x00050505,0x05050500,0x05050505,0x00000505,0x05050505,0x05050505

	.word 0x05050505,0x05050000,0x05050505,0x05050505,0x05050505,0x0D000005,0x0D0D0D0D,0x0D0D0D0D
	.word 0x0D0D0D0D,0x0D0D0D0D,0x0D0D0D0D,0x0D0D0D0D,0x0D0D0D0D,0x0D0D0D0D,0x0D0D0D0D,0x0D0D0D0D
	.word 0x0D0D0D0D,0x0D0D0D0D,0x0D0D0D0D,0x0D0D0D0D,0x0D0D0D0D,0x0D0D0D0D,0x0D0D0D0D,0x0D0D0D0D
	.word 0x0D0D0D0D,0x0D0D0D0D,0x00000D0D,0x05050505,0x05050505,0x05050505,0x05050505,0x05050000
	.word 0x05050505,0x00050505,0x05050500,0x05050505,0x05050505,0x00000005,0x00000000,0x00000000
	.word 0x05050500,0x05050505,0x05050505,0x05050505,0x05050505,0x05050505,0x05050505,0x05050505
	.word 0x0B050505,0x0505050B,0x05050505,0x05050505,0x05050505,0x05050505,0x05001305,0x05050505
	.word 0x05050505,0x05050505,0x00050505,0x05050500,0x05050505,0x00000505,0x05050505,0x05050505

	.word 0x05050505,0x05050000,0x05050505,0x05050505,0x05050505,0x0D000005,0x0D0D0D0D,0x0D0D0D0D
	.word 0x0D0D0D0D,0x0D0D0D0D,0x0D0D0D0D,0x0D0D0D0D,0x0D0D0D0D,0x0D0D0D0D,0x0D0D0D0D,0x0D0D0D0D
	.word 0x0D0D0D0D,0x0D0D0D0D,0x0D0D0D0D,0x0D0D0D0D,0x0D0D0D0D,0x0D0D0D0D,0x0D0D0D0D,0x0D0D0D0D
	.word 0x0D0D0D0D,0x0D0D0D0D,0x00000D0D,0x05050505,0x05050505,0x05050505,0x05050505,0x05050000
	.word 0x05050505,0x00050505,0x05050500,0x05050505,0x05050505,0x0C000000,0x0C0C0C0C,0x0C0C0C0C
	.word 0x05050000,0x05050505,0x05050505,0x05050505,0x05050505,0x0B1B0505,0x05050505,0x05051B1B
	.word 0x0B0B0505,0x05050B0B,0x05050505,0x05050505,0x05050505,0x05050505,0x05001305,0x05050505
	.word 0x05050505,0x05050505,0x00050505,0x05050500,0x05050505,0x00000505,0x05050505,0x05050505

	.word 0x05050505,0x05050000,0x05050505,0x05050505,0x05050505,0x0D000005,0x0D0D0D0D,0x0D0D0D0D
	.word 0x0D0D0D0D,0x0D0D0D0D,0x0D0D0D0D,0x0D0D0D0D,0x0D0D0D0D,0x0D0D0D0D,0x0D0D0D0D,0x0D0D0D0D
	.word 0x0D0D0D0D,0x0D0D0D0D,0x0D0D0D0D,0x0D0D0D0D,0x0D0D0D0D,0x0D0D0D0D,0x0D0D0D0D,0x0D0D0D0D
	.word 0x0D0D0D0D,0x0D0D0D0D,0x00000D0D,0x05050505,0x05050505,0x05050505,0x05050505,0x05050000
	.word 0x05050505,0x00050505,0x05050500,0x05050505,0x00000505,0x13131300,0x13131313,0x13131313
	.word 0x00000013,0x05050505,0x05050505,0x05050505,0x05050505,0x0B0B1B05,0x0505050B,0x05050505
	.word 0x0B0B0F05,0x0505050B,0x05050505,0x05050505,0x05050505,0x05050505,0x05001305,0x05050505
	.word 0x05050505,0x05050505,0x00050505,0x05050500,0x05050505,0x00000505,0x05050505,0x05050505

	.word 0x05050505,0x05050000,0x05050505,0x05050505,0x05050505,0x0D000005,0x0D0D0D0D,0x0D0D0D0D
	.word 0x0D0D0D0D,0x0D0D0D0D,0x0D0D0D0D,0x0D0D0D0D,0x0D0D0D0D,0x0D0D0D0D,0x0D0D0D0D,0x0D0D0D0D
	.word 0x0D0D0D0D,0x0D0D0D0D,0x0D0D0D0D,0x0D0D0D0D,0x0D0D0D0D,0x0D0D0D0D,0x0D0D0D0D,0x0D0D0D0D
	.word 0x0D0D0D0D,0x0D0D0D0D,0x00000D0D,0x05050505,0x05050505,0x05050505,0x05050505,0x05050000
	.word 0x05050505,0x00050505,0x05050500,0x05050505,0x13000005,0x13131313,0x13131313,0x13131313
	.word 0x00151313,0x05050505,0x05050505,0x05050505,0x0B050505,0x0B060F10,0x1B050B0B,0x0505050B
	.word 0x06060F05,0x0505050F,0x050B0B05,0x05050505,0x05050505,0x05050505,0x05001305,0x05050505
	.word 0x05050505,0x05050505,0x00050505,0x05050500,0x05050505,0x00000505,0x05050505,0x05050505

	.word 0x05050505,0x05050000,0x05050505,0x05050505,0x05050505,0x0D000005,0x0D0D0D0D,0x0D0D0D0D
	.word 0x0D0D0D0D,0x0D0D0D0D,0x0D0D0D0D,0x0D0D0D0D,0x0D0D0D0D,0x0D0D0D0D,0x0D0D0D0D,0x0D0D0D0D
	.word 0x0D0D0D0D,0x0D0D0D0D,0x0D0D0D0D,0x0D0D0D0D,0x0D0D0D0D,0x0D0D0D0D,0x0D0D0D0D,0x0D0D0D0D
	.word 0x0D0D0D0D,0x0D0D0D0D,0x00000D0D,0x05050505,0x05050505,0x05050505,0x05050505,0x05050000
	.word 0x05050505,0x00050505,0x05050500,0x05050505,0x13130000,0x13131313,0x13131313,0x13131313
	.word 0x15131313,0x05050500,0x05050505,0x05050505,0x0B0B0505,0x0606060B,0x0B0B1006,0x05050B0B
	.word 0x06060605,0x0B050505,0x0B0B0B0B,0x05050505,0x05050505,0x05050505,0x05001305,0x05050505
	.word 0x05050505,0x05050505,0x00050505,0x05050500,0x05050505,0x00000505,0x05050505,0x12050505

	.word 0x05050505,0x05050000,0x05050505,0x05050505,0x05050505,0x0D000005,0x0D0D0D0D,0x0D0D0D0D
	.word 0x0D0D0D0D,0x0D0D0D0D,0x0D0D0D0D,0x0D0D0D0D,0x0D0D0D0D,0x0D0D0D0D,0x0D0D0D0D,0x0D0D0D0D
	.word 0x0D0D0D0D,0x0D0D0D0D,0x0D0D0D0D,0x0D0D0D0D,0x0D0D0D0D,0x0D0D0D0D,0x0D0D0D0D,0x0D0D0D0D
	.word 0x0D0D0D0D,0x0D0D0D0D,0x00000D0D,0x05050505,0x05050505,0x05050505,0x05050505,0x05050000
	.word 0x05050505,0x00050505,0x05050500,0x05050505,0x13130400,0x13131313,0x13131313,0x13131313
	.word 0x13131313,0x05050000,0x05050505,0x05050505,0x0B0B0B05,0x0606060B,0x0B060606,0x05060B0B
	.word 0x1006060F,0x0B050505,0x0B0B0B0B,0x05050505,0x05050505,0x05050505,0x05001305,0x05050505
	.word 0x05050505,0x05050505,0x00050505,0x05050500,0x05050505,0x00000505,0x05050505,0x00050505

	.word 0x05050505,0x05050000,0x05050505,0x05050505,0x05050505,0x0D000005,0x0D0D0D0D,0x0D0D0D0D
	.word 0x0D0D0D0D,0x0D0D0D0D,0x0D0D0D0D,0x0D0D0D0D,0x0D0D0D0D,0x0D0D0D0D,0x0D0D0D0D,0x0D0D0D0D
	.word 0x0D0D0D0D,0x0D0D0D0D,0x0D0D0D0D,0x0D0D0D0D,0x0D0D0D0D,0x0D0D0D0D,0x0D0D0D0D,0x0D0D0D0D
	.word 0x0D0D0D0D,0x0D0D0D0D,0x00000D0D,0x05050505,0x05050505,0x05050505,0x05050505,0x05050000
	.word 0x05050505,0x00050505,0x05050500,0x05050505,0x13131300,0x00000004,0x13131300,0x13131313
	.word 0x13131313,0x0505000C,0x05050505,0x05050505,0x0B060505,0x06060F06,0x06060606,0x05060606
	.word 0x05060606,0x0B060F05,0x050B0B0B,0x05050505,0x05050505,0x05050505,0x05001305,0x05050505
	.word 0x05050505,0x05050505,0x00050505,0x05050500,0x05050505,0x00000505,0x05050505,0x00050505

	.word 0x05050505,0x05050000,0x05050505,0x05050505,0x05050505,0x0D000005,0x0D0D0D0D,0x0D0D0D0D
	.word 0x0D0D0D0D,0x0D0D0D0D,0x0D0D0D0D,0x0D0D0D0D,0x0D0D0D0D,0x0D0D0D0D,0x0D0D0D0D,0x0D0D0D0D
	.word 0x0D0D0D0D,0x0D0D0D0D,0x0D0D0D0D,0x0D0D0D0D,0x0D0D0D0D,0x0D0D0D0D,0x0D0D0D0D,0x0D0D0D0D
	.word 0x0D0D0D0D,0x0D0D0D0D,0x00000D0D,0x05050505,0x05050505,0x05050505,0x05050505,0x05050000
	.word 0x05050505,0x00050505,0x05050500,0x00050505,0x13131300,0x00000000,0x13130000,0x13131313
	.word 0x13131313,0x05000013,0x05050505,0x05050505,0x0606100F,0x06061006,0x06060606,0x0F060606
	.word 0x050F0610,0x06060605,0x05050510,0x05050505,0x05050505,0x05050505,0x05001305,0x05050505
	.word 0x05050505,0x05050505,0x00050505,0x05050500,0x05050505,0x00000505,0x05050505,0x000A0505

	.word 0x05050505,0x05050000,0x05050505,0x05050505,0x05050505,0x0D000005,0x0D0D0D0D,0x0D0D0D0D
	.word 0x0D0D0D0D,0x0D0D0D0D,0x0D0D0D0D,0x0D0D0D0D,0x0D0D0D0D,0x0D0D0D0D,0x0D0D0D0D,0x0D0D0D0D
	.word 0x0D0D0D0D,0x0D0D0D0D,0x0D0D0D0D,0x0D0D0D0D,0x0D0D0D0D,0x0D0D0D0D,0x0D0D0D0D,0x0D0D0D0D
	.word 0x0D0D0D0D,0x0D0D0D0D,0x00000D0D,0x05050505,0x05050505,0x05050505,0x05050505,0x05050000
	.word 0x05050505,0x00050505,0x05050500,0x00050505,0x0C131300,0x13131300,0x00040000,0x00000000
	.word 0x00000000,0x05000C13,0x05050505,0x05050505,0x06060606,0x060F0606,0x06060606,0x0F060606
	.word 0x051B0505,0x10060605,0x05050505,0x05050505,0x05050505,0x05050505,0x05001305,0x05050505
	.word 0x05050505,0x05050505,0x00050505,0x05050500,0x05050505,0x00000505,0x05050505,0x00120505

	.word 0x05050505,0x05050000,0x05050505,0x05050505,0x05050505,0x0D000005,0x0D0D0D0D,0x0D0D0D0D
	.word 0x0D0D0D0D,0x0D0D0D0D,0x0D0D0D0D,0x0D0D0D0D,0x0D0D0D0D,0x0D0D0D0D,0x0D0D0D0D,0x0D0D0D0D
	.word 0x0D0D0D0D,0x0D0D0D0D,0x0D0D0D0D,0x0D0D0D0D,0x0D0D0D0D,0x0D0D0D0D,0x0D0D0D0D,0x0D0D0D0D
	.word 0x0D0D0D0D,0x0D0D0D0D,0x00000D0D,0x05050505,0x05050505,0x05050505,0x05050505,0x05050000
	.word 0x05050505,0x00050505,0x05050500,0x00050505,0x0C131300,0x000C0000,0x00000000,0x00000000
	.word 0x00000000,0x05000000,0x05050505,0x05050505,0x0606060F,0x0F060606,0x06060606,0x10060606
	.word 0x05050505,0x05060605,0x050B0505,0x05050505,0x05050505,0x05050505,0x05001305,0x05050505
	.word 0x05050505,0x05050505,0x00130505,0x05050500,0x05050505,0x00000505,0x05050505,0x00000505

	.word 0x05050505,0x05050000,0x05050505,0x05050505,0x05050505,0x0D000005,0x0D0D0D0D,0x0D0D0D0D
	.word 0x0D0D0D0D,0x0D0D0D0D,0x0D0D0D0D,0x0D0D0D0D,0x0D0D0D0D,0x0D0D0D0D,0x0D0D0D0D,0x0D0D0D0D
	.word 0x0D0D0D0D,0x0D0D0D0D,0x0D0D0D0D,0x0D0D0D0D,0x0D0D0D0D,0x0D0D0D0D,0x0D0D0D0D,0x0D0D0D0D
	.word 0x0D0D0D0D,0x0D0D0D0D,0x00000D0D,0x05050505,0x05050505,0x05050505,0x05050505,0x05050000
	.word 0x05050505,0x00050505,0x05050500,0x00050505,0x04131313,0x00000000,0x0A0A0A00,0x0A0A0A0A
	.word 0x0A0A0A0A,0x00000A0A,0x05050500,0x05050505,0x06060605,0x10060606,0x06060606,0x06060606
	.word 0x1B05050F,0x05100606,0x0B0B0B05,0x05050505,0x05050505,0x05050505,0x05001305,0x05050505
	.word 0x05050505,0x1000001A,0x0000001C,0x05050500,0x05050505,0x00000505,0x05050505,0x12000505

	.word 0x05050505,0x05050000,0x05050505,0x05050505,0x05050505,0x0D000005,0x0D0D0D0D,0x0D0D0D0D
	.word 0x0D0D0D0D,0x0D0D0D0D,0x0D0D0D0D,0x0D0D0D0D,0x0D0D0D0D,0x0D0D0D0D,0x0D0D0D0D,0x0D0D0D0D
	.word 0x0D0D0D0D,0x0D0D0D0D,0x0D0D0D0D,0x0D0D0D0D,0x0D0D0D0D,0x0D0D0D0D,0x0D0D0D0D,0x0D0D0D0D
	.word 0x0D0D0D0D,0x0D0D0D0D,0x00000D0D,0x05050505,0x05050505,0x05050505,0x05050505,0x05050000
	.word 0x05050505,0x00050505,0x05050500,0x00050505,0x00001313,0x0A0A0A0A,0x0A0A0A0A,0x0A0A0A0A
	.word 0x0A0A0A0A,0x0A0A0A0A,0x05000000,0x05050505,0x06060605,0x06060606,0x0606060F,0x06060606
	.word 0x0B0B0F06,0x05050606,0x0B0B0B05,0x0505050B,0x05050505,0x05050505,0x05001305,0x05050505
	.word 0x15050505,0x00000000,0x00000000,0x05050500,0x05050505,0x00000505,0x05050505,0x12000505

	.word 0x05050505,0x05050000,0x05050505,0x05050505,0x05050505,0x0D000005,0x0D0D0D0D,0x0D0D0D0D
	.word 0x0D0D0D0D,0x0D0D0D0D,0x0D0D0D0D,0x0D0D0D0D,0x0D0D0D0D,0x0D0D0D0D,0x0D0D0D0D,0x0D0D0D0D
	.word 0x0D0D0D0D,0x0D0D0D0D,0x0D0D0D0D,0x0D0D0D0D,0x0D0D0D0D,0x0D0D0D0D,0x0D0D0D0D,0x0D0D0D0D
	.word 0x0D0D0D0D,0x0D0D0D0D,0x00000D0D,0x05050505,0x05050505,0x05050505,0x05050505,0x05050000
	.word 0x05050505,0x00050505,0x05050500,0x00050505,0x0A000013,0x0A0A0A0A,0x0A0A0A0A,0x0A0A0A0A
	.word 0x0A0A0A0A,0x0A0A0A0A,0x0000000A,0x05050505,0x0F100505,0x06060B0B,0x0F06060F,0x06060B0B
	.word 0x0B0B0B10,0x0505100B,0x050B0B0B,0x05050505,0x05050505,0x05050505,0x05001305,0x05050505
	.word 0x00000505,0x00000000,0x00000000,0x05050500,0x05050505,0x00000505,0x05050505,0x12000505

	.word 0x05050505,0x05050000,0x05050505,0x05050505,0x05050505,0x0D000005,0x0D0D0D0D,0x0D0D0D0D
	.word 0x0D0D0D0D,0x0D0D0D0D,0x0D0D0D0D,0x0D0D0D0D,0x0D0D0D0D,0x0D0D0D0D,0x0D0D0D0D,0x0D0D0D0D
	.word 0x0D0D0D0D,0x0D0D0D0D,0x0D0D0D0D,0x0D0D0D0D,0x0D0D0D0D,0x0D0D0D0D,0x0D0D0D0D,0x0D0D0D0D
	.word 0x0D0D0D0D,0x0D0D0D0D,0x00000D0D,0x05050505,0x05050505,0x05050505,0x05050505,0x05050000
	.word 0x05050505,0x00050505,0x05050500,0x00050505,0x0A0A0000,0x0A0A0A0A,0x0A0A0A0A,0x0A0A0A0A
	.word 0x0A0A0A0A,0x0A0A0A0A,0x000A0A0A,0x05050500,0x0B050505,0x06060B0B,0x0B100606,0x060B0B0B
	.word 0x0B060610,0x0F050506,0x05060606,0x05050505,0x05050505,0x05050505,0x05001305,0x1A130505
	.word 0x0000001A,0x18180A00,0x000A0A18,0x05050500,0x05050505,0x00000505,0x05050505,0x13001005

	.word 0x05050505,0x05050000,0x05050505,0x05050505,0x05050505,0x0D000005,0x0D0D0D0D,0x0D0D0D0D
	.word 0x0D0D0D0D,0x0D0D0D0D,0x0D0D0D0D,0x0D0D0D0D,0x0D0D0D0D,0x0D0D0D0D,0x0D0D0D0D,0x0D0D0D0D
	.word 0x0D0D0D0D,0x0D0D0D0D,0x0D0D0D0D,0x0D0D0D0D,0x0D0D0D0D,0x0D0D0D0D,0x0D0D0D0D,0x0D0D0D0D
	.word 0x0D0D0D0D,0x0D0D0D0D,0x00000D0D,0x05050505,0x05050505,0x05050505,0x05050505,0x05050000
	.word 0x05050505,0x00050505,0x05050500,0x00000505,0x0A0A0A00,0x0A0A0A0A,0x0A0A0A0A,0x0A0A0A0A
	.word 0x0A0A0A0A,0x0A0A0A0A,0x0A0A0A0A,0x05050000,0x05050505,0x06060B0B,0x0B060606,0x06060B0B
	.word 0x06060606,0x060F0506,0x05050606,0x05050505,0x05050505,0x05050505,0x05001305,0x00000505
	.word 0x1A000000,0x0A0A0A0A,0x000A0A0A,0x05050500,0x05050505,0x00000505,0x05050505,0x13000005

	.word 0x05050505,0x05050000,0x05050505,0x05050505,0x05050505,0x0D000005,0x0D0D0D0D,0x0D0D0D0D
	.word 0x0D0D0D0D,0x0D0D0D0D,0x0D0D0D0D,0x0D0D0D0D,0x0D0D0D0D,0x0D0D0D0D,0x0D0D0D0D,0x0D0D0D0D
	.word 0x0D0D0D0D,0x0D0D0D0D,0x0D0D0D0D,0x0D0D0D0D,0x0D0D0D0D,0x0D0D0D0D,0x0D0D0D0D,0x0D0D0D0D
	.word 0x0D0D0D0D,0x0D0D0D0D,0x00000D0D,0x05050505,0x05050505,0x05050505,0x05050505,0x05050000
	.word 0x05050505,0x00050505,0x05050500,0x0A000005,0x0A0A0A0A,0x0A0A0A0A,0x0A0A0A0A,0x0A0A0A0A
	.word 0x0A0A0A0A,0x0A0A0A0A,0x0A0A0A0A,0x0500000A,0x05050505,0x06050505,0x06060606,0x06060606
	.word 0x06060606,0x06060F10,0x05051006,0x05050505,0x05050505,0x05050505,0x05001305,0x00000005
	.word 0x0A1A0000,0x0A0A0A0A,0x000A0A0A,0x05050500,0x05050505,0x00000505,0x05050505,0x13000005

	.word 0x05050505,0x05050000,0x05050505,0x05050505,0x05050505,0x0D000005,0x0D0D0D0D,0x0D0D0D0D
	.word 0x0D0D0D0D,0x0D0D0D0D,0x0D0D0D0D,0x0D0D0D0D,0x0D0D0D0D,0x0D0D0D0D,0x0D0D0D0D,0x0D0D0D0D
	.word 0x0D0D0D0D,0x0D0D0D0D,0x0D0D0D0D,0x0D0D0D0D,0x0D0D0D0D,0x0D0D0D0D,0x0D0D0D0D,0x0D0D0D0D
	.word 0x0D0D0D0D,0x0D0D0D0D,0x00000D0D,0x05050505,0x05050505,0x05050505,0x05050505,0x05050000
	.word 0x05050505,0x00050505,0x05050500,0x0A0A0005,0x0A0A0A0A,0x0A0A0A0A,0x00000A0A,0x00000000
	.word 0x0A0A0A00,0x0A0A0A0A,0x0A0A0A0A,0x05000A0A,0x05050505,0x06060505,0x06060606,0x06060606
	.word 0x06060606,0x0606060F,0x05050510,0x05050505,0x05050505,0x05050505,0x05001305,0x18000013
	.word 0x0A0A0A0A,0x0A0A0A0A,0x000A0A0A,0x05050500,0x05050505,0x00000505,0x05050505,0x13000005

	.word 0x05050505,0x05050000,0x05050505,0x05050505,0x05050505,0x0D000005,0x0D0D0D0D,0x0D0D0D0D
	.word 0x0D0D0D0D,0x0D0D0D0D,0x0D0D0D0D,0x0D0D0D0D,0x0D0D0D0D,0x0D0D0D0D,0x0D0D0D0D,0x0D0D0D0D
	.word 0x0D0D0D0D,0x0D0D0D0D,0x0D0D0D0D,0x0D0D0D0D,0x0D0D0D0D,0x0D0D0D0D,0x0D0D0D0D,0x0D0D0D0D
	.word 0x0D0D0D0D,0x0D0D0D0D,0x00000D0D,0x05050505,0x05050505,0x05050505,0x05050505,0x05050000
	.word 0x05050505,0x00050505,0x05050500,0x0A000005,0x0A0A0A0A,0x00000000,0x00000000,0x00000000
	.word 0x0A0A0000,0x0A0A0A0A,0x0A0A0A0A,0x00000A0A,0x05050505,0x06060505,0x06060606,0x06060606
	.word 0x06060606,0x10060606,0x05050505,0x05050505,0x05050505,0x05050505,0x05001305,0x0A000000
	.word 0x0A0A0A0A,0x0A0A0A0A,0x000A0A0A,0x05050500,0x05050505,0x00000505,0x05050505,0x13000005

	.word 0x05050505,0x05050000,0x05050505,0x05050505,0x05050505,0x0D000005,0x0D0D0D0D,0x0D0D0D0D
	.word 0x0D0D0D0D,0x0D0D0D0D,0x0D0D0D0D,0x0D0D0D0D,0x0D0D0D0D,0x0D0D0D0D,0x0D0D0D0D,0x0D0D0D0D
	.word 0x0D0D0D0D,0x0D0D0D0D,0x0D0D0D0D,0x0D0D0D0D,0x0D0D0D0D,0x0D0D0D0D,0x0D0D0D0D,0x0D0D0D0D
	.word 0x0D0D0D0D,0x0D0D0D0D,0x00000D0D,0x05050505,0x05050505,0x05050505,0x05050505,0x05050000
	.word 0x05050505,0x00050505,0x05050500,0x0A000005,0x0A0A0A0A,0x0E0E0000,0x0E0E0E0E,0x0E0E0E0E
	.word 0x0A00000E,0x0A0A0A0A,0x0A0A0A0A,0x00000A0A,0x05050505,0x06060505,0x06060606,0x06060606
	.word 0x06060606,0x05100606,0x05050505,0x05050505,0x05050505,0x05050505,0x10001305,0x0A0A0000
	.word 0x0A0A0A0A,0x0A0A0A0A,0x000A0A0A,0x05050500,0x05050505,0x00000505,0x05050505,0x13000005

	.word 0x05050505,0x05050000,0x05050505,0x05050505,0x05050505,0x0D000005,0x0D0D0D0D,0x0D0D0D0D
	.word 0x0D0D0D0D,0x0D0D0D0D,0x0D0D0D0D,0x0D0D0D0D,0x0D0D0D0D,0x0D0D0D0D,0x0D0D0D0D,0x0D0D0D0D
	.word 0x0D0D0D0D,0x0D0D0D0D,0x0D0D0D0D,0x0D0D0D0D,0x0D0D0D0D,0x0D0D0D0D,0x0D0D0D0D,0x0D0D0D0D
	.word 0x0D0D0D0D,0x0D0D0D0D,0x00000D0D,0x05050505,0x05050505,0x05050505,0x05050505,0x05050000
	.word 0x05050505,0x00050505,0x05050500,0x0A0A0005,0x000A0A0A,0x0E0E0E00,0x0E0E0E0E,0x0E0E0E0E
	.word 0x00000E0E,0x0A0A0A00,0x0A0A0A0A,0x000A0A0A,0x00050505,0x00000000,0x00000000,0x00000000
	.word 0x00000000,0x05000000,0x05050505,0x05050505,0x05050505,0x05050505,0x00001305,0x0A0A0000
	.word 0x0A0A0A0A,0x0A0A0A0A,0x000A0A0A,0x05050500,0x05050505,0x00000505,0x05050505,0x13040005

	.word 0x05050505,0x05050000,0x05050505,0x05050505,0x05050505,0x0D000005,0x0D0D0D0D,0x0D0D0D0D
	.word 0x0D0D0D0D,0x0D0D0D0D,0x0D0D0D0D,0x0D0D0D0D,0x0D0D0D0D,0x0D0D0D0D,0x0D0D0D0D,0x0D0D0D0D
	.word 0x0D0D0D0D,0x0D0D0D0D,0x0D0D0D0D,0x0D0D0D0D,0x0D0D0D0D,0x0D0D0D0D,0x0D0D0D0D,0x0D0D0D0D
	.word 0x0D0D0D0D,0x0D0D0D0D,0x00000D0D,0x05050505,0x05050505,0x05050505,0x05050505,0x05050000
	.word 0x05050505,0x00050505,0x05050500,0x0A0A0000,0x00000A0A,0x0E0E0E0E,0x0E0E0E0E,0x0E0E0E0E
	.word 0x000E0E0E,0x0A0A0000,0x0A0A0A0A,0x000A0A0A,0x00000505,0x00000000,0x00000000,0x00000000
	.word 0x00000000,0x00000000,0x05050505,0x05050505,0x05050505,0x05050505,0x00001305,0x0A0A0000
	.word 0x0A0A0A0A,0x0A0A0A0A,0x000A0A0A,0x05050500,0x05050505,0x00000505,0x05050505,0x13120008

	.word 0x05050505,0x05050000,0x05050505,0x05050505,0x05050505,0x0D000005,0x0D0D0D0D,0x0D0D0D0D
	.word 0x0D0D0D0D,0x0D0D0D0D,0x0D0D0D0D,0x0D0D0D0D,0x0D0D0D0D,0x0D0D0D0D,0x0D0D0D0D,0x0D0D0D0D
	.word 0x0D0D0D0D,0x0D0D0D0D,0x0D0D0D0D,0x0D0D0D0D,0x0D0D0D0D,0x0D0D0D0D,0x0D0D0D0D,0x0D0D0D0D
	.word 0x0D0D0D0D,0x0D0D0D0D,0x00000D0D,0x05050505,0x05050505,0x05050505,0x05050505,0x05050000
	.word 0x05050505,0x00050505,0x05050500,0x0A0A0A00,0x0E00000A,0x0E0E0E0E,0x0E0E0E0E,0x0E0E0E0E
	.word 0x0E0E0E0E,0x0A0A000E,0x0A0A0A0A,0x000A0A0A,0x00000505,0x00000000,0x00000000,0x00000000
	.word 0x00000000,0x00000000,0x05050505,0x18050505,0x150A1515,0x15151515,0x00001815,0x0A0A0A00
	.word 0x0A0A0A0A,0x0A0A0A0A,0x000A0A0A,0x05050500,0x05050505,0x00000505,0x05050505,0x13130010

	.word 0x05050505,0x05050000,0x05050505,0x05050505,0x05050505,0x0D000005,0x0D0D0D0D,0x0D0D0D0D
	.word 0x0D0D0D0D,0x0D0D0D0D,0x0D0D0D0D,0x0D0D0D0D,0x0D0D0D0D,0x0D0D0D0D,0x0D0D0D0D,0x0D0D0D0D
	.word 0x0D0D0D0D,0x0D0D0D0D,0x0D0D0D0D,0x0D0D0D0D,0x0D0D0D0D,0x0D0D0D0D,0x0D0D0D0D,0x0D0D0D0D
	.word 0x0D0D0D0D,0x0D0D0D0D,0x00000D0D,0x05050505,0x05050505,0x05050505,0x05050505,0x05050000
	.word 0x05050505,0x00050505,0x05050500,0x0A0A0A00,0x0E0E000A,0x0E0E0E0E,0x0E0E0E0E,0x0E0E0E0E
	.word 0x0E0E0E0E,0x0000000E,0x0A0A0A0A,0x000A0A0A,0x00000505,0x00000000,0x00000000,0x00000000
	.word 0x00000000,0x00000000,0x05050505,0x00000015,0x00000000,0x00000000,0x00000000,0x0A0A0000
	.word 0x0A0A0A0A,0x0A0A0A0A,0x000A0A0A,0x05050500,0x05050505,0x00000505,0x05050505,0x13130010

	.word 0x05050505,0x05050000,0x05050505,0x05050505,0x05050505,0x0D000005,0x0D0D0D0D,0x0D0D0D0D
	.word 0x0D0D0D0D,0x0D0D0D0D,0x0D0D0D0D,0x0D0D0D0D,0x0D0D0D0D,0x0D0D0D0D,0x0D0D0D0D,0x0D0D0D0D
	.word 0x0D0D0D0D,0x0D0D0D0D,0x0D0D0D0D,0x0D0D0D0D,0x0D0D0D0D,0x0D0D0D0D,0x0D0D0D0D,0x0D0D0D0D
	.word 0x0D0D0D0D,0x0D0D0D0D,0x00000D0D,0x05050505,0x05050505,0x05050505,0x05050505,0x05050000
	.word 0x05050505,0x00050505,0x00050500,0x0A0A0A00,0x0E0E000A,0x0000000E,0x0E0E0000,0x0E0E0E0E
	.word 0x0E0E0E0E,0x000E0E0E,0x0A0A0000,0x000A0A0A,0x00050500,0x00000000,0x00000000,0x00000000
	.word 0x00000000,0x00000000,0x00001C05,0x00000000,0x00000000,0x00000000,0x00000000,0x00000000
	.word 0x0A0A0A1A,0x0A0A0A0A,0x000A0A0A,0x05050500,0x05050505,0x00000505,0x05050505,0x13130010

	.word 0x05050505,0x05050000,0x05050505,0x05050505,0x05050505,0x0D000005,0x0D0D0D0D,0x0D0D0D0D
	.word 0x0D0D0D0D,0x0D0D0D0D,0x0D0D0D0D,0x0D0D0D0D,0x0D0D0D0D,0x0D0D0D0D,0x0D0D0D0D,0x0D0D0D0D
	.word 0x0D0D0D0D,0x0D0D0D0D,0x0D0D0D0D,0x0D0D0D0D,0x0D0D0D0D,0x0D0D0D0D,0x0D0D0D0D,0x0D0D0D0D
	.word 0x0D0D0D0D,0x0D0D0D0D,0x00000D0D,0x05050505,0x05050505,0x05050505,0x05050505,0x05050000
	.word 0x05050505,0x00050505,0x05050500,0x0A0A0000,0x0E0E000A,0x07000000,0x0E000007,0x000E0E0E
	.word 0x00000000,0x0E0E0E0E,0x0A0A0000,0x0A0A0A0A,0x00050500,0x00000000,0x00000000,0x00000000
	.word 0x00000000,0x00000000,0x00000000,0x0B0B0000,0x0B0B0B0B,0x0B0B0B0B,0x0B0B0B0B,0x00000000
	.word 0x0A0A0A00,0x0A0A0A0A,0x000A0A0A,0x05050500,0x05050505,0x00000505,0x05050505,0x13130010

	.word 0x05050505,0x05050000,0x05050505,0x05050505,0x05050505,0x0D000005,0x0D0D0D0D,0x0D0D0D0D
	.word 0x0D0D0D0D,0x0D0D0D0D,0x0D0D0D0D,0x0D0D0D0D,0x0D0D0D0D,0x0D0D0D0D,0x0D0D0D0D,0x0D0D0D0D
	.word 0x0D0D0D0D,0x0D0D0D0D,0x0D0D0D0D,0x0D0D0D0D,0x0D0D0D0D,0x0D0D0D0D,0x0D0D0D0D,0x0D0D0D0D
	.word 0x0D0D0D0D,0x0D0D0D0D,0x00000D0D,0x05050505,0x05050505,0x05050505,0x05050505,0x05050000
	.word 0x05050505,0x00050505,0x05050500,0x0A0A0000,0x0E0E000A,0x00000000,0x00070707,0x00000E0E
	.word 0x00070700,0x0E0E0E00,0x0A00000E,0x0A0A0A0A,0x00050500,0x00000000,0x00000000,0x00000000
	.word 0x00000000,0x00000000,0x00000000,0x0B0B0B0B,0x0B0B0B0B,0x0B0B0B0B,0x0B0B0B0B,0x000B0B0B
	.word 0x0A0A0000,0x0A0A0A0A,0x000A0A0A,0x05050500,0x05050505,0x00000505,0x05050505,0x13130010

	.word 0x05050505,0x05050000,0x05050505,0x05050505,0x05050505,0x0D000005,0x0D0D0D0D,0x0D0D0D0D
	.word 0x0D0D0D0D,0x0D0D0D0D,0x0D0D0D0D,0x0D0D0D0D,0x0D0D0D0D,0x0D0D0D0D,0x0D0D0D0D,0x0D0D0D0D
	.word 0x0D0D0D0D,0x0D0D0D0D,0x0D0D0D0D,0x0D0D0D0D,0x0D0D0D0D,0x0D0D0D0D,0x0D0D0D0D,0x0D0D0D0D
	.word 0x0D0D0D0D,0x0D0D0D0D,0x00000D0D,0x05050505,0x05050505,0x05050505,0x05050505,0x05050000
	.word 0x05050505,0x00050505,0x05050500,0x0A000005,0x0E0E0000,0x00000000,0x00000707,0x0000000E
	.word 0x07070000,0x0E0E0000,0x0A000E0E,0x000A0A0A,0x00050500,0x00000000,0x00000000,0x00000000
	.word 0x00000000,0x00000000,0x0B0B0B00,0x0B0B0B0B,0x0B0B0B0B,0x0B0B0B0B,0x0B0B0B0B,0x0B0B0B0B
	.word 0x0A000000,0x0A0A0A0A,0x000A0A0A,0x05050500,0x05050505,0x00000505,0x05050505,0x13130000

	.word 0x05050505,0x05050000,0x05050505,0x05050505,0x05050505,0x0D000005,0x0D0D0D0D,0x0D0D0D0D
	.word 0x0D0D0D0D,0x0D0D0D0D,0x0D0D0D0D,0x0D0D0D0D,0x0D0D0D0D,0x0D0D0D0D,0x0D0D0D0D,0x0D0D0D0D
	.word 0x0D0D0D0D,0x0D0D0D0D,0x0D0D0D0D,0x0D0D0D0D,0x0D0D0D0D,0x0D0D0D0D,0x0D0D0D0D,0x0D0D0D0D
	.word 0x0D0D0D0D,0x0D0D0D0D,0x00000D0D,0x05050505,0x05050505,0x05050505,0x05050505,0x05050000
	.word 0x05050505,0x00050505,0x05050500,0x00000005,0x0E0E0E00,0x00000000,0x00000000,0x0000000E
	.word 0x07070700,0x0E0E0000,0x0A000E0E,0x0000000A,0x05050505,0x00000000,0x00000000,0x00000000
	.word 0x00000000,0x00000000,0x0B0B0B0B,0x0B0B0B0B,0x0B0B0B0B,0x0B0B0B0B,0x0B0B0B0B,0x0B0B0B0B
	.word 0x18000000,0x0A0A0A0A,0x000A0A0A,0x05050500,0x05050505,0x00000505,0x05050505,0x13130000

	.word 0x05050505,0x05050000,0x05050505,0x05050505,0x05050505,0x0D000005,0x0D0D0D0D,0x0D0D0D0D
	.word 0x0D0D0D0D,0x0D0D0D0D,0x0D0D0D0D,0x0D0D0D0D,0x0D0D0D0D,0x0D0D0D0D,0x0D0D0D0D,0x0D0D0D0D
	.word 0x0D0D0D0D,0x0D0D0D0D,0x0D0D0D0D,0x0D0D0D0D,0x0D0D0D0D,0x0D0D0D0D,0x0D0D0D0D,0x0D0D0D0D
	.word 0x0D0D0D0D,0x0D0D0D0D,0x00000D0D,0x05050500,0x05050505,0x05050505,0x05050505,0x05050000
	.word 0x05050505,0x00050505,0x05050500,0x00040005,0x0E0E0E00,0x00000E0E,0x00000000,0x00000E0E
	.word 0x00000000,0x0E0E0E00,0x00000E0E,0x0505000A,0x05050505,0x00000000,0x00000000,0x00000000
	.word 0x00000000,0x0B000000,0x0B0B0B0B,0x0B0B0B0B,0x0B0B0B0B,0x0B0B0B0B,0x0B0B0B0B,0x0B0B0B0B
	.word 0x0000000B,0x0A0A0A0A,0x000A0A0A,0x05050500,0x05050505,0x00000505,0x05050505,0x13130000

	.word 0x05050505,0x05050000,0x05050505,0x05050505,0x05050505,0x0D000000,0x0D0D0D0D,0x0D0D0D0D
	.word 0x0D0D0D0D,0x0D0D0D0D,0x0D0D0D0D,0x0D0D0D0D,0x0D0D0D0D,0x0D0D0D0D,0x0D0D0D0D,0x0D0D0D0D
	.word 0x0D0D0D0D,0x0D0D0D0D,0x0D0D0D0D,0x0D0D0D0D,0x0D0D0D0D,0x0D0D0D0D,0x0D0D0D0D,0x0D0D0D0D
	.word 0x0D0D0D0D,0x0D0D0D0D,0x000D0D0D,0x05050000,0x05050505,0x05050505,0x05050505,0x05050000
	.word 0x05050505,0x00050505,0x05050500,0x00150005,0x0E0E0E00,0x0E0E0E0E,0x0E00000E,0x0E0E0E0E
	.word 0x0E0E0E0E,0x0E0E0E0E,0x00000E0E,0x0505000A,0x05050505,0x00000000,0x00000000,0x00000000
	.word 0x00000000,0x0B0B0000,0x0B0B0B0B,0x0B0B0B0B,0x0B0B0B0B,0x0B0B0B0B,0x0B0B0B0B,0x0B0B0B0B
	.word 0x0000000B,0x0A0A0A18,0x000A0A0A,0x05050500,0x05050505,0x00000505,0x05050505,0x13130000

	.word 0x05050505,0x05050000,0x05050505,0x05050505,0x00050505,0x0D0D0000,0x0D0D0D0D,0x0D0D0D0D
	.word 0x0D0D0D0D,0x0D0D0D0D,0x0D0D0D0D,0x0D0D0D0D,0x0D0D0D0D,0x0D0D0D0D,0x0D0D0D0D,0x0D0D0D0D
	.word 0x0D0D0D0D,0x0D0D0D0D,0x0D0D0D0D,0x0D0D0D0D,0x0D0D0D0D,0x0D0D0D0D,0x0D0D0D0D,0x0D0D0D0D
	.word 0x0D0D0D0D,0x0D0D0D0D,0x0D0D0D0D,0x05000000,0x05050505,0x05050505,0x05050505,0x05050000
	.word 0x05050505,0x00050505,0x05050500,0x00150005,0x0E0E0000,0x0E0E0E0E,0x0E000000,0x0E0E0E0E
	.word 0x0E0E0E0E,0x0E0E0E0E,0x00000E0E,0x05050000,0x05050505,0x00000005,0x00000000,0x00000000
	.word 0x00000000,0x00000000,0x0B0B0B0B,0x0B0B0B0B,0x0B0B0B0B,0x0B0B0B0B,0x0B0B0B0B,0x0B0B0B0B
	.word 0x00000B0B,0x0A0A0A00,0x000A0A0A,0x05050500,0x05050505,0x00000505,0x05050505,0x13130000

	.word 0x05050505,0x05050000,0x05050505,0x05050505,0x00000505,0x0D0D0D00,0x0D0D0D0D,0x0D0D0D0D
	.word 0x0D0D0D0D,0x0D0D0D0D,0x0D0D0D0D,0x0D0D0D0D,0x0D0D0D0D,0x0D0D0D0D,0x0D0D0D0D,0x0D0D0D0D
	.word 0x0D0D0D0D,0x0D0D0D0D,0x0D0D0D0D,0x0D0D0D0D,0x0D0D0D0D,0x0D0D0D0D,0x0D0D0D0D,0x0D0D0D0D
	.word 0x0D0D0D0D,0x0D0D0D0D,0x0D0D0D0D,0x0011000D,0x05050505,0x05050505,0x05050505,0x05050000
	.word 0x05050505,0x00050505,0x05050500,0x04150005,0x0E0E0000,0x0E0E0E0E,0x0E000000,0x0E0E0E0E
	.word 0x0E0E0E0E,0x0E0E0E0E,0x0000000E,0x05050000,0x05050505,0x00000005,0x00000000,0x00000000
	.word 0x00000000,0x00000000,0x0B0B0B00,0x0B0B0B0B,0x000B0B0B,0x00000000,0x0B000000,0x0B0B0B0B
	.word 0x000B0B0B,0x0A0A1800,0x000A0A0A,0x05050500,0x05050505,0x00000505,0x05050505,0x13130000

	.word 0x05050505,0x05050000,0x05050505,0x05050505,0x00000005,0x0D0D0D0D,0x0D0D0D0D,0x0D0D0D0D
	.word 0x0D0D0D0D,0x0D0D0D0D,0x0D0D0D0D,0x0D0D0D0D,0x0D0D0D0D,0x0D0D0D0D,0x0D0D0D0D,0x0D0D0D0D
	.word 0x0D0D0D0D,0x0D0D0D0D,0x0D0D0D0D,0x0D0D0D0D,0x0D0D0D0D,0x0D0D0D0D,0x0D0D0D0D,0x0D0D0D0D
	.word 0x0D0D0D0D,0x0D0D0D0D,0x0D0D0D0D,0x11000D0D,0x05050511,0x05050505,0x05050505,0x05050000
	.word 0x05050505,0x00050505,0x05050500,0x13150005,0x0E0E0000,0x0E0E0E0E,0x0E00000E,0x0E0E0E0E
	.word 0x0E0E0E0E,0x0E0E0E0E,0x0000000E,0x05050500,0x05050505,0x00000005,0x00000000,0x00000000
	.word 0x00000000,0x00070700,0x0B0B0000,0x0B0B0B0B,0x0000000B,0x00000000,0x00000000,0x0B0B0B0B
	.word 0x000B0B0B,0x0A0A0000,0x000A0A0A,0x05050500,0x05050505,0x00000505,0x05050505,0x13130000

	.word 0x05050505,0x05050000,0x05050505,0x00050505,0x0D000000,0x0D0D0D0D,0x0D0D0D0D,0x0D0D0D0D
	.word 0x0D0D0D0D,0x0D0D0D0D,0x0D0D0D0D,0x0D0D0D0D,0x0D0D0D0D,0x0D0D0D0D,0x0D0D0D0D,0x0D0D0D0D
	.word 0x0D0D0D0D,0x0D0D0D0D,0x0D0D0D0D,0x0D0D0D0D,0x0D0D0D0D,0x0D0D0D0D,0x0D0D0D0D,0x0D0D0D0D
	.word 0x0D0D0D0D,0x0D0D0D0D,0x0D0D0D0D,0x000D0D0D,0x05050011,0x05050505,0x05050505,0x05050000
	.word 0x05050505,0x00050505,0x05050500,0x13150005,0x0E000000,0x00000E0E,0x0E0E0E0E,0x0E0E0E0E
	.word 0x00000E0E,0x0E0E0E0E,0x0000000E,0x05050505,0x05050505,0x00000505,0x00000000,0x00000000
	.word 0x00000000,0x00070000,0x0B0B0000,0x0B0B0B0B,0x00000000,0x00000000,0x00000707,0x0B0B0B00
	.word 0x0B0B0B0B,0x0A0A0000,0x000A0A0A,0x05050500,0x05050505,0x00000505,0x05050505,0x13130000

	.word 0x05050505,0x05050000,0x05050505,0x00000505,0x0D0D0000,0x0D0D0D0D,0x0D0D0D0D,0x0D0D0D0D
	.word 0x0D0D0D0D,0x0D0D0D0D,0x0D0D0D0D,0x0D0D0D0D,0x0D0D0D0D,0x0D0D0D0D,0x0D0D0D0D,0x0D0D0D0D
	.word 0x0D0D0D0D,0x0D0D0D0D,0x0D0D0D0D,0x0D0D0D0D,0x0D0D0D0D,0x0D0D0D0D,0x0D0D0D0D,0x0D0D0D0D
	.word 0x0D0D0D0D,0x0D0D0D0D,0x0D0D0D0D,0x0D0D0D0D,0x05000000,0x05050505,0x05050505,0x05050000
	.word 0x05050505,0x00050505,0x00000000,0x00000000,0x00000000,0x00000E0E,0x00000000,0x00000000
	.word 0x00000000,0x0E0E0E0E,0x0000000E,0x00000000,0x00000000,0x00000000,0x00000000,0x00000000
	.word 0x00000000,0x07070000,0x0B0B0000,0x000B0B0B,0x00000000,0x07000000,0x00070707,0x0B0B0000
	.word 0x0B0B0B0B,0x00000000,0x00000000,0x05050500,0x05050505,0x00000505,0x00000000,0x00000000

	.word 0x05050505,0x05050000,0x05050505,0x00000005,0x0D0D0D00,0x0D0D0D0D,0x0D0D0D0D,0x0D0D0D0D
	.word 0x0D0D0D0D,0x0D0D0D0D,0x0D0D0D0D,0x0D0D0D0D,0x0D0D0D0D,0x0D0D0D0D,0x0D0D0D0D,0x0D0D0D0D
	.word 0x0D0D0D0D,0x0D0D0D0D,0x0D0D0D0D,0x0D0D0D0D,0x0D0D0D0D,0x0D0D0D0D,0x0D0D0D0D,0x0D0D0D0D
	.word 0x0D0D0D0D,0x0D0D0D0D,0x0D0D0D0D,0x0D0D0D0D,0x0000000D,0x05050505,0x05050505,0x05050000
	.word 0x05050505,0x00050505,0x00000000,0x00000000,0x00000000,0x000E0E0E,0x00000000,0x00000000
	.word 0x00000000,0x0E0E0E0E,0x0000000E,0x00000000,0x00000000,0x00000000,0x00000000,0x00000000
	.word 0x00000000,0x07070000,0x0B0B0000,0x000B0B0B,0x00000000,0x00000000,0x07070707,0x0B0B0000
	.word 0x0B0B0B0B,0x00000000,0x00000000,0x05050500,0x05050505,0x00000505,0x00000000,0x00000000

	.word 0x05050505,0x05050000,0x05050505,0x0D000000,0x0D0D0D0D,0x0D0D0D0D,0x0D0D0D0D,0x0D0D0D0D
	.word 0x0D0D0D0D,0x0D0D0D0D,0x0D0D0D0D,0x0D0D0D0D,0x0D0D0D0D,0x0D0D0D0D,0x0D0D0D0D,0x0D0D0D0D
	.word 0x0D0D0D0D,0x0D0D0D0D,0x0D0D0D0D,0x0D0D0D0D,0x0D0D0D0D,0x0D0D0D0D,0x0D0D0D0D,0x0D0D0D0D
	.word 0x0D0D0D0D,0x0D0D0D0D,0x0D0D0D0D,0x0D0D0D0D,0x00000D0D,0x05050500,0x05050505,0x05050000
	.word 0x05050505,0x05050505,0x05050505,0x05050505,0x00000505,0x0E0E0000,0x0000000E,0x00000000
	.word 0x0E0E0000,0x0E0E0E0E,0x05000000,0x05050505,0x05050505,0x05050505,0x05050505,0x05050505
	.word 0x00000005,0x07000000,0x0B0B0000,0x000B0B0B,0x00000000,0x00000000,0x07070707,0x0B0B0000
	.word 0x0B0B0B0B,0x0800000B,0x05050505,0x05050505,0x05050505,0x05050505,0x05050505,0x05050505

	.word 0x05050505,0x05050000,0x00050505,0x0D0D0000,0x0D0D0D0D,0x0D0D0D0D,0x0D0D0D0D,0x0D0D0D0D
	.word 0x0D0D0D0D,0x0D0D0D0D,0x0D0D0D0D,0x0D0D0D0D,0x0D0D0D0D,0x0D0D0D0D,0x0D0D0D0D,0x0D0D0D0D
	.word 0x0D0D0D0D,0x0D0D0D0D,0x0D0D0D0D,0x0D0D0D0D,0x0D0D0D0D,0x0D0D0D0D,0x0D0D0D0D,0x0D0D0D0D
	.word 0x0D0D0D0D,0x0D0D0D0D,0x0D0D0D0D,0x0D0D0D0D,0x000D0D0D,0x05000000,0x05050505,0x05050000
	.word 0x05050505,0x05050505,0x05050505,0x05050505,0x00050505,0x00000000,0x0E0E0E0E,0x0E0E0E0E
	.word 0x0E0E0E0E,0x00000E0E,0x05050000,0x05050505,0x05050505,0x05050505,0x05050505,0x05050505
	.word 0x00000000,0x07070000,0x0B000000,0x000B0B0B,0x00000000,0x00000000,0x07070707,0x0B0B0000
	.word 0x0B0B0B0B,0x1800000B,0x05050505,0x05050505,0x05050505,0x05050505,0x05050505,0x05050505

	.word 0x05050505,0x05050000,0x00000505,0x0D0D0D00,0x0D0D0D0D,0x0D0D0D0D,0x0D0D0D0D,0x0D0D0D0D
	.word 0x0D0D0D0D,0x0D0D0D0D,0x0D0D0D0D,0x0D0D0D0D,0x0D0D0D0D,0x0D0D0D0D,0x0D0D0D0D,0x0D0D0D0D
	.word 0x0D0D0D0D,0x0D0D0D0D,0x0D0D0D0D,0x0D0D0D0D,0x0D0D0D0D,0x0D0D0D0D,0x0D0D0D0D,0x0D0D0D0D
	.word 0x0D0D0D0D,0x0D0D0D0D,0x0D0D0D0D,0x0D0D0D0D,0x0D0D0D0D,0x00000000,0x05050505,0x05050000
	.word 0x05050505,0x05050505,0x05050505,0x05050505,0x05050505,0x00000000,0x00000000,0x0E0E0E0E
	.word 0x000E0E0E,0x00000000,0x05050500,0x05050505,0x05050505,0x05050505,0x05050505,0x05050505
	.word 0x00000000,0x00000000,0x0B000000,0x000B0B0B,0x00000000,0x07000000,0x07070707,0x0B0B0000
	.word 0x0B0B0B0B,0x1A000B0B,0x05050505,0x05050505,0x05050505,0x05050505,0x05050505,0x05050505

	.word 0x05050505,0x05050000,0x00000005,0x0D0D0D0D,0x0D0D0D0D,0x0D0D0D0D,0x0D0D0D0D,0x0D0D0D0D
	.word 0x0D0D0D0D,0x0D0D0D0D,0x0D0D0D0D,0x0D0D0D0D,0x0D0D0D0D,0x0D0D0D0D,0x0D0D0D0D,0x0D0D0D0D
	.word 0x0D0D0D0D,0x0D0D0D0D,0x0D0D0D0D,0x0D0D0D0D,0x0D0D0D0D,0x0D0D0D0D,0x0D0D0D0D,0x0D0D0D0D
	.word 0x0D0D0D0D,0x0D0D0D0D,0x0D0D0D0D,0x0D0D0D0D,0x0D0D0D0D,0x0000000D,0x05050500,0x05050000
	.word 0x05050505,0x05050505,0x05050505,0x05050505,0x05050505,0x00000505,0x00000000,0x00000000
	.word 0x00000000,0x00000000,0x05050505,0x05050505,0x05050505,0x05050505,0x05050505,0x05050505
	.word 0x00000000,0x00000000,0x0B0B0000,0x000B0B0B,0x00000000,0x07000000,0x00070707,0x0B0B0000
	.word 0x0B0B0B0B,0x00000B0B,0x05050513,0x05050505,0x05050505,0x05050505,0x05050505,0x05050505

	.word 0x05050505,0x05050000,0x0D000000,0x0D0D0D0D,0x0D0D0D0D,0x0D0D0D0D,0x0D0D0D0D,0x0D0D0D0D
	.word 0x0D0D0D0D,0x0D0D0D0D,0x0D0D0D0D,0x0D0D0D0D,0x0D0D0D0D,0x0D0D0D0D,0x0D0D0D0D,0x00000D0D
	.word 0x0D0D0D00,0x0D0D0D0D,0x0D0D0D0D,0x0D0D0D0D,0x0D0D0D0D,0x0D0D0D0D,0x0D0D0D0D,0x0D0D0D0D
	.word 0x0D0D0D0D,0x0D0D0D0D,0x0D0D0D0D,0x0D0D0D0D,0x0D0D0D0D,0x000D0D0D,0x05050000,0x05050000
	.word 0x05050505,0x05050505,0x05050505,0x05050505,0x05050505,0x05050505,0x00000005,0x00000000
	.word 0x00000000,0x05050000,0x05050505,0x05050505,0x05050505,0x05050505,0x05050505,0x05050505
	.word 0x0B0B0000,0x00000000,0x0B0B0B0B,0x0B0B0B0B,0x00000000,0x07070000,0x00000707,0x0B0B0B00
	.word 0x0B0B0B0B,0x00000B0B,0x0505050A,0x05050505,0x05050505,0x05050505,0x05050505,0x05050505

	.word 0x05050505,0x00000000,0x0D0D0000,0x0D0D0D0D,0x0D0D0D0D,0x0D0D0D0D,0x0D0D0D0D,0x0D0D0D0D
	.word 0x0D0D0D0D,0x0D0D0D0D,0x0D0D0D0D,0x0D0D0D0D,0x0D0D0D0D,0x0D0D0D0D,0x00000D0D,0x00000000
	.word 0x00000000,0x0D0D0D00,0x0D0D0D0D,0x0D0D0D0D,0x0D0D0D0D,0x0D0D0D0D,0x0D0D0D0D,0x0D0D0D0D
	.word 0x0D0D0D0D,0x0D0D0D0D,0x0D0D0D0D,0x0D0D0D0D,0x0D0D0D0D,0x0D0D0D0D,0x05001100,0x05050000
	.word 0x05050505,0x05050505,0x05050505,0x05050505,0x05050505,0x05050505,0x00050505,0x01010100
	.word 0x00000001,0x05050505,0x05050505,0x05050505,0x05050505,0x05050505,0x05050505,0x05050505
	.word 0x0B0B0000,0x0B0B0B0B,0x0B0B0B0B,0x0B0B0B0B,0x0000000B,0x07070707,0x00000000,0x0B0B0B0B
	.word 0x0B0B0B0B,0x00000B0B,0x05050500,0x05050505,0x05050505,0x05050505,0x05050505,0x05050505

	.word 0x05050505,0x00000000,0x0D0D0D00,0x0D0D0D0D,0x0D0D0D0D,0x0D0D0D0D,0x0D0D0D0D,0x0D0D0D0D
	.word 0x0D0D0D0D,0x0D0D0D0D,0x0D0D0D0D,0x0D0D0D0D,0x0D0D0D0D,0x0D0D0D0D,0x0000000D,0x00000000
	.word 0x00000000,0x00000000,0x0D0D0D0D,0x0D0D0D0D,0x0D0D0D0D,0x0D0D0D0D,0x0D0D0D0D,0x0D0D0D0D
	.word 0x0D0D0D0D,0x0D0D0D0D,0x0D0D0D0D,0x0D0D0D0D,0x0D0D0D0D,0x0D0D0D0D,0x0000000D,0x05050000
	.word 0x05050505,0x05050505,0x05050505,0x05050505,0x05050505,0x05050505,0x00050505,0x01010100
	.word 0x00000001,0x05050505,0x05050505,0x05050505,0x05050505,0x05050505,0x05050505,0x05050505
	.word 0x0B0B0000,0x0B0B0B0B,0x0B0B0B0B,0x0B0B0B0B,0x0000000B,0x00000000,0x0B000000,0x0B0B0B0B
	.word 0x0B0B0B0B,0x00000B0B,0x05050500,0x05050505,0x05050505,0x05050505,0x05050505,0x05050505

	.word 0x05050505,0x00000000,0x0D0D0D0D,0x0D0D0D0D,0x0D0D0D0D,0x0D0D0D0D,0x0D0D0D0D,0x0D0D0D0D
	.word 0x0D0D0D0D,0x0D0D0D0D,0x0D0D0D0D,0x0D0D0D0D,0x0D0D0D0D,0x0D0D0D0D,0x00000000,0x16161616
	.word 0x00161616,0x00000000,0x0D0D0D00,0x0D0D0D0D,0x0D0D0D0D,0x0D0D0D0D,0x0D0D0D0D,0x0D0D0D0D
	.word 0x0D0D0D0D,0x0D0D0D0D,0x0D0D0D0D,0x0D0D0D0D,0x0D0D0D0D,0x0D0D0D0D,0x00000D0D,0x05050000
	.word 0x05050505,0x05050505,0x05050505,0x05050505,0x05050505,0x05050505,0x00050505,0x01010100
	.word 0x00000001,0x05050505,0x05050505,0x05050505,0x05050505,0x05050505,0x05050505,0x05050505
	.word 0x0B0B0000,0x0B0B0B0B,0x0B0B0B0B,0x0B0B0B0B,0x000B0B0B,0x00000000,0x0B0B0B00,0x0B0B0B0B
	.word 0x0B0B0B0B,0x00000B0B,0x05050500,0x05050505,0x05050505,0x05050505,0x05050505,0x05050505

	.word 0x00000000,0x0D0D0000,0x0D0D0D0D,0x0D0D0D0D,0x0D0D0D0D,0x0D0D0D0D,0x0D0D0D0D,0x0D0D0D0D
	.word 0x0D0D0D0D,0x0D0D0D0D,0x0D0D0D0D,0x0D0D0D0D,0x0D0D0D0D,0x00000D0D,0x16160000,0x16161616
	.word 0x16161616,0x00001616,0x0D0D0000,0x0D0D0D0D,0x0D0D0D0D,0x0D0D0D0D,0x0D0D0D0D,0x0D0D0D0D
	.word 0x0D0D0D0D,0x0D0D0D0D,0x0D0D0D0D,0x0D0D0D0D,0x0D0D0D0D,0x0D0D0D0D,0x000D0D0D,0x00000000
	.word 0x00000000,0x00000000,0x00000000,0x00000000,0x00000000,0x00000000,0x00000000,0x01010100
	.word 0x00000101,0x00000000,0x00000000,0x00000000,0x00000000,0x00000000,0x00000000,0x00000000
	.word 0x00000000,0x00000000,0x00000000,0x0B0B0B0B,0x0B0B0B0B,0x0B0B0B0B,0x0B0B0B0B,0x0B0B0B0B
	.word 0x0B0B0B0B,0x00000B0B,0x00000000,0x00000000,0x00000000,0x00000000,0x00000000,0x00000000

	.word 0x00000000,0x0D0D0000,0x0D0D0D0D,0x0D0D0D0D,0x0D0D0D0D,0x0D0D0D0D,0x0D0D0D0D,0x0D0D0D0D
	.word 0x0D0D0D0D,0x0D0D0D0D,0x0D0D0D0D,0x0D0D0D0D,0x0D0D0D0D,0x0000000D,0x16161600,0x16161616
	.word 0x16161616,0x16161616,0x0D000000,0x0D0D0D0D,0x0D0D0D0D,0x0D0D0D0D,0x0D0D0D0D,0x0D0D0D0D
	.word 0x0D0D0D0D,0x0D0D0D0D,0x0D0D0D0D,0x0D0D0D0D,0x0D0D0D0D,0x0D0D0D0D,0x0D0D0D0D,0x00000000
	.word 0x00000000,0x00000000,0x00000000,0x00000000,0x00000000,0x00000000,0x00000000,0x01010101
	.word 0x00000101,0x00000000,0x00000000,0x00000000,0x00000000,0x00000000,0x00000000,0x00000000
	.word 0x00000000,0x00000000,0x00000000,0x0B0B0000,0x0B0B0B0B,0x0B0B0B0B,0x0B0B0B0B,0x0B0B0B0B
	.word 0x0B0B0B0B,0x00000B0B,0x12121200,0x12121212,0x12121212,0x12121212,0x12121212,0x12121212

	.word 0x0D0D0D0D,0x0D0D0D0D,0x0D0D0D0D,0x0D0D0D0D,0x0D0D0D0D,0x0D0D0D0D,0x0D0D0D0D,0x0D0D0D0D
	.word 0x0D0D0D0D,0x0D0D0D0D,0x0D0D0D0D,0x0D0D0D0D,0x0D0D0D0D,0x00000000,0x16161616,0x16161616
	.word 0x16161616,0x16161616,0x00000016,0x0D0D0D0D,0x0D0D0D0D,0x0D0D0D0D,0x0D0D0D0D,0x0D0D0D0D
	.word 0x0D0D0D0D,0x0D0D0D0D,0x0D0D0D0D,0x0D0D0D0D,0x0D0D0D0D,0x0D0D0D0D,0x0D0D0D0D,0x0D0D0D0D
	.word 0x0D0D0D0D,0x0D0D0D0D,0x0D0D0D0D,0x0D0D0D0D,0x0D0D0D0D,0x00000D0D,0x01010000,0x01010101
	.word 0x00010101,0x0D000000,0x0D0D0D0D,0x0D0D0D0D,0x0D0D0D0D,0x0D0D0D0D,0x00000D0D,0x00000000
	.word 0x03000000,0x03030303,0x00000003,0x0B000000,0x0B0B0B0B,0x0B0B0B0B,0x0B0B0B0B,0x0B0B0B0B
	.word 0x0B0B0B0B,0x00000B0B,0x0D0D0D00,0x0D0D0D0D,0x0D0D0D0D,0x0D0D0D0D,0x0D0D0D0D,0x0D0D0D0D

	.word 0x0D0D0D0D,0x0D0D0D0D,0x0D0D0D0D,0x0D0D0D0D,0x0D0D0D0D,0x0D0D0D0D,0x0D0D0D0D,0x0D0D0D0D
	.word 0x0D0D0D0D,0x0D0D0D0D,0x0D0D0D0D,0x0D0D0D0D,0x0D0D0D0D,0x16000000,0x16161616,0x16161616
	.word 0x16161616,0x16161616,0x00001616,0x0D0D0D0D,0x0D0D0D0D,0x0D0D0D0D,0x0D0D0D0D,0x0D0D0D0D
	.word 0x0D0D0D0D,0x0D0D0D0D,0x0D0D0D0D,0x0D0D0D0D,0x0D0D0D0D,0x0D0D0D0D,0x0D0D0D0D,0x0D0D0D0D
	.word 0x0D0D0D0D,0x0D0D0D0D,0x0D0D0D0D,0x0D0D0D0D,0x0D0D0D0D,0x0000000D,0x01010101,0x01010101
	.word 0x01010101,0x00000000,0x0D0D0D00,0x0D0D0D0D,0x0D0D0D0D,0x0D0D0D0D,0x00000000,0x00000000
	.word 0x03030303,0x03030303,0x03030303,0x00000003,0x0B0B0B0B,0x0B0B0B0B,0x0B0B0B0B,0x0B0B0B0B
	.word 0x0B0B0B0B,0x00000B0B,0x0D0D0D00,0x0D0D0D0D,0x0D0D0D0D,0x0D0D0D0D,0x0D0D0D0D,0x0D0D0D0D

	.word 0x0D0D0D0D,0x0D0D0D0D,0x0D0D0D0D,0x0D0D0D0D,0x0D0D0D0D,0x0D0D0D0D,0x0D0D0D0D,0x0D0D0D0D
	.word 0x0D0D0D0D,0x0D0D0D0D,0x0D0D0D0D,0x0D0D0D0D,0x000D0D0D,0x16160000,0x16161616,0x16161616
	.word 0x16161616,0x16161616,0x00001616,0x0D0D0D00,0x0D0D0D0D,0x0D0D0D0D,0x0D0D0D0D,0x0D0D0D0D
	.word 0x0D0D0D0D,0x0D0D0D0D,0x0D0D0D0D,0x0D0D0D0D,0x0D0D0D0D,0x0D0D0D0D,0x0D0D0D0D,0x0D0D0D0D
	.word 0x0D0D0D0D,0x0D0D0D0D,0x0D0D0D0D,0x0D0D0D0D,0x0D0D0D0D,0x0100000D,0x01010101,0x01010101
	.word 0x01010101,0x00000001,0x0D0D0000,0x0D0D0D0D,0x0D0D0D0D,0x00000D0D,0x00000000,0x03030000
	.word 0x00000303,0x03030303,0x03030303,0x00000303,0x0B0B0000,0x0B0B0B0B,0x0B0B0B0B,0x0B0B0B0B
	.word 0x0B0B0B0B,0x00000B0B,0x0D0D0D00,0x0D0D0D0D,0x0D0D0D0D,0x0D0D0D0D,0x0D0D0D0D,0x0D0D0D0D

	.word 0x0D0D0D0D,0x0D0D0D0D,0x0D0D0D0D,0x00000D0D,0x00000000,0x00000000,0x00000000,0x00000000
	.word 0x0D000000,0x0D0D0D0D,0x0D0D0D0D,0x0D0D0D0D,0x000D0D0D,0x16160000,0x16161616,0x16161616
	.word 0x16161616,0x16161616,0x00161616,0x0D0D0D00,0x0D0D0D0D,0x0D0D0D0D,0x0D0D0D0D,0x0D0D0D0D
	.word 0x0D0D0D0D,0x0D0D0D0D,0x0D0D0D0D,0x0D0D0D0D,0x0D0D0D0D,0x0D0D0D0D,0x0D0D0D0D,0x0D0D0D0D
	.word 0x0D0D0D0D,0x0D0D0D0D,0x0D0D0D0D,0x0D0D0D0D,0x0D0D0D0D,0x01000000,0x01010101,0x01010101
	.word 0x01010101,0x00010101,0x0D0D0000,0x0D0D0D0D,0x0D0D0D0D,0x0000000D,0x03000000,0x03030303
	.word 0x00000303,0x03030303,0x03030311,0x00030303,0x0B000000,0x0B0B0B0B,0x0B0B0B0B,0x0B0B0B0B
	.word 0x0B0B0B0B,0x00000B0B,0x0D0D0D00,0x0D0D0D0D,0x0D0D0D0D,0x0D0D0D0D,0x0D0D0D0D,0x0D0D0D0D

	.word 0x0D0D0D0D,0x0D0D0D0D,0x0D0D0D0D,0x00000D0D,0x00000000,0x00000000,0x00000000,0x00000000
	.word 0x0D000000,0x0D0D0D0D,0x0D0D0D0D,0x0D0D0D0D,0x000D0D0D,0x16160000,0x16161616,0x16161616
	.word 0x16161616,0x16161616,0x00161616,0x0D0D0000,0x0D0D0D0D,0x0D0D0D0D,0x0D0D0D0D,0x0D0D0D0D
	.word 0x0D0D0D0D,0x0D0D0D0D,0x0D0D0D0D,0x0D0D0D0D,0x0D0D0D0D,0x0D0D0D0D,0x0D0D0D0D,0x0D0D0D0D
	.word 0x0D0D0D0D,0x0D0D0D0D,0x0D0D0D0D,0x0D0D0D0D,0x000D0D0D,0x01010000,0x01010101,0x01010101
	.word 0x01010101,0x01010101,0x0D000000,0x0D0D0D0D,0x0D0D0D0D,0x00000000,0x03030300,0x03030303
	.word 0x03030303,0x00030303,0x03030000,0x00030303,0x00000000,0x0B0B0B0B,0x0B0B0B0B,0x0B0B0B0B
	.word 0x0B0B0B0B,0x00000B0B,0x0D0D0D00,0x0D0D0D0D,0x0D0D0D0D,0x0D0D0D0D,0x0D0D0D0D,0x0D0D0D0D

	.word 0x0D0D0D0D,0x0D0D0D0D,0x0D0D0D0D,0x00000D0D,0x07070700,0x07070707,0x07070707,0x07070707
	.word 0x0D000007,0x0D0D0D0D,0x0D0D0D0D,0x0D0D0D0D,0x000D0D0D,0x16161600,0x16161616,0x16161616
	.word 0x16161616,0x16161616,0x00161616,0x0D0D0000,0x0D0D0D0D,0x0D0D0D0D,0x0D0D0D0D,0x0D0D0D0D
	.word 0x0D0D0D0D,0x0D0D0D0D,0x0D0D0D0D,0x0D0D0D0D,0x0D0D0D0D,0x0D0D0D0D,0x0D0D0D0D,0x0D0D0D0D
	.word 0x0D0D0D0D,0x0D0D0D0D,0x0D0D0D0D,0x0D0D0D0D,0x000D0D0D,0x01010100,0x01010101,0x01010101
	.word 0x01010101,0x01010101,0x00000001,0x0D0D0D0D,0x000D0D0D,0x00000000,0x03030303,0x03030303
	.word 0x03030303,0x03030303,0x03030303,0x03030303,0x0B000000,0x0B0B0B0B,0x0B0B0B0B,0x0B0B0B0B
	.word 0x0B0B0B0B,0x00000B0B,0x0D0D0D00,0x0D0D0D0D,0x0D0D0D0D,0x0D0D0D0D,0x0D0D0D0D,0x0D0D0D0D

	.word 0x0D0D0D0D,0x0D0D0D0D,0x0D0D0D0D,0x00000D0D,0x07070700,0x07070007,0x00000007,0x07070717
	.word 0x0D000007,0x0D0D0D0D,0x0D0D0D0D,0x0D0D0D0D,0x000D0D0D,0x16161600,0x16161616,0x16161616
	.word 0x16161616,0x16161616,0x00161616,0x0D0D0000,0x0D0D0D0D,0x0D0D0D0D,0x0D0D0D0D,0x0D0D0D0D
	.word 0x0D0D0D0D,0x0D0D0D0D,0x0D0D0D0D,0x0D0D0D0D,0x0D0D0D0D,0x0D0D0D0D,0x0D0D0D0D,0x0D0D0D0D
	.word 0x0D0D0D0D,0x0D0D0D0D,0x0D0D0D0D,0x0D0D0D0D,0x00000D0D,0x01010100,0x01010100,0x01010101
	.word 0x01010101,0x01010101,0x00000101,0x0D0D0D0D,0x00000D0D,0x03030300,0x03030303,0x03030303
	.word 0x03030303,0x03030303,0x03030303,0x03030303,0x0B000000,0x0B0B0B0B,0x0B0B0B0B,0x0B0B0B0B
	.word 0x0B0B0B0B,0x00000B0B,0x0D0D0D04,0x0D0D0D0D,0x0D0D0D0D,0x0D0D0D0D,0x0D0D0D0D,0x0D0D0D0D

	.word 0x0D0D0D0D,0x0D0D0D0D,0x0D0D0D0D,0x00000D0D,0x07070700,0x07070007,0x00110007,0x07070717
	.word 0x0D000007,0x0D0D0D0D,0x0D0D0D0D,0x0D0D0D0D,0x00000D0D,0x16161600,0x16161616,0x16161616
	.word 0x16161616,0x16161616,0x16161616,0x0D0D0000,0x0D0D0D0D,0x0D0D0D0D,0x0D0D0D0D,0x0D0D0D0D
	.word 0x0D0D0D0D,0x0D0D0D0D,0x0D0D0D0D,0x0D0D0D0D,0x0D0D0D0D,0x0D0D0D0D,0x0D0D0D0D,0x0D0D0D0D
	.word 0x0D0D0D0D,0x0D0D0D0D,0x0D0D0D0D,0x0D0D0D0D,0x0000000D,0x00010101,0x01010100,0x01010101
	.word 0x01010101,0x01010101,0x00000101,0x0D0D0D00,0x0000000D,0x03030303,0x03030303,0x03030303
	.word 0x03030303,0x03030303,0x03030303,0x03030303,0x0B000000,0x0B0B0B0B,0x0B0B0B0B,0x0B0B0B0B
	.word 0x0B0B0B0B,0x00000B0B,0x0D0D0D02,0x0D0D0D0D,0x0D0D0D0D,0x0D0D0D0D,0x0D0D0D0D,0x0D0D0D0D

	.word 0x0D0D0D0D,0x0D0D0D0D,0x0D0D0D0D,0x00000D0D,0x07070700,0x07170007,0x00110007,0x07070717
	.word 0x0D000007,0x0D0D0D0D,0x0D0D0D0D,0x0D0D0D0D,0x00000D0D,0x16161600,0x16161616,0x16161616
	.word 0x16161616,0x16161616,0x16161616,0x0D0D0000,0x0D0D0D0D,0x0D0D0D0D,0x0D0D0D0D,0x0D0D0D0D
	.word 0x0D0D0D0D,0x0D0D0D0D,0x0D0D0D0D,0x0D0D0D0D,0x0D0D0D0D,0x0D0D0D0D,0x0D0D0D0D,0x0D0D0D0D
	.word 0x0D0D0D0D,0x0D0D0D0D,0x0D0D0D0D,0x0D0D0D0D,0x0000000D,0x00010101,0x01010100,0x01010101
	.word 0x01010101,0x00000101,0x00010101,0x0D0D0D00,0x0300000D,0x03030303,0x03030303,0x03030303
	.word 0x03030303,0x03030303,0x03030303,0x03030303,0x0B000000,0x0B0B0B0B,0x0B0B0B0B,0x0B0B0B0B
	.word 0x0B0B0B0B,0x00000B0B,0x0D0D0D0D,0x0D0D0D0D,0x0D0D0D0D,0x0D0D0D0D,0x0D0D0D0D,0x0D0D0D0D

	.word 0x0D0D0D0D,0x0D0D0D0D,0x0D0D0D0D,0x00000D0D,0x07070700,0x00000007,0x00000007,0x07070717
	.word 0x0D000007,0x0D0D0D0D,0x0D0D0D0D,0x0D0D0D0D,0x00000D0D,0x16161600,0x16161616,0x16161616
	.word 0x16161616,0x16161616,0x16161616,0x0D000000,0x0D0D0D0D,0x0D0D0D0D,0x0D0D0D0D,0x0D0D0D0D
	.word 0x0D0D0D0D,0x0D0D0D0D,0x0D0D0D0D,0x0D0D0D0D,0x0D0D0D0D,0x0D0D0D0D,0x0D0D0D0D,0x0D0D0D0D
	.word 0x0D0D0D0D,0x0D0D0D0D,0x0D0D0D0D,0x0D0D0D0D,0x01000000,0x00010101,0x01010100,0x01010101
	.word 0x01010101,0x00000101,0x00010101,0x0D0D0D00,0x0300000D,0x03030303,0x03030303,0x03030303
	.word 0x03030303,0x03030303,0x03030303,0x00030303,0x0B0B0000,0x0B0B0B0B,0x0B0B0B0B,0x0B0B0B0B
	.word 0x0B0B0B0B,0x1200000B,0x0D0D0D0D,0x0D0D0D0D,0x0D0D0D0D,0x0D0D0D0D,0x0D0D0D0D,0x0D0D0D0D

	.word 0x0D0D0D0D,0x0D0D0D0D,0x0D0D0D0D,0x00000D0D,0x07070000,0x07070707,0x07070707,0x07070707
	.word 0x0D000000,0x0D0D0D0D,0x0D0D0D0D,0x0D0D0D0D,0x00000D0D,0x16161600,0x16161616,0x16161616
	.word 0x16161616,0x16161616,0x16161616,0x0D000000,0x0D0D0D0D,0x0D0D0D0D,0x0D0D0D0D,0x0D0D0D0D
	.word 0x0D0D0D0D,0x0D0D0D0D,0x0D0D0D0D,0x0D0D0D0D,0x0D0D0D0D,0x0D0D0D0D,0x0D0D0D0D,0x0D0D0D0D
	.word 0x0D0D0D0D,0x0D0D0D0D,0x0D0D0D0D,0x0D0D0D0D,0x01010000,0x00010101,0x01010100,0x01010101
	.word 0x01010101,0x00000101,0x00010101,0x0D0D0000,0x0300000D,0x03030303,0x03030303,0x03030303
	.word 0x03030303,0x03030303,0x03030303,0x00000003,0x0B0B0B00,0x0B0B0B0B,0x0B0B0B0B,0x0B0B0B0B
	.word 0x0B0B0B0B,0x02000000,0x0D0D0D0D,0x0D0D0D0D,0x0D0D0D0D,0x0D0D0D0D,0x0D0D0D0D,0x0D0D0D0D

	.word 0x0D0D0D0D,0x0D0D0D0D,0x0D0D0D0D,0x000D0D0D,0x00000000,0x00000000,0x00000000,0x00000000
	.word 0x0D000000,0x0D0D0D0D,0x0D0D0D0D,0x0D0D0D0D,0x00000D0D,0x16161600,0x16161616,0x16161616
	.word 0x16161616,0x16161616,0x16161616,0x0D000000,0x0D0D0D0D,0x0D0D0D0D,0x0D0D0D0D,0x0D0D0D0D
	.word 0x0D0D0D0D,0x0D0D0D0D,0x0D0D0D0D,0x0D0D0D0D,0x0D0D0D0D,0x0D0D0D0D,0x0D0D0D0D,0x0D0D0D0D
	.word 0x0D0D0D0D,0x0D0D0D0D,0x0D0D0D0D,0x0D0D0D0D,0x01010000,0x00010101,0x01010100,0x01010101
	.word 0x01010101,0x00000101,0x00010101,0x0D0D0000,0x0000000D,0x03030303,0x03030303,0x03030303
	.word 0x03030303,0x03030303,0x00000303,0x00000000,0x0B0B0B0B,0x0B0B0B0B,0x0B0B0B0B,0x0B0B0B0B
	.word 0x0B0B0B0B,0x0D000000,0x0D0D0D0D,0x0D0D0D0D,0x0D0D0D0D,0x0D0D0D0D,0x0D0D0D0D,0x0D0D0D0D

	.word 0x0D0D0D0D,0x0D0D0D0D,0x0D0D0D0D,0x000D0D0D,0x00000000,0x17170000,0x00171717,0x00000000
	.word 0x0D000000,0x0D0D0D0D,0x0D0D0D0D,0x0D0D0D0D,0x00000D0D,0x16161600,0x00001616,0x00000000
	.word 0x16161616,0x16161616,0x16161616,0x0D000000,0x0D0D0D0D,0x0D0D0D0D,0x0D0D0D0D,0x0D0D0D0D
	.word 0x0D0D0D0D,0x0D0D0D0D,0x0D0D0D0D,0x0D0D0D0D,0x0D0D0D0D,0x0D0D0D0D,0x0D0D0D0D,0x0D0D0D0D
	.word 0x0D0D0D0D,0x0D0D0D0D,0x0D0D0D0D,0x0D0D0D0D,0x01010000,0x00010101,0x01010100,0x01010101
	.word 0x01010101,0x00000101,0x01010101,0x0D0D0000,0x00000D0D,0x03030000,0x03030303,0x03030303
	.word 0x03030303,0x03030303,0x00000000,0x0B0B0000,0x0B0B0B0B,0x0B0B0B0B,0x0B0B0B0B,0x0B0B0B0B
	.word 0x0B0B0B0B,0x0D000000,0x0D0D0D0D,0x0D0D0D0D,0x0D0D0D0D,0x0D0D0D0D,0x0D0D0D0D,0x0D0D0D0D

	.word 0x0D0D0D0D,0x0D0D0D0D,0x0D0D0D0D,0x0D0D0D0D,0x000D0D0D,0x17170000,0x00171717,0x00000000
	.word 0x0D000000,0x0D0D0D0D,0x0D0D0D0D,0x0D0D0D0D,0x00000D0D,0x16161600,0x00000016,0x00000000
	.word 0x16160000,0x16161616,0x16161616,0x0D000000,0x0D0D0D0D,0x0D0D0D0D,0x0D0D0D0D,0x0D0D0D0D
	.word 0x0D0D0D0D,0x0D0D0D0D,0x0D0D0D0D,0x0D0D0D0D,0x0D0D0D0D,0x0D0D0D0D,0x0D0D0D0D,0x0D0D0D0D
	.word 0x0D0D0D0D,0x0D0D0D0D,0x0D0D0D0D,0x000D0D0D,0x01010000,0x00010101,0x01010100,0x01010101
	.word 0x01010101,0x00000001,0x01010101,0x0D0D0000,0x000D0D0D,0x00000000,0x03030300,0x03030303
	.word 0x03030303,0x00000303,0x00000000,0x0B0B0B0B,0x0B0B0B0B,0x0B0B0B0B,0x0B0B0B0B,0x0B0B0B0B
	.word 0x000B0B0B,0x0D0D0000,0x0D0D0D0D,0x0D0D0D0D,0x0D0D0D0D,0x0D0D0D0D,0x0D0D0D0D,0x0D0D0D0D

	.word 0x0D0D0D0D,0x0D0D0D0D,0x0D0D0D0D,0x0D0D0D0D,0x000D0D0D,0x17170000,0x00171717,0x0D0D0D00
	.word 0x0D0D0D0D,0x0D0D0D0D,0x0D0D0D0D,0x0D0D0D0D,0x00000D0D,0x16161600,0x00000000,0x00001616
	.word 0x16000000,0x16161616,0x16161616,0x0D000000,0x0D0D0D0D,0x0D0D0D0D,0x0D0D0D0D,0x0D0D0D0D
	.word 0x0D0D0D0D,0x0D0D0D0D,0x0D0D0D0D,0x0D0D0D0D,0x0D0D0D0D,0x0D0D0D0D,0x0D0D0D0D,0x0D0D0D0D
	.word 0x0D0D0D0D,0x0D0D0D0D,0x0D0D0D0D,0x000D0D0D,0x01010100,0x00010101,0x01010100,0x01010101
	.word 0x01010101,0x00000001,0x01010101,0x0D000000,0x0D0D0D0D,0x00000000,0x00000000,0x03030300
	.word 0x00000303,0x00000000,0x0B0B0000,0x0B0B0B0B,0x0B0B0B0B,0x0B0B0B0B,0x0B0B0B0B,0x0B0B0B0B
	.word 0x000B0B0B,0x0D0D0400,0x0D0D0D0D,0x0D0D0D0D,0x0D0D0D0D,0x0D0D0D0D,0x0D0D0D0D,0x0D0D0D0D

	.word 0x0D0D0D0D,0x0D0D0D0D,0x0D0D0D0D,0x00000000,0x00000000,0x17170000,0x00171717,0x00000000
	.word 0x00000000,0x0D0D0D0D,0x0D0D0D0D,0x0D0D0D0D,0x000D0D0D,0x16161600,0x16000000,0x16161616
	.word 0x00000000,0x16161616,0x16161616,0x0D000000,0x0D0D0D0D,0x0D0D0D0D,0x0D0D0D0D,0x0D0D0D0D
	.word 0x0D0D0D0D,0x0D0D0D0D,0x0D0D0D0D,0x0D0D0D0D,0x0D0D0D0D,0x0D0D0D0D,0x0D0D0D0D,0x0D0D0D0D
	.word 0x0D0D0D0D,0x0D0D0D0D,0x0D0D0D0D,0x000D0D0D,0x01010100,0x00010101,0x01010100,0x01010101
	.word 0x01010101,0x01000001,0x01010101,0x0D000001,0x0D0D0D0D,0x0000000D,0x00000000,0x00000000
	.word 0x00000000,0x00000000,0x0B0B0B00,0x0B0B0B0B,0x0B0B0B0B,0x0B0B0B0B,0x0B0B0B0B,0x0B0B0B0B
	.word 0x000B0B0B,0x0D0D0200,0x0D0D0D0D,0x0D0D0D0D,0x0D0D0D0D,0x0D0D0D0D,0x0D0D0D0D,0x0D0D0D0D

	.word 0x0D0D0D0D,0x0D0D0D0D,0x0D0D0D0D,0x00000000,0x00000000,0x17170F00,0x00171717,0x00000000
	.word 0x00000000,0x0D0D0D00,0x0D0D0D0D,0x0D0D0D0D,0x000D0D0D,0x00160000,0x16160000,0x16161616
	.word 0x00001616,0x16161600,0x16161616,0x0D000000,0x0D0D0D0D,0x0D0D0D0D,0x0D0D0D0D,0x0D0D0D0D
	.word 0x0D0D0D0D,0x0D0D0D0D,0x0D0D0D0D,0x0D0D0D0D,0x0D0D0D0D,0x0D0D0D0D,0x0D0D0D0D,0x0D0D0D0D
	.word 0x0D0D0D0D,0x0D0D0D0D,0x0D0D0D0D,0x00000D0D,0x01010100,0x00010101,0x01010100,0x01010101
	.word 0x01010101,0x01000001,0x01010101,0x0D000001,0x0D0D0D0D,0x0D0D0D0D,0x00000D0D,0x00000000
	.word 0x00000000,0x00000D00,0x0B0B0000,0x0B0B0B0B,0x0B0B0B0B,0x0B0B0B0B,0x0B0B0B0B,0x0B0B0B0B
	.word 0x0000000B,0x0D0D0200,0x0D0D0D0D,0x0D0D0D0D,0x0D0D0D0D,0x0D0D0D0D,0x0D0D0D0D,0x0D0D0D0D

	.word 0x0D0D0D0D,0x0D0D0D0D,0x0D0D0D0D,0x00000000,0x17171717,0x17171717,0x17171717,0x17171717
	.word 0x00001717,0x0D0D0D00,0x0D0D0D0D,0x0D0D0D0D,0x0D0D0D0D,0x00000000,0x16160000,0x16161616
	.word 0x00001616,0x16161600,0x16161616,0x0D0D0000,0x0D0D0D0D,0x0D0D0D0D,0x0D0D0D0D,0x0D0D0D0D
	.word 0x0D0D0D0D,0x0D0D0D0D,0x0D0D0D0D,0x0D0D0D0D,0x0D0D0D0D,0x0D0D0D0D,0x0D0D0D0D,0x0D0D0D0D
	.word 0x0D0D0D0D,0x0D0D0D0D,0x0D0D0D0D,0x00000D0D,0x01010100,0x00010101,0x01010100,0x01010101
	.word 0x01010101,0x01000001,0x01010101,0x0D000001,0x0D0D0D0D,0x0D0D0D0D,0x0D0D0D0D,0x0D0D0D0D
	.word 0x0D0D0D0D,0x0D0D0D0D,0x00000000,0x0B0B0B0B,0x0B0B0B0B,0x0B0B0B0B,0x0B0B0B0B,0x0B0B0B0B
	.word 0x0000000B,0x0D000000,0x0D0D0D0D,0x0D0D0D0D,0x0D0D0D0D,0x0D0D0D0D,0x0D0D0D0D,0x0D0D0D0D

	.word 0x0D0D0D0D,0x0D0D0D0D,0x0D0D0D0D,0x00000000,0x17171717,0x17171717,0x17171717,0x17171717
	.word 0x00001717,0x0D0D0D00,0x0D0D0D0D,0x0D0D0D0D,0x0D0D0D0D,0x00000000,0x16161600,0x16161616
	.word 0x00161616,0x16160000,0x00161616,0x0D0D0000,0x0D0D0D0D,0x0D0D0D0D,0x0D0D0D0D,0x0D0D0D0D
	.word 0x0D0D0D0D,0x0D0D0D0D,0x0D0D0D0D,0x0D0D0D0D,0x0D0D0D0D,0x0D0D0D0D,0x0D0D0D0D,0x0D0D0D0D
	.word 0x0D0D0D0D,0x0D0D0D0D,0x0D0D0D0D,0x00000D0D,0x01010100,0x00010101,0x01010100,0x01010101
	.word 0x01010101,0x01000001,0x01010101,0x0D000001,0x0D0D0D0D,0x0D0D0D0D,0x0D0D0D0D,0x0D0D0D0D
	.word 0x0D0D0D0D,0x0D0D0D0D,0x00000000,0x0B0B0000,0x0B0B0B0B,0x0B0B0B0B,0x0B0B0B0B,0x0B0B0B0B
	.word 0x00000000,0x00000000,0x0D0D0D04,0x0D0D0D0D,0x0D0D0D0D,0x0D0D0D0D,0x0D0D0D0D,0x0D0D0D0D

	.word 0x0D0D0D0D,0x0D0D0D0D,0x000D0D0D,0x00000000,0x11171717,0x17110F17,0x17171117,0x17171717
	.word 0x00001717,0x0D0D0D00,0x0D0D0D0D,0x0D0D0D0D,0x0D0D0D0D,0x0000000D,0x16161600,0x16161616
	.word 0x00161616,0x16160000,0x00161616,0x0D0D0000,0x0D0D0D0D,0x0D0D0D0D,0x0D0D0D0D,0x0D0D0D0D
	.word 0x0D0D0D0D,0x0D0D0D0D,0x0D0D0D0D,0x0D0D0D0D,0x0D0D0D0D,0x0D0D0D0D,0x0D0D0D0D,0x0D0D0D0D
	.word 0x0D0D0D0D,0x0D0D0D0D,0x0D0D0D0D,0x00000D0D,0x01010101,0x00010101,0x01010100,0x01010101
	.word 0x01010101,0x01000001,0x01010101,0x0D000001,0x0D0D0D0D,0x0D0D0D0D,0x0D0D0D0D,0x0D0D0D0D
	.word 0x0D0D0D0D,0x0D0D0D0D,0x00000D0D,0x0B0B0000,0x0B0B0B0B,0x0B0B0B0B,0x0B0B0B0B,0x000B0B0B
	.word 0x0B0B0000,0x0000000B,0x0D0F0000,0x0D0D0D0D,0x0D0D0D0D,0x0D0D0D0D,0x0D0D0D0D,0x0D0D0D0D

	.word 0x0D0D0D0D,0x0D0D0D0D,0x000D0D0D,0x00170000,0x17171700,0x17171717,0x17171717,0x17171717
	.word 0x00001717,0x0D0D0D00,0x0D0D0D0D,0x0D0D0D0D,0x0D0D0D0D,0x00000D0D,0x16161616,0x16161616
	.word 0x16161616,0x16160000,0x00001616,0x0D0D0D00,0x0D0D0D0D,0x0D0D0D0D,0x0D0D0D0D,0x0D0D0D0D
	.word 0x0D0D0D0D,0x0D0D0D0D,0x0D0D0D0D,0x0D0D0D0D,0x0D0D0D0D,0x0D0D0D0D,0x0D0D0D0D,0x0D0D0D0D
	.word 0x0D0D0D0D,0x0D0D0D0D,0x0D0D0D0D,0x0000000D,0x01010101,0x00010101,0x01010100,0x01010101
	.word 0x01010101,0x01000001,0x01010101,0x0D000001,0x0D0D0D0D,0x0D0D0D0D,0x0D0D0D0D,0x0D0D0D0D
	.word 0x0D0D0D0D,0x0D0D0D0D,0x00000D0D,0x0B0B0B00,0x0B0B0B0B,0x0B0B0B0B,0x0B0B0B0B,0x0B0B0B0B
	.word 0x0B0B0B00,0x000B0B0B,0x04000000,0x0D0D0D0D,0x0D0D0D0D,0x0D0D0D0D,0x0D0D0D0D,0x0D0D0D0D

	.word 0x0D0D0D0D,0x0D0D0D0D,0x000D0D0D,0x00170000,0x17170000,0x0F171717,0x170F1717,0x17171717
	.word 0x00001717,0x0D0D0D00,0x0D0D0D0D,0x0D0D0D0D,0x0D0D0D0D,0x00000D0D,0x16161616,0x16161616
	.word 0x16161616,0x16160000,0x00000016,0x0D0D0D0D,0x0D0D0D0D,0x0D0D0D0D,0x0D0D0D0D,0x0D0D0D0D
	.word 0x0D0D0D0D,0x0D0D0D0D,0x0D0D0D0D,0x0D0D0D0D,0x0D0D0D0D,0x0D0D0D0D,0x0D0D0D0D,0x0D0D0D0D
	.word 0x0D0D0D0D,0x0D0D0D0D,0x0D0D0D0D,0x0100000D,0x01010101,0x00010101,0x01010100,0x01010101
	.word 0x01010101,0x01000001,0x01010101,0x0D000001,0x0D0D0D0D,0x0D0D0D0D,0x0D0D0D0D,0x0D0D0D0D
	.word 0x0D0D0D0D,0x0D0D0D0D,0x00000000,0x0B0B0B0B,0x0B0B0B0B,0x0B0B0B0B,0x0B0B0B0B,0x0B0B0B0B
	.word 0x0B0B0B0B,0x0B0B0B0B,0x0000000B,0x0D0D0D10,0x0D0D0D0D,0x0D0D0D0D,0x0D0D0D0D,0x0D0D0D0D

	.word 0x0D0D0D0D,0x0D0D0D0D,0x000D0D0D,0x17170000,0x17170000,0x110F1717,0x17111717,0x11171113
	.word 0x00001715,0x0D0D0D00,0x0D0D0D0D,0x0D0D0D0D,0x0D0D0D0D,0x00000D0D,0x16161616,0x16161616
	.word 0x16161616,0x16000000,0x00000016,0x0D0D0D0D,0x0D0D0D0D,0x0D0D0D0D,0x0D0D0D0D,0x0D0D0D0D
	.word 0x0D0D0D0D,0x0D0D0D0D,0x0D0D0D0D,0x0D0D0D0D,0x0D0D0D0D,0x0D0D0D0D,0x0D0D0D0D,0x0D0D0D0D
	.word 0x0D0D0D0D,0x000D0D0D,0x00000000,0x00000000,0x00000000,0x00000000,0x01010100,0x01010101
	.word 0x01010101,0x01000001,0x01010101,0x0D000001,0x0D0D0D0D,0x0D0D0D0D,0x0D0D0D0D,0x0D0D0D0D
	.word 0x0D0D0D0D,0x000D0D0D,0x0B000000,0x0B0B0B0B,0x0B0B0B0B,0x0B0B0B0B,0x0B0B0B0B,0x0B0B0B0B
	.word 0x0B0B0B0B,0x0B0B0B0B,0x00000B0B,0x0D0D0D00,0x0D0D0D0D,0x0D0D0D0D,0x0D0D0D0D,0x0D0D0D0D

	.word 0x0D0D0D0D,0x0D0D0D0D,0x000D0D0D,0x17171700,0x17000000,0x17171717,0x17171717,0x17171717
	.word 0x00001717,0x0D0D0D00,0x0D0D0D0D,0x0D0D0D0D,0x0D0D0D0D,0x00000D0D,0x16161616,0x16161616
	.word 0x16161616,0x16000016,0x0D000000,0x0D0D0D0D,0x0D0D0D0D,0x0D0D0D0D,0x0D0D0D0D,0x0D0D0D0D
	.word 0x0D0D0D0D,0x0D0D0D0D,0x0D0D0D0D,0x0D0D0D0D,0x0D0D0D0D,0x0D0D0D0D,0x0D0D0D0D,0x0D0D0D0D
	.word 0x0D0D0D0D,0x00000D0D,0x00000000,0x00000000,0x00000000,0x00000000,0x01000000,0x01010101
	.word 0x01010101,0x01000000,0x01010101,0x0D000001,0x0D0D0D0D,0x0D0D0D0D,0x0D0D0D0D,0x0D0D0D0D
	.word 0x0D0D0D0D,0x0000000D,0x0B000000,0x0B0B0B0B,0x0B0B0B0B,0x0B0B0B0B,0x0B0B0B0B,0x0B0B0B0B
	.word 0x0B0B0B0B,0x0B0B0B0B,0x000B0B0B,0x0D0D0400,0x0D0D0D0D,0x0D0D0D0D,0x0D0D0D0D,0x0D0D0D0D

	.word 0x0D0D0D0D,0x0D0D0D0D,0x000D0D0D,0x17171700,0x00000017,0x17171717,0x17171717,0x17171717
	.word 0x00001717,0x0D0D0D00,0x0D0D0D0D,0x0D0D0D0D,0x0D0D0D0D,0x0000000D,0x16161616,0x16161616
	.word 0x16161616,0x00000016,0x0D0D0000,0x0D0D0D0D,0x0D0D0D0D,0x0D0D0D0D,0x0D0D0D0D,0x0D0D0D0D
	.word 0x0D0D0D0D,0x0D0D0D0D,0x0D0D0D0D,0x0D0D0D0D,0x0D0D0D0D,0x0D0D0D0D,0x0D0D0D0D,0x0D0D0D0D
	.word 0x0D0D0D0D,0x00000D0D,0x14141400,0x14141414,0x14141414,0x00001414,0x00000000,0x01010000
	.word 0x01010101,0x01000000,0x01010101,0x0D000001,0x0D0D0D0D,0x0D0D0D0D,0x0D0D0D0D,0x0D0D0D0D
	.word 0x0D0D0D0D,0x0000000D,0x0B0B0000,0x0B0B0B0B,0x0B0B0B0B,0x0B0B0B0B,0x0B0B0B0B,0x0B0B0B0B
	.word 0x0B0B0B0B,0x0B0B0B0B,0x0B0B0B0B,0x0D100000,0x0D0D0D0D,0x0D0D0D0D,0x0D0D0D0D,0x0D0D0D0D

	.word 0x0D0D0D0D,0x0D0D0D0D,0x000D0D0D,0x17171700,0x00001717,0x17171700,0x17171717,0x17171717
	.word 0x00001717,0x0D0D0D00,0x0D0D0D0D,0x0D0D0D0D,0x0D0D0D0D,0x0000000D,0x16161616,0x16161616
	.word 0x16161616,0x00000016,0x0D0D0D00,0x0D0D0D0D,0x0D0D0D0D,0x0D0D0D0D,0x0D0D0D0D,0x0D0D0D0D
	.word 0x0D0D0D0D,0x0D0D0D0D,0x0D0D0D0D,0x0D0D0D0D,0x0D0D0D0D,0x0D0D0D0D,0x0D0D0D0D,0x0D0D0D0D
	.word 0x0D0D0D0D,0x00000D0D,0x14140000,0x00001414,0x00001400,0x14001400,0x00001414,0x01000000
	.word 0x01010101,0x01010000,0x01010101,0x0D000001,0x0D0D0D0D,0x0D0D0D0D,0x0D0D0D0D,0x0D0D0D0D
	.word 0x0D0D0D0D,0x0B000000,0x0B0B0000,0x0B0B0B0B,0x0B0B0B0B,0x0B0B0B0B,0x0B0B0B0B,0x0B0B0B0B
	.word 0x0B0B0B0B,0x0B0B0B0B,0x0B0B0B0B,0x0D000000,0x0D0D0D0D,0x0D0D0D0D,0x0D0D0D0D,0x0D0D0D0D

	.word 0x000D0D0D,0x00000000,0x00000000,0x17171700,0x00171717,0x00000000,0x00000000,0x00000000
	.word 0x00000000,0x00000000,0x00000000,0x00000000,0x00000000,0x00000000,0x16161616,0x16161616
	.word 0x16161616,0x00000016,0x00000000,0x00000000,0x00000000,0x00000000,0x00000000,0x00000000
	.word 0x00000000,0x00000000,0x00000000,0x00000000,0x00000000,0x00000000,0x00000000,0x00000000
	.word 0x00000000,0x00000000,0x14000000,0x00001414,0x00000000,0x00000000,0x14141414,0x00000000
	.word 0x00000000,0x00000000,0x00000000,0x00000000,0x00000000,0x00000000,0x00000000,0x00000000
	.word 0x00000000,0x00000000,0x00000000,0x00000000,0x00000000,0x00000000,0x00000000,0x00000000
	.word 0x00000000,0x00000000,0x00000000,0x00000000,0x00000000,0x00000000,0x00000000,0x00000000

	.word 0x00000D0D,0x00000000,0x00000000,0x17171700,0x17171717,0x00000000,0x00000000,0x00000000
	.word 0x00000000,0x00000000,0x00000000,0x00000000,0x00000000,0x00000000,0x16161616,0x16161616
	.word 0x16161616,0x00000016,0x00000000,0x00000000,0x00000000,0x00000000,0x00000000,0x00000000
	.word 0x00000000,0x00000000,0x00000000,0x00000000,0x00000000,0x00000000,0x00000000,0x00000000
	.word 0x00000000,0x00000000,0x00000000,0x00141414,0x00000000,0x00141414,0x14141414,0x00001414
	.word 0x00000000,0x00000000,0x00000000,0x00000000,0x00000000,0x00000000,0x00000000,0x00000000
	.word 0x00000000,0x00000000,0x00000000,0x00000000,0x00000000,0x00000000,0x00000000,0x00000000
	.word 0x00000000,0x00000000,0x00000000,0x00000000,0x00000000,0x00000000,0x00000000,0x00000000

	.word 0x00000D0D,0x00000000,0x00000000,0x17171700,0x17171717,0x00000017,0x00000000,0x00000000
	.word 0x00000000,0x00000000,0x00000000,0x00000000,0x00000000,0x00000000,0x16161616,0x16161616
	.word 0x16161616,0x00000016,0x00000000,0x00000000,0x00000000,0x00000000,0x00000000,0x00000000
	.word 0x00000000,0x00000000,0x00000000,0x00000000,0x00000000,0x00000000,0x00000000,0x00000000
	.word 0x00000000,0x00000000,0x00001400,0x14140000,0x14140014,0x14141414,0x14141414,0x00141414
	.word 0x00000000,0x00000000,0x00000000,0x00000000,0x00000000,0x00000000,0x00000000,0x00000000
	.word 0x00000000,0x00000000,0x00000000,0x00000000,0x00000000,0x00000000,0x00000000,0x00000000
	.word 0x00000000,0x00000000,0x00000000,0x00000000,0x00000000,0x00000000,0x00000000,0x00000000

	.word 0x00000D0D,0x0A000000,0x00160A0A,0x17171700,0x17171717,0x00001717,0x17171700,0x17170000
	.word 0x17000017,0x00000017,0x13131300,0x13131313,0x13131313,0x00001313,0x16161600,0x16161616
	.word 0x16161616,0x00000016,0x13131313,0x13131313,0x13131313,0x13131313,0x13131313,0x13131313
	.word 0x13131313,0x13131313,0x13131313,0x13131313,0x13131313,0x13131313,0x13131313,0x13131313
	.word 0x13131313,0x00001313,0x00001400,0x14000000,0x14141414,0x00141414,0x00000000,0x00000000
	.word 0x13130000,0x13131313,0x13131313,0x13131313,0x13131313,0x13131313,0x13131313,0x13131313
	.word 0x13131313,0x13131313,0x13131313,0x13131313,0x13131313,0x13131313,0x13131313,0x13131313
	.word 0x13131313,0x13131313,0x13131313,0x13131313,0x13131313,0x13131313,0x13131313,0x13131313

	.word 0x00000D0D,0x00000000,0x000A0A0A,0x17170000,0x17171717,0x00171717,0x00000000,0x00000000
	.word 0x00000000,0x00000000,0x13130000,0x13131313,0x13131313,0x00000013,0x16160000,0x16161616
	.word 0x16161616,0x00000016,0x13131313,0x13131313,0x13131313,0x13131313,0x13131313,0x13131313
	.word 0x13131313,0x13131313,0x13131313,0x13131313,0x13131313,0x13131313,0x13131313,0x13131313
	.word 0x13131313,0x00001313,0x00001400,0x00000000,0x00000000,0x00000000,0x00000000,0x00000000
	.word 0x13130000,0x13131313,0x13131313,0x13131313,0x13131313,0x13131313,0x13131313,0x13131313
	.word 0x13131313,0x13131313,0x13131313,0x13131313,0x13131313,0x13131313,0x13131313,0x13131313
	.word 0x13131313,0x13131313,0x13131313,0x13131313,0x13131313,0x13131313,0x13131313,0x13131313

	.word 0x00000D0D,0x00000000,0x160A0A00,0x17000000,0x17171717,0x17171717,0x17000000,0x00001717
	.word 0x00171717,0x17171700,0x13000000,0x13131313,0x13131313,0x00000000,0x16000000,0x16161616
	.word 0x16161616,0x00000016,0x13130000,0x13131313,0x13131313,0x13131313,0x13131313,0x13131313
	.word 0x13131313,0x13131313,0x13131313,0x13131313,0x13131313,0x13131313,0x13131313,0x13131313
	.word 0x13131313,0x00001313,0x00000000,0x00001414,0x00000000,0x00000000,0x00000000,0x00000000
	.word 0x13130000,0x13131313,0x13131313,0x13131313,0x13131313,0x13131313,0x13131313,0x13131313
	.word 0x13131313,0x13131313,0x13131313,0x13131313,0x13131313,0x13131313,0x13131313,0x13131313
	.word 0x13131313,0x13131313,0x13131313,0x13131313,0x13131313,0x13131313,0x13131313,0x13131313

	.word 0x00000D0D,0x00000500,0x0A0A0000,0x00000000,0x17171717,0x17171717,0x00000000,0x00000000
	.word 0x00000000,0x00000000,0x00000000,0x13131313,0x13131313,0x19190000,0x00000000,0x16161616
	.word 0x16161616,0x00000000,0x00000000,0x13131313,0x13131313,0x13131313,0x13131313,0x13131313
	.word 0x13131313,0x13131313,0x13131313,0x13131313,0x13131313,0x13131313,0x13131313,0x13131313
	.word 0x13131313,0x00001313,0x00000000,0x00141414,0x00000000,0x00001400,0x00001414,0x14141414
	.word 0x13130000,0x13131313,0x13131313,0x13131313,0x13131313,0x13131313,0x13131313,0x13131313
	.word 0x13131313,0x13131313,0x13131313,0x13131313,0x13131313,0x13131313,0x13131313,0x13131313
	.word 0x13131313,0x13131313,0x13131313,0x13131313,0x13131313,0x13131313,0x13131313,0x13131313

	.word 0x00000D0D,0x00050500,0x16000000,0x00000016,0x17171700,0x17171717,0x00000017,0x00000000
	.word 0x00000000,0x00000000,0x00000000,0x13131300,0x13131313,0x19190000,0x00000019,0x16160000
	.word 0x00161616,0x19190000,0x00000019,0x13131300,0x13131313,0x13131313,0x13131313,0x13131313
	.word 0x13131313,0x13131313,0x13131313,0x13131313,0x13131313,0x13131313,0x13131313,0x13131313
	.word 0x13131313,0x00001313,0x00000000,0x00141400,0x14140000,0x00001414,0x00001414,0x14141414
	.word 0x13130000,0x13131313,0x13131313,0x13131313,0x13131313,0x13131313,0x13131313,0x13131313
	.word 0x13131313,0x13131313,0x13131313,0x13131313,0x13131313,0x13131313,0x13131313,0x13131313
	.word 0x13131313,0x13131313,0x13131313,0x13131313,0x13131313,0x13131313,0x13131313,0x13131313

	.word 0x000D0D0D,0x05050500,0x00000000,0x00001616,0x17170000,0x17171717,0x00000017,0x17171717
	.word 0x17171717,0x17171717,0x00001717,0x13130000,0x00131313,0x19190000,0x00191919,0x00000000
	.word 0x00000000,0x19191900,0x00191919,0x13130000,0x13131313,0x13131313,0x13131313,0x13131313
	.word 0x13131313,0x13131313,0x13131313,0x13131313,0x13131313,0x13131313,0x13131313,0x13131313
	.word 0x13131313,0x00001313,0x00001400,0x00000000,0x14141400,0x00000000,0x00000000,0x00000000
	.word 0x13130000,0x13131313,0x13131313,0x13131313,0x13131313,0x13131313,0x13131313,0x13131313
	.word 0x13131313,0x13131313,0x13131313,0x13131313,0x13131313,0x13131313,0x13131313,0x13131313
	.word 0x13131313,0x13131313,0x13131313,0x13131313,0x13131313,0x13131313,0x13131313,0x13131313

	.word 0x000D0D0D,0x05050500,0x00000005,0x00161600,0x17000000,0x17171717,0x17000017,0x17171717
	.word 0x17171717,0x17171717,0x00001717,0x13000000,0x00001313,0x19191900,0x19191919,0x00000000
	.word 0x00000000,0x19191919,0x00191919,0x13000000,0x13131313,0x13131313,0x13131313,0x13131313
	.word 0x13131313,0x13131313,0x13131313,0x13131313,0x13131313,0x13131313,0x13131313,0x13131313
	.word 0x13131313,0x00001313,0x00001400,0x00000000,0x00000000,0x00000000,0x00000000,0x00000000
	.word 0x13130000,0x13131313,0x13131313,0x13131313,0x13131313,0x13131313,0x13131313,0x13131313
	.word 0x13131313,0x13131313,0x13131313,0x13131313,0x13131313,0x13131313,0x13131313,0x13131313
	.word 0x13131313,0x13131313,0x13131313,0x13131313,0x13131313,0x13131313,0x13131313,0x13131313

	.word 0x000D0D0D,0x05050500,0x00000505,0x16160000,0x00000016,0x17171717,0x17000017,0x17171717
	.word 0x17171717,0x17171717,0x00001717,0x00000000,0x00001313,0x19191900,0x19191919,0x00001919
	.word 0x19000000,0x19191919,0x19191919,0x13000000,0x13131313,0x13131313,0x13131313,0x13131313
	.word 0x13131313,0x13131313,0x13131313,0x13131313,0x13131313,0x13131313,0x13131313,0x13131313
	.word 0x13131313,0x00001313,0x00001414,0x00000000,0x00000000,0x00000000,0x00000000,0x00000000
	.word 0x13130000,0x13131313,0x13131313,0x13131313,0x13131313,0x13131313,0x13131313,0x13131313
	.word 0x13131313,0x13131313,0x13131313,0x13131313,0x13131313,0x13131313,0x13131313,0x13131313
	.word 0x13131313,0x13131313,0x13131313,0x13131313,0x13131313,0x13131313,0x13131313,0x13131313

	.word 0x000D0D0D,0x05050500,0x00050505,0x16000000,0x00001616,0x17171700,0x17000000,0x17171717
	.word 0x17171717,0x17171717,0x00001717,0x00000016,0x00001300,0x19191919,0x19191919,0x19191919
	.word 0x19191919,0x19191919,0x19191919,0x00000019,0x13131313,0x13131313,0x13131313,0x13131313
	.word 0x13131313,0x13131313,0x13131313,0x13131313,0x13131313,0x13131313,0x13131313,0x13131313
	.word 0x13131313,0x00001313,0x00000000,0x00001400,0x14140000,0x00000014,0x00001414,0x14141414
	.word 0x13130000,0x13131313,0x13131313,0x13131313,0x13131313,0x13131313,0x13131313,0x13131313
	.word 0x13131313,0x13131313,0x13131313,0x13131313,0x13131313,0x13131313,0x13131313,0x13131313
	.word 0x13131313,0x13131313,0x13131313,0x13131313,0x13131313,0x13131313,0x13131313,0x13131313

	.word 0x000D0D0D,0x05050500,0x05050505,0x00000000,0x00161616,0x17170000,0x17170000,0x17171717
	.word 0x17171717,0x17171717,0x00000017,0x00000A0A,0x00000000,0x19191919,0x19191919,0x19191919
	.word 0x19191919,0x19191919,0x19191919,0x00001919,0x13131313,0x13131313,0x13131313,0x13131313
	.word 0x13131313,0x13131313,0x13131313,0x13131313,0x13131313,0x13131313,0x13131313,0x13131313
	.word 0x13131313,0x00001313,0x00000000,0x00001400,0x14141400,0x00000014,0x00001414,0x00141414
	.word 0x13130000,0x13131313,0x13131313,0x13131313,0x13131313,0x13131313,0x13131313,0x13131313
	.word 0x13131313,0x13131313,0x13131313,0x13131313,0x13131313,0x13131313,0x13131313,0x13131313
	.word 0x13131313,0x13131313,0x13131313,0x13131313,0x13131313,0x13131313,0x13131313,0x13131313

	.word 0x000D0D0D,0x05050500,0x05050505,0x00000005,0x0A0A1600,0x00000000,0x17170000,0x00000000
	.word 0x00000000,0x00000000,0x00000000,0x000A0A0A,0x19000000,0x19191919,0x19191919,0x19191919
	.word 0x19191919,0x19191919,0x19191919,0x00001919,0x13131300,0x13131313,0x13131313,0x13131313
	.word 0x13131313,0x13131313,0x13131313,0x13131313,0x13131313,0x13131313,0x13131313,0x13131313
	.word 0x13131313,0x13131313,0x00000000,0x00001400,0x14141400,0x14000014,0x00001414,0x00141414
	.word 0x13130000,0x13131313,0x13131313,0x13131313,0x13131313,0x13131313,0x13131313,0x13131313
	.word 0x13131313,0x13131313,0x13131313,0x13131313,0x13131313,0x13131313,0x13131313,0x13131313
	.word 0x13131313,0x13131313,0x13131313,0x13131313,0x13131313,0x13131313,0x13131313,0x13131313

	.word 0x000D0D0D,0x05050500,0x05050505,0x00050505,0x0A0A0000,0x0000000A,0x00000000,0x00000000
	.word 0x00000000,0x00000000,0x0A000000,0x0A0A0A0A,0x19000000,0x19191919,0x19191919,0x19191919
	.word 0x19191919,0x19191919,0x19191919,0x00191919,0x13131300,0x13131313,0x13131313,0x13131313
	.word 0x13131313,0x13131313,0x13131313,0x13131313,0x13131313,0x13131313,0x13131313,0x13131313
	.word 0x13131313,0x13131313,0x00000013,0x00000000,0x14141400,0x14000014,0x00001414,0x00141414
	.word 0x13130000,0x13131313,0x13131313,0x13131313,0x13131313,0x13131313,0x13131313,0x13131313
	.word 0x13131313,0x13131313,0x13131313,0x13131313,0x13131313,0x13131313,0x13131313,0x13131313
	.word 0x13131313,0x13131313,0x13131313,0x13131313,0x13131313,0x13131313,0x13131313,0x13131313

	.word 0x000D0D0D,0x05050500,0x05050505,0x00050505,0x0A000000,0x00000A0A,0x00000000,0x16000000
	.word 0x0A0A1616,0x0A0A0A0A,0x0A0A0A0A,0x0A0A0A0A,0x19000000,0x19001919,0x19191919,0x19191919
	.word 0x19191919,0x00191919,0x19191900,0x00191919,0x13131300,0x13131313,0x13131313,0x13131313
	.word 0x13131313,0x13131313,0x13131313,0x13131313,0x13131313,0x13131313,0x13131313,0x13131313
	.word 0x13131313,0x13131313,0x00001313,0x00000000,0x00000000,0x00000000,0x00000000,0x00000000
	.word 0x13130000,0x13131313,0x13131313,0x13131313,0x13131313,0x13131313,0x13131313,0x13131313
	.word 0x13131313,0x13131313,0x13131313,0x13131313,0x13131313,0x13131313,0x13131313,0x13131313
	.word 0x13131313,0x13131313,0x13131313,0x13131313,0x13131313,0x13131313,0x13131313,0x13131313

	.word 0x000D0D0D,0x05050500,0x05050505,0x05050505,0x00000000,0x000A0A0A,0x0A161600,0x0A0A0A0A
	.word 0x0A0A0A0A,0x0A0A0A0A,0x0A0A0A0A,0x0A0A0A0A,0x19190000,0x00000019,0x19191919,0x19191919
	.word 0x19191919,0x00191919,0x19191900,0x00191919,0x13131300,0x13131313,0x13131313,0x13131313
	.word 0x13131313,0x13131313,0x13131313,0x13131313,0x13131313,0x13131313,0x13131313,0x13131313
	.word 0x13131313,0x13131313,0x00131313,0x00000000,0x00000000,0x00000000,0x00000000,0x00000000
	.word 0x13130000,0x13131313,0x13131313,0x13131313,0x13131313,0x13131313,0x13131313,0x13131313
	.word 0x13131313,0x13131313,0x13131313,0x13131313,0x13131313,0x13131313,0x13131313,0x13131313
	.word 0x13131313,0x13131313,0x13131313,0x13131313,0x13131313,0x13131313,0x13131313,0x13131313

	.word 0x000D0D0D,0x05050500,0x05050505,0x05050505,0x00000005,0x0A0A0A00,0x0A0A0A0A,0x0A0A0A0A
	.word 0x0A0A0A0A,0x0A0A0A0A,0x0A0A0A0A,0x0A0A0A0A,0x19190000,0x00000019,0x19191919,0x19191919
	.word 0x19191919,0x00191919,0x19191900,0x00191919,0x13130000,0x13131313,0x13131313,0x13131313
	.word 0x13131313,0x13131313,0x13131313,0x13131313,0x13131313,0x13131313,0x13131313,0x13131313
	.word 0x13131313,0x13131313,0x13131313,0x00000000,0x00000000,0x00000000,0x00000000,0x00000000
	.word 0x13131300,0x13131313,0x13131313,0x13131313,0x13131313,0x13131313,0x13131313,0x13131313
	.word 0x13131313,0x13131313,0x13131313,0x13131313,0x13131313,0x13131313,0x13131313,0x13131313
	.word 0x13131313,0x13131313,0x13131313,0x13131313,0x13131313,0x13131313,0x13131313,0x13131313

	.word 0x000D0D0D,0x05050500,0x05050505,0x05050505,0x00000505,0x0A0A0000,0x0A0A0A0A,0x0A0A0A0A
	.word 0x0A0A0A0A,0x0A0A0A0A,0x0A0A0A0A,0x000A0A0A,0x19190000,0x00000019,0x19191919,0x19191919
	.word 0x19191919,0x00191919,0x19191900,0x19191919,0x13130000,0x13131313,0x13131313,0x13131313
	.word 0x13131313,0x13131313,0x13131313,0x13131313,0x13131313,0x13131313,0x13131313,0x13131313
	.word 0x13131313,0x13131313,0x13131313,0x13131313,0x13131313,0x13131313,0x13131313,0x13131313
	.word 0x13131313,0x13131313,0x13131313,0x13131313,0x13131313,0x13131313,0x13131313,0x13131313
	.word 0x13131313,0x13131313,0x13131313,0x13131313,0x13131313,0x13131313,0x13131313,0x13131313
	.word 0x13131313,0x13131313,0x13131313,0x13131313,0x13131313,0x13131313,0x13131313,0x13131313

	.word 0x000D0D0D,0x05050500,0x05050505,0x05050505,0x00050505,0x0A0A0000,0x0A0A0A0A,0x0A0A0A0A
	.word 0x0A0A0A0A,0x0A0A0A0A,0x0A0A0A0A,0x000A0A0A,0x19191900,0x00001919,0x19191919,0x19191919
	.word 0x19191919,0x00191919,0x19191900,0x19191919,0x13130000,0x13131313,0x00131313,0x00000000
	.word 0x13131300,0x13131313,0x13131313,0x13131313,0x13131313,0x13131313,0x13131313,0x13131313
	.word 0x13131313,0x13131313,0x13131313,0x13131313,0x13131313,0x13131313,0x13131313,0x13131313
	.word 0x13131313,0x13131313,0x13131313,0x13131313,0x13131313,0x13131313,0x13131313,0x13131313
	.word 0x13131313,0x13131313,0x13131313,0x13131313,0x13131313,0x13131313,0x13131313,0x13131313
	.word 0x13131313,0x13131313,0x13131313,0x13131313,0x13131313,0x13131313,0x13131313,0x13131313

	.word 0x000D0D0D,0x05050500,0x05050505,0x05050505,0x00050505,0x0A000000,0x0A0A0A0A,0x0A0A0A0A
	.word 0x0A0A0A0A,0x0A0A0A0A,0x0A0A0A0A,0x000A0A0A,0x19191900,0x00001919,0x19191900,0x19191919
	.word 0x19191919,0x00191919,0x19191900,0x19191919,0x13130000,0x13131313,0x00000013,0x00000000
	.word 0x13000000,0x13131313,0x13131313,0x13131313,0x13131313,0x13131313,0x13131313,0x13131313
	.word 0x13131313,0x13131313,0x13131313,0x13131313,0x13131313,0x13131313,0x13131313,0x13131313
	.word 0x13131313,0x13131313,0x13131313,0x13131313,0x13131313,0x13131313,0x13131313,0x13131313
	.word 0x13131313,0x13131313,0x13131313,0x13131313,0x13131313,0x13131313,0x13131313,0x13131313
	.word 0x13131313,0x13131313,0x13131313,0x13131313,0x13131313,0x13131313,0x13131313,0x13131313

	.word 0x000D0D0D,0x05050500,0x05050505,0x05050505,0x05050505,0x00000000,0x0A0A0A0A,0x0A0A0A0A
	.word 0x0A0A0A0A,0x0A0A0A0A,0x0A0A0A0A,0x000A0A0A,0x19191900,0x00191919,0x19191900,0x19191919
	.word 0x19191919,0x00191919,0x19191900,0x19191919,0x13130000,0x13131313,0x00000000,0x0E0E0E0E
	.word 0x00000000,0x13131300,0x13131313,0x13131313,0x13131313,0x13131313,0x13131313,0x13131313
	.word 0x13131313,0x13131313,0x13131313,0x13131313,0x13131313,0x13131313,0x13131313,0x13131313
	.word 0x13131313,0x13131313,0x13131313,0x13131313,0x13131313,0x13131313,0x13131313,0x13131313
	.word 0x13131313,0x13131313,0x13131313,0x13131313,0x13131313,0x13131313,0x13131313,0x13131313
	.word 0x13131313,0x13131313,0x13131313,0x13131313,0x13131313,0x13131313,0x13131313,0x13131313

	.word 0x000D0D0D,0x05050500,0x05050505,0x05050505,0x05050505,0x00000005,0x0A0A0A00,0x0A0A0A0A
	.word 0x0A0A0A0A,0x0A0A0A0A,0x0A0A0A0A,0x00160A0A,0x19191900,0x00191919,0x19190000,0x19191919
	.word 0x19191919,0x00191919,0x19191900,0x19191919,0x13130000,0x00001313,0x00000000,0x0E0E0E0E
	.word 0x00000E0E,0x13131300,0x13131313,0x13131313,0x13131313,0x13131313,0x13131313,0x13131313
	.word 0x13131313,0x13131313,0x13131313,0x13131313,0x13131313,0x13131313,0x13131313,0x13131313
	.word 0x13131313,0x13131313,0x13131313,0x13131313,0x13131313,0x13131313,0x13131313,0x13131313
	.word 0x13131313,0x13131313,0x13131313,0x13131313,0x13131313,0x13131313,0x13131313,0x13131313
	.word 0x13131313,0x13131313,0x13131313,0x13131313,0x13131313,0x13131313,0x13131313,0x13131313

	.word 0x000D0D0D,0x05050500,0x05050505,0x05050505,0x05050505,0x00000505,0x0A0A0000,0x0A0A0A0A
	.word 0x0A0A0A0A,0x0A0A0A0A,0x0A0A0A0A,0x00000A0A,0x19191900,0x19191919,0x19190000,0x19191919
	.word 0x19191919,0x00191919,0x19190000,0x19191919,0x00000019,0x00000000,0x00001900,0x0E0E0000
	.word 0x00000E0E,0x13131300,0x13131313,0x13131313,0x13131313,0x13131313,0x13131313,0x13131313
	.word 0x13131313,0x13131313,0x13131313,0x13131313,0x13131313,0x13131313,0x13131313,0x13131313
	.word 0x13131313,0x13131313,0x13131313,0x13131313,0x13131313,0x13131313,0x13131313,0x13131313
	.word 0x13131313,0x13131313,0x13131313,0x13131313,0x13131313,0x13131313,0x13131313,0x13131313
	.word 0x13131313,0x13131313,0x13131313,0x13131313,0x13131313,0x13131313,0x13131313,0x13131313

	.word 0x000D0D0D,0x05050500,0x05050505,0x05050505,0x05050505,0x00050505,0x00000000,0x00000000
	.word 0x00000000,0x00000000,0x00000000,0x00000000,0x19191919,0x19191919,0x19190000,0x19191919
	.word 0x19191919,0x00191919,0x19190000,0x19191919,0x00001919,0x00000000,0x00191919,0x00000000
	.word 0x00000E0E,0x00000000,0x00000000,0x00000000,0x00000000,0x00000000,0x00000000,0x00000000
	.word 0x00000000,0x00000000,0x00000000,0x00000000,0x00000000,0x00000000,0x00000000,0x00000000
	.word 0x00000000,0x00000000,0x00000000,0x00000000,0x00000000,0x00000000,0x00000000,0x00000000
	.word 0x00000000,0x00000000,0x00000000,0x00000000,0x00000000,0x00000000,0x00000000,0x00000000
	.word 0x00000000,0x00000000,0x00000000,0x00000000,0x00000000,0x00000000,0x00000000,0x00000000

	.word 0x000D0D0D,0x05050000,0x05050505,0x05050505,0x05050505,0x05050505,0x00000000,0x00000000
	.word 0x00000000,0x00000000,0x00000000,0x00000000,0x19191919,0x00191919,0x19000000,0x19191919
	.word 0x19191919,0x19191919,0x19190000,0x19191919,0x19191919,0x19191919,0x19191919,0x00000019
	.word 0x00000000,0x00000000,0x00000000,0x00000000,0x00000000,0x00000000,0x00000000,0x00000000
	.word 0x00000000,0x00000000,0x00000000,0x00000000,0x00000000,0x00000000,0x00000000,0x00000000
	.word 0x00000000,0x00000000,0x00000000,0x00000000,0x00000000,0x00000000,0x00000000,0x00000000
	.word 0x00000000,0x00000000,0x00000000,0x00000000,0x00000000,0x00000000,0x00000000,0x00000000
	.word 0x00000000,0x00000000,0x00000000,0x00000000,0x00000000,0x00000000,0x00000000,0x00000000

	.word 0x040D0D0D,0x05050000,0x05050505,0x05050505,0x05050505,0x05050505,0x05050000,0x05050505
	.word 0x05050505,0x05050505,0x05050505,0x00000505,0x19191919,0x00001919,0x19000000,0x19191919
	.word 0x19191919,0x19191919,0x19190000,0x19191919,0x19191919,0x19191919,0x19191919,0x00001919
	.word 0x00000000,0x05050505,0x05050505,0x05050505,0x05050505,0x05050505,0x05050505,0x05050505
	.word 0x05050505,0x05050505,0x05050505,0x05050505,0x05050505,0x05050505,0x05050505,0x05050505
	.word 0x05050505,0x05050505,0x05050505,0x05050505,0x05050505,0x05050505,0x05050505,0x05050505
	.word 0x05050505,0x05050505,0x05050505,0x05050505,0x05050505,0x05050505,0x05050505,0x05050505
	.word 0x05050505,0x05050505,0x05050505,0x05050505,0x05050505,0x05050505,0x05050505,0x05050505

	.word 0x040D0D0D,0x05050000,0x05050505,0x05050505,0x05050505,0x05050505,0x05050000,0x05050505
	.word 0x05050505,0x05050505,0x05050505,0x00000505,0x19191919,0x00001919,0x19000000,0x19191919
	.word 0x19191919,0x19191919,0x19190000,0x19191919,0x19191919,0x19191919,0x19191919,0x00000000
	.word 0x05050505,0x05050505,0x05050505,0x05050505,0x05050505,0x05050505,0x05050505,0x05050505
	.word 0x05050505,0x05050505,0x05050505,0x05050505,0x05050505,0x05050505,0x05050505,0x05050505
	.word 0x05050505,0x05050505,0x05050505,0x05050505,0x05050505,0x05050505,0x05050505,0x05050505
	.word 0x05050505,0x05050505,0x05050505,0x05050505,0x05050505,0x05050505,0x05050505,0x05050505
	.word 0x05050505,0x05050505,0x05050505,0x05050505,0x05050505,0x05050505,0x05050505,0x05050505

	.word 0x040D0D0D,0x05050000,0x05050505,0x05050505,0x05050505,0x05050505,0x05050000,0x05050505
	.word 0x05050505,0x05050505,0x05050505,0x00000505,0x19191919,0x00001919,0x19000000,0x19191919
	.word 0x19191919,0x19191919,0x19000000,0x19191919,0x19191919,0x19191919,0x00001919,0x05000000
	.word 0x05050505,0x05050505,0x05050505,0x05050505,0x05050505,0x05050505,0x05050505,0x05050505
	.word 0x05050505,0x05050505,0x05050505,0x05050505,0x05050505,0x05050505,0x05050505,0x05050505
	.word 0x05050505,0x05050505,0x05050505,0x05050505,0x05050505,0x05050505,0x05050505,0x05050505
	.word 0x05050505,0x05050505,0x05050505,0x05050505,0x05050505,0x05050505,0x05050505,0x05050505
	.word 0x05050505,0x05050505,0x05050505,0x05050505,0x05050505,0x05050505,0x05050505,0x05050505

	.word 0x040D0D0D,0x05050000,0x05050505,0x05050505,0x05050505,0x05050505,0x05050000,0x05050505
	.word 0x05050505,0x05050505,0x05050505,0x00000505,0x19191919,0x00001919,0x19000000,0x19191919
	.word 0x19191919,0x19191919,0x00000019,0x19191919,0x19191919,0x00001919,0x00000000,0x05050500
	.word 0x05050505,0x05050505,0x05050505,0x05050505,0x05050505,0x05050505,0x05050505,0x05050505
	.word 0x05050505,0x05050505,0x05050505,0x05050505,0x05050505,0x05050505,0x05050505,0x05050505
	.word 0x05050505,0x05050505,0x05050505,0x05050505,0x05050505,0x05050505,0x05050505,0x05050505
	.word 0x05050505,0x05050505,0x05050505,0x05050505,0x05050505,0x05050505,0x05050505,0x05050505
	.word 0x05050505,0x05050505,0x05050505,0x05050505,0x05050505,0x05050505,0x05050505,0x05050505

	.word 0x040D0D0D,0x05050000,0x05050505,0x05050505,0x05050505,0x05050505,0x05000000,0x05050505
	.word 0x05050505,0x05050505,0x05050505,0x00000505,0x19191919,0x00000019,0x19000000,0x19191919
	.word 0x19191919,0x19191919,0x00001919,0x19190000,0x19191919,0x00000000,0x05000000,0x05050505
	.word 0x05050505,0x05050505,0x05050505,0x05050505,0x05050505,0x05050505,0x05050505,0x05050505
	.word 0x05050505,0x05050505,0x05050505,0x05050505,0x05050505,0x05050505,0x05050505,0x05050505
	.word 0x05050505,0x05050505,0x05050505,0x05050505,0x05050505,0x05050505,0x05050505,0x05050505
	.word 0x05050505,0x05050505,0x05050505,0x05050505,0x05050505,0x05050505,0x05050505,0x05050505
	.word 0x05050505,0x05050505,0x05050505,0x05050505,0x05050505,0x05050505,0x05050505,0x05050505

	.word 0x040D0D0D,0x05050000,0x05050505,0x05050505,0x05050505,0x05050505,0x05000000,0x05050505
	.word 0x05050505,0x05050505,0x05050505,0x00000505,0x19191919,0x00000019,0x19000000,0x19191919
	.word 0x19191919,0x19191919,0x00191919,0x00000000,0x00000000,0x00000000,0x05050505,0x05050505
	.word 0x05050505,0x05050505,0x05050505,0x05050505,0x05050505,0x05050505,0x05050505,0x05050505
	.word 0x05050505,0x05050505,0x05050505,0x05050505,0x05050505,0x05050505,0x05050505,0x05050505
	.word 0x05050505,0x05050505,0x05050505,0x05050505,0x05050505,0x05050505,0x05050505,0x05050505
	.word 0x05050505,0x05050505,0x05050505,0x05050505,0x05050505,0x05050505,0x05050505,0x05050505
	.word 0x05050505,0x05050505,0x05050505,0x05050505,0x05050505,0x05050505,0x05050505,0x05050505

	.word 0x040D0D0D,0x05050000,0x05050505,0x05050505,0x05050505,0x05050505,0x05000000,0x05050505
	.word 0x05050505,0x05050505,0x05050505,0x00000505,0x19191919,0x00000019,0x19000000,0x19191919
	.word 0x19191919,0x19191919,0x00191919,0x00000000,0x00000000,0x05050500,0x05050505,0x05050505
	.word 0x05050505,0x05050505,0x05050505,0x05050505,0x05050505,0x05050505,0x05050505,0x05050505
	.word 0x05050505,0x05050505,0x05050505,0x05050505,0x05050505,0x05050505,0x05050505,0x05050505
	.word 0x05050505,0x05050505,0x05050505,0x05050505,0x05050505,0x05050505,0x05050505,0x05050505
	.word 0x05050505,0x05050505,0x05050505,0x05050505,0x05050505,0x05050505,0x05050505,0x05050505
	.word 0x05050505,0x05050505,0x05050505,0x05050505,0x05050505,0x05050505,0x05050505,0x05050505

	.word 0x040D0D0D,0x05050000,0x05050505,0x05050505,0x05050505,0x05050505,0x05000000,0x05050505
	.word 0x05050505,0x05050505,0x05050505,0x00000505,0x19191919,0x05000019,0x19000000,0x19191919
	.word 0x19191919,0x19191919,0x00191919,0x05050500,0x05050505,0x05050505,0x05050505,0x05050505
	.word 0x05050505,0x05050505,0x05050505,0x05050505,0x05050505,0x05050505,0x05050505,0x05050505
	.word 0x05050505,0x05050505,0x05050505,0x05050505,0x05050505,0x05050505,0x05050505,0x05050505
	.word 0x05050505,0x05050505,0x05050505,0x05050505,0x05050505,0x05050505,0x05050505,0x05050505
	.word 0x05050505,0x05050505,0x05050505,0x05050505,0x05050505,0x05050505,0x05050505,0x05050505
	.word 0x05050505,0x05050505,0x05050505,0x05050505,0x05050505,0x05050505,0x05050505,0x05050505

	.word 0x040D0D0D,0x05050000,0x05050505,0x05050505,0x05050505,0x05050505,0x05000000,0x05050505
	.word 0x05050505,0x05050505,0x05050505,0x00000505,0x19191919,0x05000019,0x19000000,0x19191919
	.word 0x19191919,0x19191919,0x00191919,0x05050500,0x05050505,0x05050505,0x05050505,0x05050505
	.word 0x05050505,0x05050505,0x05050505,0x05050505,0x05050505,0x05050505,0x05050505,0x05050505
	.word 0x05050505,0x05050505,0x05050505,0x05050505,0x05050505,0x05050505,0x05050505,0x05050505
	.word 0x05050505,0x05050505,0x05050505,0x05050505,0x05050505,0x05050505,0x05050505,0x05050505
	.word 0x05050505,0x05050505,0x05050505,0x05050505,0x05050505,0x05050505,0x05050505,0x05050505
	.word 0x05050505,0x05050505,0x05050505,0x05050505,0x05050505,0x05050505,0x05050505,0x05050505

	.word 0x100D0D0D,0x05050000,0x05050505,0x05050505,0x05050505,0x05050505,0x05000000,0x05050505
	.word 0x05050505,0x05050505,0x05050505,0x00000505,0x19191919,0x05000019,0x19000000,0x19191919
	.word 0x19191919,0x19191919,0x00191919,0x05050500,0x05050505,0x05050505,0x05050505,0x05050505
	.word 0x05050505,0x05050505,0x05050505,0x05050505,0x05050505,0x05050505,0x05050505,0x05050505
	.word 0x05050505,0x05050505,0x05050505,0x05050505,0x05050505,0x05050505,0x05050505,0x05050505
	.word 0x05050505,0x05050505,0x05050505,0x05050505,0x05050505,0x05050505,0x05050505,0x05050505
	.word 0x05050505,0x05050505,0x05050505,0x05050505,0x05050505,0x05050505,0x05050505,0x05050505
	.word 0x05050505,0x05050505,0x05050505,0x05050505,0x05050505,0x05050505,0x05050505,0x05050505

	.word 0x020D0D0D,0x05050000,0x05050505,0x05050505,0x05050505,0x05050505,0x05000000,0x05050505
	.word 0x05050505,0x05050505,0x05050505,0x00000505,0x19191919,0x05000000,0x19000000,0x19191919
	.word 0x19191919,0x19191919,0x00191919,0x05050500,0x05050505,0x05050505,0x05050505,0x05050505
	.word 0x05050505,0x05050505,0x05050505,0x05050505,0x05050505,0x05050505,0x05050505,0x05050505
	.word 0x05050505,0x05050505,0x05050505,0x05050505,0x05050505,0x05050505,0x05050505,0x05050505
	.word 0x05050505,0x05050505,0x05050505,0x05050505,0x05050505,0x05050505,0x05050505,0x05050505
	.word 0x05050505,0x05050505,0x05050505,0x05050505,0x05050505,0x05050505,0x05050505,0x05050505
	.word 0x05050505,0x05050505,0x05050505,0x05050505,0x05050505,0x05050505,0x05050505,0x05050505

	.word 0x020D0D0D,0x05050000,0x05050505,0x05050505,0x05050505,0x05050505,0x05000000,0x05050505
	.word 0x05050505,0x05050505,0x05050505,0x00050505,0x19191919,0x05000000,0x19000000,0x19191919
	.word 0x19191919,0x19191919,0x00191919,0x05050500,0x05050505,0x05050505,0x05050505,0x05050505
	.word 0x05050505,0x05050505,0x05050505,0x05050505,0x05050505,0x05050505,0x05050505,0x05050505
	.word 0x05050505,0x05050505,0x05050505,0x05050505,0x05050505,0x05050505,0x05050505,0x05050505
	.word 0x05050505,0x05050505,0x05050505,0x05050505,0x05050505,0x05050505,0x05050505,0x05050505
	.word 0x05050505,0x05050505,0x05050505,0x05050505,0x05050505,0x05050505,0x05050505,0x05050505
	.word 0x05050505,0x05050505,0x05050505,0x05050505,0x05050505,0x05050505,0x05050505,0x05050505

	.word 0x0D0D0D0D,0x05050000,0x05050505,0x05050505,0x05050505,0x05050505,0x05000000,0x05050505
	.word 0x05050505,0x05050505,0x05050505,0x00050505,0x19191900,0x05000000,0x19000000,0x19191919
	.word 0x19191919,0x19191919,0x00191919,0x05050500,0x05050505,0x05050505,0x05050505,0x05050505
	.word 0x05050505,0x05050505,0x05050505,0x05050505,0x05050505,0x05050505,0x05050505,0x05050505
	.word 0x05050505,0x05050505,0x05050505,0x05050505,0x05050505,0x05050505,0x05050505,0x05050505
	.word 0x05050505,0x05050505,0x05050505,0x05050505,0x05050505,0x05050505,0x05050505,0x05050505
	.word 0x05050505,0x05050505,0x05050505,0x05050505,0x05050505,0x05050505,0x05050505,0x05050505
	.word 0x05050505,0x05050505,0x05050505,0x05050505,0x05050505,0x05050505,0x05050505,0x05050505

	.word 0x0D0D0D0D,0x05000000,0x05050505,0x05050505,0x05050505,0x05050505,0x05000000,0x05050505
	.word 0x05050505,0x05050505,0x05050505,0x00050505,0x19191900,0x05000000,0x19000000,0x19191919
	.word 0x19191919,0x19191919,0x00191919,0x05050500,0x05050505,0x05050505,0x05050505,0x05050505
	.word 0x05050505,0x05050505,0x05050505,0x05050505,0x05050505,0x05050505,0x05050505,0x05050505
	.word 0x05050505,0x05050505,0x05050505,0x05050505,0x05050505,0x05050505,0x05050505,0x05050505
	.word 0x05050505,0x05050505,0x05050505,0x05050505,0x05050505,0x05050505,0x05050505,0x05050505
	.word 0x05050505,0x05050505,0x05050505,0x05050505,0x05050505,0x05050505,0x05050505,0x05050505
	.word 0x05050505,0x05050505,0x05050505,0x05050505,0x05050505,0x05050505,0x05050505,0x05050505

	.word 0x0D0D0D0D,0x05000000,0x05050505,0x05050505,0x05050505,0x05050505,0x05000000,0x05050505
	.word 0x05050505,0x05050505,0x05050505,0x00050505,0x19191900,0x05000000,0x19000000,0x19191919
	.word 0x19191919,0x19191919,0x00191919,0x05050500,0x05050505,0x05050505,0x05050505,0x05050505
	.word 0x05050505,0x05050505,0x05050505,0x05050505,0x05050505,0x05050505,0x05050505,0x05050505
	.word 0x05050505,0x05050505,0x05050505,0x05050505,0x05050505,0x05050505,0x05050505,0x05050505
	.word 0x05050505,0x05050505,0x05050505,0x05050505,0x05050505,0x05050505,0x05050505,0x05050505
	.word 0x05050505,0x05050505,0x05050505,0x05050505,0x05050505,0x05050505,0x05050505,0x05050505
	.word 0x05050505,0x05050505,0x05050505,0x05050505,0x05050505,0x05050505,0x05050505,0x05050505

	.word 0x0D0D0D0D,0x05000000,0x05050505,0x05050505,0x05050505,0x05050505,0x05000000,0x05050505
	.word 0x05050505,0x05050505,0x05050505,0x00050505,0x19000000,0x05000019,0x19000000,0x19191919
	.word 0x19191919,0x19191919,0x00191919,0x05050500,0x05050505,0x05050505,0x05050505,0x05050505
	.word 0x05050505,0x05050505,0x05050505,0x05050505,0x05050505,0x05050505,0x05050505,0x05050505
	.word 0x05050505,0x05050505,0x05050505,0x05050505,0x05050505,0x05050505,0x05050505,0x05050505
	.word 0x05050505,0x05050505,0x05050505,0x05050505,0x05050505,0x05050505,0x05050505,0x05050505
	.word 0x05050505,0x05050505,0x05050505,0x05050505,0x05050505,0x05050505,0x05050505,0x05050505
	.word 0x05050505,0x05050505,0x05050505,0x05050505,0x05050505,0x05050505,0x05050505,0x05050505

	.word 0x0D0D0D0D,0x05000000,0x05050505,0x05050505,0x05050505,0x05050505,0x05000000,0x05050505
	.word 0x05050505,0x05050505,0x05050505,0x00050505,0x00000000,0x05000000,0x19000000,0x19191919
	.word 0x19191919,0x19191919,0x00191919,0x05050500,0x05050505,0x05050505,0x05050505,0x05050505
	.word 0x05050505,0x05050505,0x05050505,0x05050505,0x05050505,0x05050505,0x05050505,0x05050505
	.word 0x05050505,0x05050505,0x05050505,0x05050505,0x05050505,0x05050505,0x05050505,0x05050505
	.word 0x05050505,0x05050505,0x05050505,0x05050505,0x05050505,0x05050505,0x05050505,0x05050505
	.word 0x05050505,0x05050505,0x05050505,0x05050505,0x05050505,0x05050505,0x05050505,0x05050505
	.word 0x05050505,0x05050505,0x05050505,0x05050505,0x05050505,0x05050505,0x05050505,0x05050505

	.word 0x0D0D0D0D,0x05000000,0x05050505,0x05050505,0x05050505,0x05050505,0x05000000,0x05050505
	.word 0x05050505,0x05050505,0x05050505,0x00050505,0x00000000,0x05000000,0x19000005,0x19191919
	.word 0x19191919,0x19191919,0x00001919,0x05050500,0x05050505,0x05050505,0x05050505,0x05050505
	.word 0x05050505,0x05050505,0x05050505,0x05050505,0x05050505,0x05050505,0x05050505,0x05050505
	.word 0x05050505,0x05050505,0x05050505,0x05050505,0x05050505,0x05050505,0x05050505,0x05050505
	.word 0x05050505,0x05050505,0x05050505,0x05050505,0x05050505,0x05050505,0x05050505,0x05050505
	.word 0x05050505,0x05050505,0x05050505,0x05050505,0x05050505,0x05050505,0x05050505,0x05050505
	.word 0x05050505,0x05050505,0x05050505,0x05050505,0x05050505,0x05050505,0x05050505,0x05050505

	.word 0x0D0D0D0D,0x05000000,0x05050505,0x05050505,0x05050505,0x05050505,0x05000000,0x05050505
	.word 0x05050505,0x05050505,0x05050505,0x00050505,0x0E0E0E00,0x05050000,0x00000005,0x19191900
	.word 0x19191919,0x19191919,0x00000019,0x05050500,0x05050505,0x05050505,0x05050505,0x05050505
	.word 0x05050505,0x05050505,0x05050505,0x05050505,0x05050505,0x05050505,0x05050505,0x05050505
	.word 0x05050505,0x05050505,0x05050505,0x05050505,0x05050505,0x05050505,0x05050505,0x05050505
	.word 0x05050505,0x05050505,0x05050505,0x05050505,0x05050505,0x05050505,0x05050505,0x05050505
	.word 0x05050505,0x05050505,0x05050505,0x05050505,0x05050505,0x05050505,0x05050505,0x05050505
	.word 0x05050505,0x05050505,0x05050505,0x05050505,0x05050505,0x05050505,0x05050505,0x05050505

	.word 0x0D0D0D0D,0x05000000,0x05050505,0x05050505,0x05050505,0x05050505,0x05000000,0x05050505
	.word 0x05050505,0x05050505,0x05050505,0x00050505,0x000E0E00,0x05050000,0x00000005,0x00000000
	.word 0x19000000,0x00001919,0x00000000,0x05050500,0x05050505,0x05050505,0x05050505,0x05050505
	.word 0x05050505,0x05050505,0x05050505,0x05050505,0x05050505,0x05050505,0x05050505,0x05050505
	.word 0x05050505,0x05050505,0x05050505,0x05050505,0x05050505,0x05050505,0x05050505,0x05050505
	.word 0x05050505,0x05050505,0x05050505,0x05050505,0x05050505,0x05050505,0x05050505,0x05050505
	.word 0x05050505,0x05050505,0x05050505,0x05050505,0x05050505,0x05050505,0x05050505,0x05050505
	.word 0x05050505,0x05050505,0x05050505,0x05050505,0x05050505,0x05050505,0x05050505,0x05050505

	.word 0x0D0D0D0D,0x05000000,0x05050505,0x05050505,0x05050505,0x05050505,0x05000000,0x05050505
	.word 0x05050505,0x05050505,0x05050505,0x00050505,0x0E0E0E00,0x05050000,0x00000005,0x00000000
	.word 0x00000000,0x00000000,0x00000000,0x05050500,0x05050505,0x05050505,0x05050505,0x05050505
	.word 0x05050505,0x05050505,0x05050505,0x05050505,0x05050505,0x05050505,0x05050505,0x05050505
	.word 0x05050505,0x05050505,0x05050505,0x05050505,0x05050505,0x05050505,0x05050505,0x05050505
	.word 0x05050505,0x05050505,0x05050505,0x05050505,0x05050505,0x05050505,0x05050505,0x05050505
	.word 0x05050505,0x05050505,0x05050505,0x05050505,0x05050505,0x05050505,0x05050505,0x05050505
	.word 0x05050505,0x05050505,0x05050505,0x05050505,0x05050505,0x05050505,0x05050505,0x05050505

	.word 0x0D0D0D0D,0x05000000,0x05050505,0x05050505,0x05050505,0x05050505,0x05000000,0x05050505
	.word 0x05050505,0x05050505,0x05050505,0x00050505,0x0E0E0E00,0x05050000,0x09000005,0x00000909
	.word 0x00000000,0x00000000,0x00090909,0x05050000,0x05050505,0x05050505,0x05050505,0x05050505
	.word 0x05050505,0x05050505,0x05050505,0x05050505,0x05050505,0x05050505,0x05050505,0x05050505
	.word 0x05050505,0x05050505,0x05050505,0x05050505,0x05050505,0x05050505,0x05050505,0x05050505
	.word 0x05050505,0x05050505,0x05050505,0x05050505,0x05050505,0x05050505,0x05050505,0x05050505
	.word 0x05050505,0x05050505,0x05050505,0x05050505,0x05050505,0x05050505,0x05050505,0x05050505
	.word 0x05050505,0x05050505,0x05050505,0x05050505,0x05050505,0x05050505,0x05050505,0x05050505

	.word 0x0D0D0D0D,0x05000000,0x05050505,0x05050505,0x05050505,0x05050505,0x05000000,0x05050505
	.word 0x05050505,0x05050505,0x05050505,0x00050505,0x000E0000,0x05050000,0x09000005,0x09090909
	.word 0x09090909,0x09090909,0x00090909,0x05050000,0x05050505,0x05050505,0x05050505,0x05050505
	.word 0x05050505,0x05050505,0x05050505,0x05050505,0x05050505,0x05050505,0x05050505,0x05050505
	.word 0x05050505,0x05050505,0x05050505,0x05050505,0x05050505,0x05050505,0x05050505,0x05050505
	.word 0x05050505,0x05050505,0x05050505,0x05050505,0x05050505,0x05050505,0x05050505,0x05050505
	.word 0x05050505,0x05050505,0x05050505,0x05050505,0x05050505,0x05050505,0x05050505,0x05050505
	.word 0x05050505,0x05050505,0x05050505,0x05050505,0x05050505,0x05050505,0x05050505,0x05050505

	.word 0x0D0D0D0D,0x05000000,0x05050505,0x05050505,0x05050505,0x05050505,0x05000000,0x05050505
	.word 0x05050505,0x05050505,0x05050505,0x05050505,0x00000000,0x05050500,0x09000005,0x09090909
	.word 0x09090909,0x09090909,0x00090909,0x05050000,0x05050505,0x05050505,0x05050505,0x05050505
	.word 0x05050505,0x05050505,0x05050505,0x05050505,0x05050505,0x05050505,0x05050505,0x05050505
	.word 0x05050505,0x05050505,0x05050505,0x05050505,0x05050505,0x05050505,0x05050505,0x05050505
	.word 0x05050505,0x05050505,0x05050505,0x05050505,0x05050505,0x05050505,0x05050505,0x05050505
	.word 0x05050505,0x05050505,0x05050505,0x05050505,0x05050505,0x05050505,0x05050505,0x05050505
	.word 0x05050505,0x05050505,0x05050505,0x05050505,0x05050505,0x05050505,0x05050505,0x05050505

	.word 0x0D0D0D0D,0x05000000,0x05050505,0x05050505,0x05050505,0x05050505,0x00000000,0x00000000
	.word 0x00000000,0x00000000,0x00000000,0x00000000,0x00000000,0x00000000,0x00000000,0x00000000
	.word 0x00000000,0x00000000,0x00000000,0x00000000,0x00000000,0x00000000,0x00000000,0x00000000
	.word 0x00000000,0x00000000,0x00000000,0x00000000,0x00000000,0x00000000,0x00000000,0x00000000
	.word 0x00000000,0x00000000,0x00000000,0x00000000,0x00000000,0x00000000,0x00000000,0x00000000
	.word 0x00000000,0x00000000,0x00000000,0x00000000,0x00000000,0x00000000,0x00000000,0x00000000
	.word 0x00000000,0x00000000,0x00000000,0x00000000,0x00000000,0x00000000,0x00000000,0x00000000
	.word 0x00000000,0x00000000,0x05050505,0x05050505,0x05050505,0x05050505,0x05050505,0x05050505

	.word 0x0D0D0D0D,0x05000000,0x05050505,0x05050505,0x05050505,0x00050505,0x00000000,0x00000000
	.word 0x00000000,0x00000000,0x00000000,0x00000000,0x00000000,0x00000000,0x00000000,0x00000000
	.word 0x00000000,0x00000000,0x00000000,0x00000000,0x00000000,0x00000000,0x00000000,0x00000000
	.word 0x00000000,0x00000000,0x00000000,0x00000000,0x00000000,0x00000000,0x00000000,0x00000000
	.word 0x00000000,0x00000000,0x00000000,0x00000000,0x00000000,0x00000000,0x00000000,0x00000000
	.word 0x00000000,0x00000000,0x00000000,0x00000000,0x00000000,0x00000000,0x00000000,0x00000000
	.word 0x00000000,0x00000000,0x00000000,0x00000000,0x00000000,0x00000000,0x00000000,0x00000000
	.word 0x00000000,0x00000000,0x05050500,0x05050505,0x05050505,0x05050505,0x05050505,0x05050505

	.word 0x0D0D0D0D,0x05050000,0x05050505,0x05050505,0x05050505,0x00000505,0x07070000,0x07070707
	.word 0x07070707,0x07070707,0x07070707,0x07070707,0x07070707,0x07070707,0x07070707,0x07070707
	.word 0x07070707,0x07070707,0x07070707,0x07070707,0x07070707,0x07070707,0x07070707,0x07070707
	.word 0x07070707,0x07070707,0x07070707,0x07070707,0x07070707,0x07070707,0x07070707,0x07070707
	.word 0x07070707,0x07070707,0x07070707,0x07070707,0x07070707,0x07070707,0x07070707,0x07070707
	.word 0x07070707,0x07070707,0x07070707,0x07070707,0x07070707,0x07070707,0x07070707,0x07070707
	.word 0x07070707,0x07070707,0x07070707,0x07070707,0x07070707,0x07070707,0x07070707,0x07070707
	.word 0x07070707,0x00070707,0x05050000,0x05050505,0x05050505,0x05050505,0x05050505,0x05050505

	.word 0x0D0D0D0D,0x05050000,0x05050505,0x05050505,0x05050505,0x00000005,0x07070700,0x07070707
	.word 0x07070707,0x07070707,0x07070707,0x07070707,0x07070707,0x07070707,0x07070707,0x07070707
	.word 0x07070707,0x07070707,0x07070707,0x07070707,0x07070707,0x07070707,0x07070707,0x07070707
	.word 0x07070707,0x07070707,0x07070707,0x07070707,0x07070707,0x07070707,0x07070707,0x07070707
	.word 0x07070707,0x07070707,0x07070707,0x07070707,0x07070707,0x07070707,0x07070707,0x07070707
	.word 0x07070707,0x07070707,0x07070707,0x07070707,0x07070707,0x07070707,0x07070707,0x07070707
	.word 0x07070707,0x07070707,0x07070707,0x07070707,0x07070707,0x07070707,0x07070707,0x07070707
	.word 0x07070707,0x07070707,0x05000000,0x05050505,0x05050505,0x05050505,0x05050505,0x05050505

	.word 0x0D0D0D0D,0x05050000,0x05050505,0x05050505,0x05050505,0x00000000,0x07070707,0x07070707
	.word 0x07070707,0x07070707,0x07070707,0x07070707,0x07070707,0x07070707,0x07070707,0x07070707
	.word 0x07070707,0x07070707,0x07070707,0x07070707,0x07070707,0x07070707,0x07070707,0x07070707
	.word 0x07070707,0x07070707,0x07070707,0x07070707,0x07070707,0x07070707,0x07070707,0x07070707
	.word 0x07070707,0x07070707,0x07070707,0x07070707,0x07070707,0x07070707,0x07070707,0x07070707
	.word 0x07070707,0x07070707,0x07070707,0x07070707,0x07070707,0x07070707,0x07070707,0x07070707
	.word 0x07070707,0x07070707,0x07070707,0x07070707,0x07070707,0x07070707,0x07070707,0x07070707
	.word 0x07070707,0x07070707,0x00000007,0x05050505,0x05050505,0x05050505,0x05050505,0x05050505

	.word 0x0D0D0D0D,0x05050000,0x05050505,0x05050505,0x00050505,0x07000000,0x07070707,0x07070707
	.word 0x07070707,0x07070707,0x07070707,0x07070707,0x07070707,0x07070707,0x07070707,0x07070707
	.word 0x07070707,0x07070707,0x07070707,0x07070707,0x07070707,0x07070707,0x07070707,0x07070707
	.word 0x07070707,0x07070707,0x07070707,0x07070707,0x07070707,0x07070707,0x07070707,0x07070707
	.word 0x07070707,0x07070707,0x07070707,0x07070707,0x07070707,0x07070707,0x07070707,0x07070707
	.word 0x07070707,0x07070707,0x07070707,0x07070707,0x07070707,0x07070707,0x07070707,0x07070707
	.word 0x07070707,0x07070707,0x07070707,0x07070707,0x07070707,0x07070707,0x07070707,0x07070707
	.word 0x07070707,0x07070707,0x00000707,0x05050500,0x05050505,0x05050505,0x05050505,0x05050505

	.word 0x0D0D0D0D,0x05050000,0x05050505,0x05050505,0x00050505,0x07070000,0x07070707,0x07070707
	.word 0x07070707,0x07070707,0x07070707,0x07070707,0x07070707,0x07070707,0x07070707,0x07070707
	.word 0x07070707,0x07070707,0x07070707,0x07070707,0x07070707,0x07070707,0x07070707,0x07070707
	.word 0x07070707,0x07070707,0x07070707,0x07070707,0x07070707,0x07070707,0x07070707,0x07070707
	.word 0x07070707,0x07070707,0x07070707,0x07070707,0x07070707,0x07070707,0x07070707,0x07070707
	.word 0x07070707,0x07070707,0x07070707,0x07070707,0x07070707,0x07070707,0x07070707,0x07070707
	.word 0x07070707,0x07070707,0x07070707,0x07070707,0x07070707,0x07070707,0x07070707,0x07070707
	.word 0x07070707,0x07070707,0x00070707,0x05050000,0x05050505,0x05050505,0x05050505,0x05050505

	.word 0x0D0D0D0D,0x05050000,0x05050505,0x05050505,0x00050505,0x07070700,0x07070707,0x07070707
	.word 0x07070707,0x07070707,0x07070707,0x07070707,0x07070707,0x07070707,0x07070707,0x07070707
	.word 0x07070707,0x07070707,0x07070707,0x07070707,0x07070707,0x07070707,0x07070707,0x07070707
	.word 0x07070707,0x07070707,0x07070707,0x07070707,0x07070707,0x07070707,0x07070707,0x07070707
	.word 0x07070707,0x07070707,0x07070707,0x07070707,0x07070707,0x07070707,0x07070707,0x07070707
	.word 0x07070707,0x07070707,0x07070707,0x07070707,0x07070707,0x07070707,0x07070707,0x07070707
	.word 0x07070707,0x07070707,0x07070707,0x07070707,0x07070707,0x07070707,0x07070707,0x07070707
	.word 0x07070707,0x07070707,0x07070707,0x05000000,0x05050505,0x05050505,0x05050505,0x05050505

	.word 0x0D0D0D0D,0x05050000,0x05050505,0x05050505,0x00050505,0x07070700,0x07070707,0x07070707
	.word 0x07070707,0x07070707,0x07070707,0x07070707,0x07070707,0x07070707,0x07070707,0x07070707
	.word 0x07070707,0x07070707,0x07070707,0x07070707,0x07070707,0x07070707,0x07070707,0x07070707
	.word 0x07070707,0x07070707,0x07070707,0x07070707,0x07070707,0x07070707,0x07070707,0x07070707
	.word 0x07070707,0x07070707,0x07070707,0x07070707,0x07070707,0x07070707,0x07070707,0x07070707
	.word 0x07070707,0x07070707,0x07070707,0x07070707,0x07070707,0x07070707,0x07070707,0x07070707
	.word 0x07070707,0x07070707,0x07070707,0x07070707,0x07070707,0x07070707,0x07070707,0x07070707
	.word 0x07070707,0x07070707,0x07070707,0x05000007,0x05050505,0x05050505,0x05050505,0x05050505

	.word 0x0D0D0D0D,0x05000000,0x05050505,0x05050505,0x00050505,0x07070700,0x07070707,0x07070707
	.word 0x07070707,0x07070707,0x07070707,0x07070707,0x07070707,0x07070707,0x07070707,0x07070707
	.word 0x07070707,0x07070707,0x07070707,0x07070707,0x07070707,0x07070707,0x07070707,0x07070707
	.word 0x07070707,0x07070707,0x07070707,0x07070707,0x07070707,0x07070707,0x07070707,0x07070707
	.word 0x07070707,0x07070707,0x07070707,0x07070707,0x07070707,0x07070707,0x07070707,0x07070707
	.word 0x07070707,0x07070707,0x07070707,0x07070707,0x07070707,0x07070707,0x07070707,0x07070707
	.word 0x07070707,0x07070707,0x07070707,0x07070707,0x07070707,0x07070707,0x07070707,0x07070707
	.word 0x07070707,0x07070707,0x07070707,0x05000007,0x05050505,0x05050505,0x05050505,0x05050505

	.word 0x0D0D0D0D,0x05000000,0x05050505,0x05050505,0x00050505,0x07070700,0x07070707,0x07070707
	.word 0x07070707,0x07070707,0x07070707,0x07070707,0x07070707,0x07070707,0x07070707,0x07070707
	.word 0x07070707,0x07070707,0x07070707,0x07070707,0x07070707,0x07070707,0x07070707,0x07070707
	.word 0x07070707,0x07070707,0x07070707,0x07070707,0x07070707,0x07070707,0x07070707,0x07070707
	.word 0x07070707,0x07070707,0x07070707,0x07070707,0x07070707,0x07070707,0x07070707,0x07070707
	.word 0x07070707,0x07070707,0x07070707,0x07070707,0x07070707,0x07070707,0x07070707,0x07070707
	.word 0x07070707,0x07070707,0x07070707,0x07070707,0x07070707,0x07070707,0x07070707,0x07070707
	.word 0x07070707,0x07070707,0x07070707,0x05000007,0x05050505,0x05050505,0x05050505,0x05050505

	.word 0x0D0D0D0D,0x05000000,0x05050505,0x05050505,0x00050505,0x07070700,0x07070707,0x07070707
	.word 0x07070707,0x07070707,0x07070707,0x07070707,0x07070707,0x07070707,0x07070707,0x07070707
	.word 0x07070707,0x07070707,0x07070707,0x07070707,0x07070707,0x07070707,0x07070707,0x07070707
	.word 0x07070707,0x07070707,0x07070707,0x07070707,0x07070707,0x07070707,0x07070707,0x07070707
	.word 0x07070707,0x07070707,0x07070707,0x07070707,0x07070707,0x07070707,0x07070707,0x07070707
	.word 0x07070707,0x07070707,0x07070707,0x07070707,0x07070707,0x07070707,0x07070707,0x07070707
	.word 0x07070707,0x07070707,0x07070707,0x07070707,0x07070707,0x07070707,0x07070707,0x07070707
	.word 0x07070707,0x07070707,0x07070707,0x05000007,0x05050505,0x05050505,0x05050505,0x05050505

	.word 0x0D0D0D0D,0x05000000,0x05050505,0x05050505,0x00050505,0x07070700,0x07070707,0x07070707
	.word 0x07070707,0x07070707,0x07070707,0x07070707,0x07070707,0x07070707,0x07070707,0x07070707
	.word 0x07070707,0x07070707,0x07070707,0x07070707,0x07070707,0x07070707,0x07070707,0x07070707
	.word 0x07070707,0x07070707,0x07070707,0x07070707,0x07070707,0x07070707,0x07070707,0x07070707
	.word 0x07070707,0x07070707,0x07070707,0x07070707,0x07070707,0x07070707,0x07070707,0x07070707
	.word 0x07070707,0x07070707,0x07070707,0x07070707,0x07070707,0x07070707,0x07070707,0x07070707
	.word 0x07070707,0x07070707,0x07070707,0x07070707,0x07070707,0x07070707,0x07070707,0x07070707
	.word 0x07070707,0x07070707,0x07070707,0x05000007,0x05050505,0x05050505,0x05050505,0x05050505

	.word 0x0D0D0D0D,0x05000000,0x05050505,0x05050505,0x00050505,0x07070700,0x07070707,0x07070707
	.word 0x07070707,0x07070707,0x07070707,0x07070707,0x07070707,0x07070707,0x07070707,0x07070707
	.word 0x07070707,0x07070707,0x07070707,0x07070707,0x07070707,0x07070707,0x07070707,0x07070707
	.word 0x07070707,0x07070707,0x07070707,0x07070707,0x07070707,0x07070707,0x07070707,0x07070707
	.word 0x07070707,0x07070707,0x07070707,0x07070707,0x07070707,0x07070707,0x07070707,0x07070707
	.word 0x07070707,0x07070707,0x07070707,0x07070707,0x07070707,0x07070707,0x07070707,0x07070707
	.word 0x07070707,0x07070707,0x07070707,0x07070707,0x07070707,0x07070707,0x07070707,0x07070707
	.word 0x07070707,0x07070707,0x07070707,0x05000007,0x05050505,0x05050505,0x05050505,0x05050505

	.word 0x0D0D0D0D,0x0000000D,0x05050505,0x05050505,0x00050505,0x07070700,0x07070707,0x07070707
	.word 0x07070707,0x07070707,0x07070707,0x07070707,0x07070707,0x07070707,0x07070707,0x07070707
	.word 0x07070707,0x07070707,0x07070707,0x07070707,0x07070707,0x07070707,0x07070707,0x07070707
	.word 0x07070707,0x07070707,0x07070707,0x07070707,0x07070707,0x07070707,0x07070707,0x07070707
	.word 0x07070707,0x07070707,0x07070707,0x07070707,0x07070707,0x07070707,0x07070707,0x07070707
	.word 0x07070707,0x07070707,0x07070707,0x07070707,0x07070707,0x07070707,0x07070707,0x07070707
	.word 0x07070707,0x07070707,0x07070707,0x07070707,0x07070707,0x07070707,0x07070707,0x07070707
	.word 0x07070707,0x07070707,0x07070707,0x05000007,0x05050505,0x05050505,0x05050505,0x05050505

	.word 0x0D0D0D0D,0x00000D0D,0x05050500,0x05050505,0x00050505,0x07070700,0x07070707,0x07070707
	.word 0x07070707,0x07070707,0x07070707,0x07070707,0x07070707,0x07070707,0x07070707,0x07070707
	.word 0x07070707,0x07070707,0x07070707,0x07070707,0x07070707,0x07070707,0x07070707,0x07070707
	.word 0x07070707,0x07070707,0x07070707,0x07070707,0x07070707,0x07070707,0x07070707,0x07070707
	.word 0x07070707,0x07070707,0x07070707,0x07070707,0x07070707,0x07070707,0x07070707,0x07070707
	.word 0x07070707,0x07070707,0x07070707,0x07070707,0x07070707,0x07070707,0x07070707,0x07070707
	.word 0x07070707,0x07070707,0x07070707,0x07070707,0x07070707,0x07070707,0x07070707,0x07070707
	.word 0x07070707,0x07070707,0x07070707,0x05000007,0x05050505,0x05050505,0x05050505,0x05050505

	.word 0x0D0D0D0D,0x000D0D0D,0x05050000,0x05050505,0x00050505,0x07070700,0x07070707,0x07070707
	.word 0x07070707,0x07070707,0x07070707,0x07070707,0x07070707,0x07070707,0x07070707,0x07070707
	.word 0x07070707,0x07070707,0x07070707,0x07070707,0x07070707,0x07070707,0x07070707,0x07070707
	.word 0x07070707,0x07070707,0x07070707,0x07070707,0x07070707,0x07070707,0x07070707,0x07070707
	.word 0x07070707,0x07070707,0x07070707,0x07070707,0x07070707,0x07070707,0x07070707,0x07070707
	.word 0x07070707,0x07070707,0x07070707,0x07070707,0x07070707,0x07070707,0x07070707,0x07070707
	.word 0x07070707,0x07070707,0x07070707,0x07070707,0x07070707,0x07070707,0x07070707,0x07070707
	.word 0x07070707,0x07070707,0x07070707,0x05000007,0x05050505,0x05050505,0x05050505,0x05050505

	.word 0x0D0D0D0D,0x0D0D0D0D,0x05000000,0x05050505,0x00050505,0x07070700,0x07070707,0x07070707
	.word 0x07070707,0x07070707,0x07070707,0x07070707,0x07070707,0x07070707,0x07070707,0x07070707
	.word 0x07070707,0x07070707,0x07070707,0x07070707,0x07070707,0x07070707,0x07070707,0x07070707
	.word 0x07070707,0x07070707,0x07070707,0x07070707,0x07070707,0x07070707,0x07070707,0x07070707
	.word 0x07070707,0x07070707,0x07070707,0x07070707,0x07070707,0x07070707,0x07070707,0x07070707
	.word 0x07070707,0x07070707,0x07070707,0x07070707,0x07070707,0x07070707,0x07070707,0x07070707
	.word 0x07070707,0x07070707,0x07070707,0x07070707,0x07070707,0x07070707,0x07070707,0x07070707
	.word 0x07070707,0x07070707,0x07070707,0x05000007,0x05050505,0x05050505,0x05050505,0x05050505

	.word 0x0D0D0D0D,0x0D0D0D0D,0x0000000D,0x05050505,0x00050505,0x07070700,0x07070707,0x07070707
	.word 0x07070707,0x07070707,0x07070707,0x07070707,0x07070707,0x07070707,0x07070707,0x07070707
	.word 0x07070707,0x07070707,0x07070707,0x07070707,0x07070707,0x07070707,0x07070707,0x07070707
	.word 0x07070707,0x07070707,0x07070707,0x07070707,0x07070707,0x07070707,0x07070707,0x07070707
	.word 0x07070707,0x07070707,0x07070707,0x07070707,0x07070707,0x07070707,0x07070707,0x07070707
	.word 0x07070707,0x07070707,0x07070707,0x07070707,0x07070707,0x07070707,0x07070707,0x07070707
	.word 0x07070707,0x07070707,0x07070707,0x07070707,0x07070707,0x07070707,0x07070707,0x07070707
	.word 0x07070707,0x07070707,0x07070707,0x05000007,0x05050505,0x05050505,0x05050505,0x05050505

	.word 0x0D0D0D0D,0x0D0D0D0D,0x00000D0D,0x05050500,0x00050505,0x07070700,0x07070707,0x07070707
	.word 0x07070707,0x07070707,0x07070707,0x07070707,0x07070707,0x07070707,0x07070707,0x07070707
	.word 0x07070707,0x07070707,0x07070707,0x07070707,0x07070707,0x07070707,0x07070707,0x07070707
	.word 0x07070707,0x07070707,0x07070707,0x07070707,0x07070707,0x07070707,0x07070707,0x07070707
	.word 0x07070707,0x07070707,0x07070707,0x07070707,0x07070707,0x07070707,0x07070707,0x07070707
	.word 0x07070707,0x07070707,0x07070707,0x07070707,0x07070707,0x07070707,0x07070707,0x07070707
	.word 0x07070707,0x07070707,0x07070707,0x07070707,0x07070707,0x07070707,0x07070707,0x07070707
	.word 0x07070707,0x07070707,0x07070707,0x05000007,0x05050505,0x05050505,0x05050505,0x05050505

	.word 0x0D0D0D0D,0x0D0D0D0D,0x000D0D0D,0x05050000,0x00050505,0x07070700,0x07070707,0x07070707
	.word 0x07070707,0x07070707,0x07070707,0x07070707,0x07070707,0x07070707,0x07070707,0x07070707
	.word 0x07070707,0x07070707,0x07070707,0x07070707,0x07070707,0x07070707,0x07070707,0x07070707
	.word 0x07070707,0x07070707,0x07070707,0x07070707,0x07070707,0x07070707,0x07070707,0x07070707
	.word 0x07070707,0x07070707,0x07070707,0x07070707,0x07070707,0x07070707,0x07070707,0x07070707
	.word 0x07070707,0x07070707,0x07070707,0x07070707,0x07070707,0x07070707,0x07070707,0x07070707
	.word 0x07070707,0x07070707,0x07070707,0x07070707,0x07070707,0x07070707,0x07070707,0x07070707
	.word 0x07070707,0x07070707,0x07070707,0x05000007,0x05050505,0x05050505,0x05050505,0x05050505

	.word 0x0D0D0D0D,0x0D0D0D0D,0x0D0D0D0D,0x05000000,0x00050505,0x07070700,0x07070707,0x07070707
	.word 0x07070707,0x07070707,0x07070707,0x07070707,0x07070707,0x07070707,0x07070707,0x07070707
	.word 0x07070707,0x07070707,0x07070707,0x07070707,0x07070707,0x07070707,0x07070707,0x07070707
	.word 0x07070707,0x07070707,0x07070707,0x07070707,0x07070707,0x07070707,0x07070707,0x07070707
	.word 0x07070707,0x07070707,0x07070707,0x07070707,0x07070707,0x07070707,0x07070707,0x07070707
	.word 0x07070707,0x07070707,0x07070707,0x07070707,0x07070707,0x07070707,0x07070707,0x07070707
	.word 0x07070707,0x07070707,0x07070707,0x07070707,0x07070707,0x07070707,0x07070707,0x07070707
	.word 0x07070707,0x07070707,0x07070707,0x05000007,0x05050505,0x05050505,0x05050505,0x05050505

	.word 0x0D0D0D0D,0x0D0D0D0D,0x0D0D0D0D,0x0000000D,0x00050505,0x07070700,0x07070707,0x07070707
	.word 0x07070707,0x07070707,0x07070707,0x07070707,0x07070707,0x07070707,0x07070707,0x07070707
	.word 0x07070707,0x07070707,0x07070707,0x07070707,0x07070707,0x07070707,0x07070707,0x07070707
	.word 0x07070707,0x07070707,0x07070707,0x07070707,0x07070707,0x07070707,0x07070707,0x07070707
	.word 0x07070707,0x07070707,0x07070707,0x07070707,0x07070707,0x07070707,0x07070707,0x07070707
	.word 0x07070707,0x07070707,0x07070707,0x07070707,0x07070707,0x07070707,0x07070707,0x07070707
	.word 0x07070707,0x07070707,0x07070707,0x07070707,0x07070707,0x07070707,0x07070707,0x07070707
	.word 0x07070707,0x07070707,0x07070707,0x05000007,0x05050505,0x05050505,0x05050505,0x05050505

	.word 0x0D0D0D0D,0x0D0D0D0D,0x0D0D0D0D,0x00000D0D,0x00050500,0x07070700,0x07070707,0x07070707
	.word 0x07070707,0x07070707,0x07070707,0x07070707,0x07070707,0x07070707,0x07070707,0x07070707
	.word 0x07070707,0x07070707,0x07070707,0x07070707,0x07070707,0x07070707,0x07070707,0x07070707
	.word 0x07070707,0x07070707,0x07070707,0x07070707,0x07070707,0x07070707,0x07070707,0x07070707
	.word 0x07070707,0x07070707,0x07070707,0x07070707,0x07070707,0x07070707,0x07070707,0x07070707
	.word 0x07070707,0x07070707,0x07070707,0x07070707,0x07070707,0x07070707,0x07070707,0x07070707
	.word 0x07070707,0x07070707,0x07070707,0x07070707,0x07070707,0x07070707,0x07070707,0x07070707
	.word 0x07070707,0x07070707,0x07070707,0x05000007,0x05050505,0x05050505,0x05050505,0x05050505

	.word 0x0D0D0D0D,0x0D0D0D0D,0x0D0D0D0D,0x000D0D0D,0x00000000,0x07070700,0x07070707,0x07070707
	.word 0x07070707,0x07070707,0x07070707,0x07070707,0x07070707,0x07070707,0x07070707,0x07070707
	.word 0x07070707,0x07070707,0x07070707,0x07070707,0x07070707,0x07070707,0x07070707,0x07070707
	.word 0x07070707,0x07070707,0x07070707,0x07070707,0x07070707,0x07070707,0x07070707,0x07070707
	.word 0x07070707,0x07070707,0x07070707,0x07070707,0x07070707,0x07070707,0x07070707,0x07070707
	.word 0x07070707,0x07070707,0x07070707,0x07070707,0x07070707,0x07070707,0x07070707,0x07070707
	.word 0x07070707,0x07070707,0x07070707,0x07070707,0x07070707,0x07070707,0x07070707,0x07070707
	.word 0x07070707,0x07070707,0x07070707,0x05000007,0x05050505,0x05050505,0x05050505,0x05050505

	.word 0x0D0D0D0D,0x0D0D0D0D,0x0D0D0D0D,0x0D0D0D0D,0x00000004,0x07070700,0x07070707,0x07070707
	.word 0x07070707,0x07070707,0x07070707,0x07070707,0x07070707,0x07070707,0x07070707,0x07070707
	.word 0x07070707,0x07070707,0x07070707,0x07070707,0x07070707,0x07070707,0x07070707,0x07070707
	.word 0x07070707,0x07070707,0x07070707,0x07070707,0x07070707,0x07070707,0x07070707,0x07070707
	.word 0x07070707,0x07070707,0x07070707,0x07070707,0x07070707,0x07070707,0x07070707,0x07070707
	.word 0x07070707,0x07070707,0x07070707,0x07070707,0x07070707,0x07070707,0x07070707,0x07070707
	.word 0x07070707,0x07070707,0x07070707,0x07070707,0x07070707,0x07070707,0x07070707,0x07070707
	.word 0x07070707,0x07070707,0x07070707,0x05000007,0x05050505,0x05050505,0x05050505,0x05050505

	.word 0x0D0D0D0D,0x0D0D0D0D,0x0D0D0D0D,0x0D0D0D0D,0x0000040D,0x07070700,0x07070707,0x07070707
	.word 0x07070707,0x07070707,0x07070707,0x07070707,0x07070707,0x07070707,0x07070707,0x07070707
	.word 0x07070707,0x07070707,0x07070707,0x07070707,0x07070707,0x07070707,0x07070707,0x07070707
	.word 0x07070707,0x07070707,0x07070707,0x07070707,0x07070707,0x07070707,0x07070707,0x07070707
	.word 0x07070707,0x07070707,0x07070707,0x07070707,0x07070707,0x07070707,0x07070707,0x07070707
	.word 0x07070707,0x07070707,0x07070707,0x07070707,0x07070707,0x07070707,0x07070707,0x07070707
	.word 0x07070707,0x07070707,0x07070707,0x07070707,0x07070707,0x07070707,0x07070707,0x07070707
	.word 0x07070707,0x07070707,0x07070707,0x05000007,0x05050505,0x05050505,0x05050505,0x05050505

	.word 0x0D0D0D0D,0x0D0D0D0D,0x0D0D0D0D,0x0D0D0D0D,0x000D0D0D,0x07070700,0x07070707,0x07070707
	.word 0x07070707,0x07070707,0x07070707,0x07070707,0x07070707,0x07070707,0x07070707,0x07070707
	.word 0x07070707,0x07070707,0x07070707,0x07070707,0x07070707,0x07070707,0x07070707,0x07070707
	.word 0x07070707,0x07070707,0x07070707,0x07070707,0x07070707,0x07070707,0x07070707,0x07070707
	.word 0x07070707,0x07070707,0x07070707,0x07070707,0x07070707,0x07070707,0x07070707,0x07070707
	.word 0x07070707,0x07070707,0x07070707,0x07070707,0x07070707,0x07070707,0x07070707,0x07070707
	.word 0x07070707,0x07070707,0x07070707,0x07070707,0x07070707,0x07070707,0x07070707,0x07070707
	.word 0x07070707,0x07070707,0x07070707,0x05000007,0x05050505,0x05050505,0x05050505,0x05050505

	.word 0x0D0D0D0D,0x0D0D0D0D,0x0D0D0D0D,0x0D0D0D0D,0x000D0D0D,0x07070700,0x07070707,0x07070707
	.word 0x07070707,0x07070707,0x07070707,0x07070707,0x07070707,0x07070707,0x07070707,0x07070707
	.word 0x07070707,0x07070707,0x07070707,0x07070707,0x07070707,0x07070707,0x07070707,0x07070707
	.word 0x07070707,0x07070707,0x07070707,0x07070707,0x07070707,0x07070707,0x07070707,0x07070707
	.word 0x07070707,0x07070707,0x07070707,0x07070707,0x07070707,0x07070707,0x07070707,0x07070707
	.word 0x07070707,0x07070707,0x07070707,0x07070707,0x07070707,0x07070707,0x07070707,0x07070707
	.word 0x07070707,0x07070707,0x07070707,0x07070707,0x07070707,0x07070707,0x07070707,0x07070707
	.word 0x07070707,0x07070707,0x07070707,0x05000007,0x05050505,0x05050505,0x05050505,0x05050505

	.word 0x0D0D0D0D,0x0D0D0D0D,0x0D0D0D0D,0x0D0D0D0D,0x000D0D0D,0x07070700,0x07070707,0x07070707
	.word 0x07070707,0x07070707,0x07070707,0x07070707,0x07070707,0x07070707,0x07070707,0x07070707
	.word 0x07070707,0x07070707,0x07070707,0x07070707,0x07070707,0x07070707,0x07070707,0x07070707
	.word 0x07070707,0x07070707,0x07070707,0x07070707,0x07070707,0x07070707,0x07070707,0x07070707
	.word 0x07070707,0x07070707,0x07070707,0x07070707,0x07070707,0x07070707,0x07070707,0x07070707
	.word 0x07070707,0x07070707,0x07070707,0x07070707,0x07070707,0x07070707,0x07070707,0x07070707
	.word 0x07070707,0x07070707,0x07070707,0x07070707,0x07070707,0x07070707,0x07070707,0x07070707
	.word 0x07070707,0x07070707,0x07070707,0x00000007,0x00000000,0x00000000,0x00000000,0x00000000

	.word 0x0D0D0D0D,0x0D0D0D0D,0x0D0D0D0D,0x0D0D0D0D,0x000D0D0D,0x07070700,0x07070707,0x07070707
	.word 0x07070707,0x07070707,0x07070707,0x07070707,0x07070707,0x07070707,0x07070707,0x07070707
	.word 0x07070707,0x07070707,0x07070707,0x07070707,0x07070707,0x07070707,0x07070707,0x07070707
	.word 0x07070707,0x07070707,0x07070707,0x07070707,0x07070707,0x07070707,0x07070707,0x07070707
	.word 0x07070707,0x07070707,0x07070707,0x07070707,0x07070707,0x07070707,0x07070707,0x07070707
	.word 0x07070707,0x07070707,0x07070707,0x07070707,0x07070707,0x07070707,0x07070707,0x07070707
	.word 0x07070707,0x07070707,0x07070707,0x07070707,0x07070707,0x07070707,0x07070707,0x07070707
	.word 0x07070707,0x07070707,0x07070707,0x00000007,0x00000000,0x00000000,0x00000000,0x00000000

	.word 0x0D0D0D0D,0x0D0D0D0D,0x0D0D0D0D,0x0D0D0D0D,0x000D0D0D,0x07070700,0x07070707,0x07070707
	.word 0x07070707,0x07070707,0x07070707,0x07070707,0x07070707,0x07070707,0x07070707,0x07070707
	.word 0x07070707,0x07070707,0x07070707,0x07070707,0x07070707,0x07070707,0x07070707,0x07070707
	.word 0x07070707,0x07070707,0x07070707,0x07070707,0x07070707,0x07070707,0x07070707,0x07070707
	.word 0x07070707,0x07070707,0x07070707,0x07070707,0x07070707,0x07070707,0x07070707,0x07070707
	.word 0x07070707,0x07070707,0x07070707,0x07070707,0x07070707,0x07070707,0x07070707,0x07070707
	.word 0x07070707,0x07070707,0x07070707,0x07070707,0x07070707,0x07070707,0x07070707,0x07070707
	.word 0x07070707,0x07070707,0x07070707,0x0D000007,0x0D0D0D0D,0x0D0D0D0D,0x0D0D0D0D,0x0D0D0D0D

	.word 0x0D0D0D0D,0x0D0D0D0D,0x0D0D0D0D,0x0D0D0D0D,0x000D0D0D,0x07070700,0x07070707,0x07070707
	.word 0x07070707,0x07070707,0x07070707,0x07070707,0x07070707,0x07070707,0x07070707,0x07070707
	.word 0x07070707,0x07070707,0x07070707,0x07070707,0x07070707,0x07070707,0x07070707,0x07070707
	.word 0x07070707,0x07070707,0x07070707,0x07070707,0x07070707,0x07070707,0x07070707,0x07070707
	.word 0x07070707,0x07070707,0x07070707,0x07070707,0x07070707,0x07070707,0x07070707,0x07070707
	.word 0x07070707,0x07070707,0x07070707,0x07070707,0x07070707,0x07070707,0x07070707,0x07070707
	.word 0x07070707,0x07070707,0x07070707,0x07070707,0x07070707,0x07070707,0x07070707,0x07070707
	.word 0x07070707,0x07070707,0x07070707,0x0D000007,0x0D0D0D0D,0x0D0D0D0D,0x0D0D0D0D,0x0D0D0D0D

	.word 0x0D0D0D0D,0x0D0D0D0D,0x0D0D0D0D,0x0D0D0D0D,0x000D0D0D,0x07070700,0x07070707,0x07070707
	.word 0x07070707,0x07070707,0x07070707,0x07070707,0x07070707,0x07070707,0x07070707,0x07070707
	.word 0x07070707,0x07070707,0x07070707,0x07070707,0x07070707,0x07070707,0x07070707,0x07070707
	.word 0x07070707,0x07070707,0x07070707,0x07070707,0x07070707,0x07070707,0x07070707,0x07070707
	.word 0x07070707,0x07070707,0x07070707,0x07070707,0x07070707,0x07070707,0x07070707,0x07070707
	.word 0x07070707,0x07070707,0x07070707,0x07070707,0x07070707,0x07070707,0x07070707,0x07070707
	.word 0x07070707,0x07070707,0x07070707,0x07070707,0x07070707,0x07070707,0x07070707,0x07070707
	.word 0x07070707,0x07070707,0x07070707,0x0D000007,0x0D0D0D0D,0x0D0D0D0D,0x0D0D0D0D,0x0D0D0D0D

	.word 0x0D0D0D0D,0x0D0D0D0D,0x0D0D0D0D,0x0D0D0D0D,0x000D0D0D,0x07070700,0x07070707,0x07070707
	.word 0x07070707,0x07070707,0x07070707,0x07070707,0x07070707,0x07070707,0x07070707,0x07070707
	.word 0x07070707,0x07070707,0x07070707,0x07070707,0x07070707,0x07070707,0x07070707,0x07070707
	.word 0x07070707,0x07070707,0x07070707,0x07070707,0x07070707,0x07070707,0x07070707,0x07070707
	.word 0x07070707,0x07070707,0x07070707,0x07070707,0x07070707,0x07070707,0x07070707,0x07070707
	.word 0x07070707,0x07070707,0x07070707,0x07070707,0x07070707,0x07070707,0x07070707,0x07070707
	.word 0x07070707,0x07070707,0x07070707,0x07070707,0x07070707,0x07070707,0x07070707,0x07070707
	.word 0x07070707,0x07070707,0x07070707,0x0D000007,0x0D0D0D0D,0x0D0D0D0D,0x0D0D0D0D,0x0D0D0D0D

	.word 0x0D0D0D0D,0x0D0D0D0D,0x0D0D0D0D,0x0D0D0D0D,0x000D0D0D,0x07070700,0x07070707,0x07070707
	.word 0x07070707,0x07070707,0x07070707,0x07070707,0x07070707,0x07070707,0x07070707,0x07070707
	.word 0x07070707,0x07070707,0x07070707,0x07070707,0x07070707,0x07070707,0x07070707,0x07070707
	.word 0x07070707,0x07070707,0x07070707,0x07070707,0x07070707,0x07070707,0x07070707,0x07070707
	.word 0x07070707,0x07070707,0x07070707,0x07070707,0x07070707,0x07070707,0x07070707,0x07070707
	.word 0x07070707,0x07070707,0x07070707,0x07070707,0x07070707,0x07070707,0x07070707,0x07070707
	.word 0x07070707,0x07070707,0x07070707,0x07070707,0x07070707,0x07070707,0x07070707,0x07070707
	.word 0x07070707,0x07070707,0x07070707,0x0D000007,0x0D0D0D0D,0x0D0D0D0D,0x0D0D0D0D,0x0D0D0D0D

	.word 0x0D0D0D0D,0x0D0D0D0D,0x0D0D0D0D,0x0D0D0D0D,0x000D0D0D,0x07070700,0x07070707,0x07070707
	.word 0x07070707,0x07070707,0x07070707,0x07070707,0x07070707,0x07070707,0x07070707,0x07070707
	.word 0x07070707,0x07070707,0x07070707,0x07070707,0x07070707,0x07070707,0x07070707,0x07070707
	.word 0x07070707,0x07070707,0x07070707,0x07070707,0x07070707,0x07070707,0x07070707,0x07070707
	.word 0x07070707,0x07070707,0x07070707,0x07070707,0x07070707,0x07070707,0x07070707,0x07070707
	.word 0x07070707,0x07070707,0x07070707,0x07070707,0x07070707,0x07070707,0x07070707,0x07070707
	.word 0x07070707,0x07070707,0x07070707,0x07070707,0x07070707,0x07070707,0x07070707,0x07070707
	.word 0x07070707,0x07070707,0x07070707,0x0D000007,0x0D0D0D0D,0x0D0D0D0D,0x0D0D0D0D,0x0D0D0D0D

	.word 0x0D0D0D0D,0x0D0D0D0D,0x0D0D0D0D,0x0D0D0D0D,0x000D0D0D,0x07070700,0x07070707,0x07070707
	.word 0x07070707,0x07070707,0x07070707,0x07070707,0x07070707,0x07070707,0x07070707,0x07070707
	.word 0x07070707,0x07070707,0x07070707,0x07070707,0x07070707,0x07070707,0x07070707,0x07070707
	.word 0x07070707,0x07070707,0x07070707,0x07070707,0x07070707,0x07070707,0x07070707,0x07070707
	.word 0x07070707,0x07070707,0x07070707,0x07070707,0x07070707,0x07070707,0x07070707,0x07070707
	.word 0x07070707,0x07070707,0x07070707,0x07070707,0x07070707,0x07070707,0x07070707,0x07070707
	.word 0x07070707,0x07070707,0x07070707,0x07070707,0x07070707,0x07070707,0x07070707,0x07070707
	.word 0x07070707,0x07070707,0x07070707,0x0D000007,0x0D0D0D0D,0x0D0D0D0D,0x0D0D0D0D,0x0D0D0D0D

	.word 0x0D0D0D0D,0x0D0D0D0D,0x0D0D0D0D,0x0D0D0D0D,0x000D0D0D,0x07070700,0x07070707,0x07070707
	.word 0x07070707,0x07070707,0x07070707,0x07070707,0x07070707,0x07070707,0x07070707,0x07070707
	.word 0x07070707,0x07070707,0x07070707,0x07070707,0x07070707,0x07070707,0x07070707,0x07070707
	.word 0x07070707,0x07070707,0x07070707,0x07070707,0x07070707,0x07070707,0x07070707,0x07070707
	.word 0x07070707,0x07070707,0x07070707,0x07070707,0x07070707,0x07070707,0x07070707,0x07070707
	.word 0x07070707,0x07070707,0x07070707,0x07070707,0x07070707,0x07070707,0x07070707,0x07070707
	.word 0x07070707,0x07070707,0x07070707,0x07070707,0x07070707,0x07070707,0x07070707,0x07070707
	.word 0x07070707,0x07070707,0x07070707,0x0D000007,0x0D0D0D0D,0x0D0D0D0D,0x0D0D0D0D,0x0D0D0D0D

	.word 0x0D0D0D0D,0x0D0D0D0D,0x0D0D0D0D,0x0D0D0D0D,0x000D0D0D,0x07070700,0x07070707,0x07070707
	.word 0x07070707,0x07070707,0x07070707,0x07070707,0x07070707,0x07070707,0x07070707,0x07070707
	.word 0x07070707,0x07070707,0x07070707,0x07070707,0x07070707,0x07070707,0x07070707,0x07070707
	.word 0x07070707,0x07070707,0x07070707,0x07070707,0x07070707,0x07070707,0x07070707,0x07070707
	.word 0x07070707,0x07070707,0x07070707,0x07070707,0x07070707,0x07070707,0x07070707,0x07070707
	.word 0x07070707,0x07070707,0x07070707,0x07070707,0x07070707,0x07070707,0x07070707,0x07070707
	.word 0x07070707,0x07070707,0x07070707,0x07070707,0x07070707,0x07070707,0x07070707,0x07070707
	.word 0x07070707,0x07070707,0x07070707,0x0D000007,0x0D0D0D0D,0x0D0D0D0D,0x0D0D0D0D,0x0D0D0D0D

	.word 0x0D0D0D0D,0x0D0D0D0D,0x0D0D0D0D,0x0D0D0D0D,0x000D0D0D,0x07070700,0x07070707,0x07070707
	.word 0x07070707,0x07070707,0x07070707,0x07070707,0x07070707,0x07070707,0x07070707,0x07070707
	.word 0x07070707,0x07070707,0x07070707,0x07070707,0x07070707,0x07070707,0x07070707,0x07070707
	.word 0x07070707,0x07070707,0x07070707,0x07070707,0x07070707,0x07070707,0x07070707,0x07070707
	.word 0x07070707,0x07070707,0x07070707,0x07070707,0x07070707,0x07070707,0x07070707,0x07070707
	.word 0x07070707,0x07070707,0x07070707,0x07070707,0x07070707,0x07070707,0x07070707,0x07070707
	.word 0x07070707,0x07070707,0x07070707,0x07070707,0x07070707,0x07070707,0x07070707,0x07070707
	.word 0x07070707,0x07070707,0x07070707,0x0D000007,0x0D0D0D0D,0x0D0D0D0D,0x0D0D0D0D,0x0D0D0D0D

	.word 0x0D0D0D0D,0x0D0D0D0D,0x0D0D0D0D,0x0D0D0D0D,0x000D0D0D,0x07070700,0x07070707,0x07070707
	.word 0x07070707,0x07070707,0x07070707,0x07070707,0x07070707,0x07070707,0x07070707,0x07070707
	.word 0x07070707,0x07070707,0x07070707,0x07070707,0x07070707,0x07070707,0x07070707,0x07070707
	.word 0x07070707,0x07070707,0x07070707,0x07070707,0x07070707,0x07070707,0x07070707,0x07070707
	.word 0x07070707,0x07070707,0x07070707,0x07070707,0x07070707,0x07070707,0x07070707,0x07070707
	.word 0x07070707,0x07070707,0x07070707,0x07070707,0x07070707,0x07070707,0x07070707,0x07070707
	.word 0x07070707,0x07070707,0x07070707,0x07070707,0x07070707,0x07070707,0x07070707,0x07070707
	.word 0x07070707,0x07070707,0x07070707,0x0D000007,0x0D0D0D0D,0x0D0D0D0D,0x0D0D0D0D,0x0D0D0D0D

	.word 0x0D0D0D0D,0x0D0D0D0D,0x0D0D0D0D,0x0D0D0D0D,0x000D0D0D,0x07070700,0x07070707,0x07070707
	.word 0x07070707,0x07070707,0x07070707,0x07070707,0x07070707,0x07070707,0x07070707,0x07070707
	.word 0x07070707,0x07070707,0x07070707,0x07070707,0x07070707,0x07070707,0x07070707,0x07070707
	.word 0x07070707,0x07070707,0x07070707,0x07070707,0x07070707,0x07070707,0x07070707,0x07070707
	.word 0x07070707,0x07070707,0x07070707,0x07070707,0x07070707,0x07070707,0x07070707,0x07070707
	.word 0x07070707,0x07070707,0x07070707,0x07070707,0x07070707,0x07070707,0x07070707,0x07070707
	.word 0x07070707,0x07070707,0x07070707,0x07070707,0x07070707,0x07070707,0x07070707,0x07070707
	.word 0x07070707,0x07070707,0x07070707,0x0D000007,0x0D0D0D0D,0x0D0D0D0D,0x0D0D0D0D,0x0D0D0D0D

	.word 0x0D0D0D0D,0x0D0D0D0D,0x0D0D0D0D,0x0D0D0D0D,0x000D0D0D,0x07070000,0x07070707,0x07070707
	.word 0x07070707,0x07070707,0x07070707,0x07070707,0x07070707,0x07070707,0x07070707,0x07070707
	.word 0x07070707,0x07070707,0x07070707,0x07070707,0x07070707,0x07070707,0x07070707,0x07070707
	.word 0x07070707,0x07070707,0x07070707,0x07070707,0x07070707,0x07070707,0x07070707,0x07070707
	.word 0x07070707,0x07070707,0x07070707,0x07070707,0x07070707,0x07070707,0x07070707,0x07070707
	.word 0x07070707,0x07070707,0x07070707,0x07070707,0x07070707,0x07070707,0x07070707,0x07070707
	.word 0x07070707,0x07070707,0x07070707,0x07070707,0x07070707,0x07070707,0x07070707,0x07070707
	.word 0x07070707,0x07070707,0x07070707,0x0D000000,0x0D0D0D0D,0x0D0D0D0D,0x0D0D0D0D,0x0D0D0D0D

	.word 0x0D0D0D0D,0x0D0D0D0D,0x0D0D0D0D,0x0D0D0D0D,0x0D0D0D0D,0x07000000,0x07070707,0x07070707
	.word 0x07070707,0x07070707,0x07070707,0x07070707,0x07070707,0x07070707,0x07070707,0x07070707
	.word 0x07070707,0x07070707,0x07070707,0x07070707,0x07070707,0x07070707,0x07070707,0x07070707
	.word 0x07070707,0x07070707,0x07070707,0x07070707,0x07070707,0x07070707,0x07070707,0x07070707
	.word 0x07070707,0x07070707,0x07070707,0x07070707,0x07070707,0x07070707,0x07070707,0x07070707
	.word 0x07070707,0x07070707,0x07070707,0x07070707,0x07070707,0x07070707,0x07070707,0x07070707
	.word 0x07070707,0x07070707,0x07070707,0x07070707,0x07070707,0x07070707,0x07070707,0x07070707
	.word 0x07070707,0x07070707,0x00070707,0x0D0D0000,0x0D0D0D0D,0x0D0D0D0D,0x0D0D0D0D,0x0D0D0D0D

	.word 0x0D0D0D0D,0x0D0D0D0D,0x0D0D0D0D,0x0D0D0D0D,0x0D0D0D0D,0x00000000,0x07070707,0x07070707
	.word 0x07070707,0x07070707,0x07070707,0x07070707,0x07070707,0x07070707,0x07070707,0x07070707
	.word 0x07070707,0x07070707,0x07070707,0x07070707,0x07070707,0x07070707,0x07070707,0x07070707
	.word 0x07070707,0x07070707,0x07070707,0x07070707,0x07070707,0x07070707,0x07070707,0x07070707
	.word 0x07070707,0x07070707,0x07070707,0x07070707,0x07070707,0x07070707,0x07070707,0x07070707
	.word 0x07070707,0x07070707,0x07070707,0x07070707,0x07070707,0x07070707,0x07070707,0x07070707
	.word 0x07070707,0x07070707,0x07070707,0x07070707,0x07070707,0x07070707,0x07070707,0x07070707
	.word 0x07070707,0x07070707,0x00000707,0x0D0D0D00,0x0D0D0D0D,0x0D0D0D0D,0x0D0D0D0D,0x0D0D0D0D

	.word 0x0D0D0D0D,0x0D0D0D0D,0x0D0D0D0D,0x0D0D0D0D,0x0D0D0D0D,0x0000000D,0x07070700,0x07070707
	.word 0x07070707,0x07070707,0x07070707,0x07070707,0x07070707,0x07070707,0x07070707,0x07070707
	.word 0x07070707,0x07070707,0x07070707,0x07070707,0x07070707,0x07070707,0x07070707,0x07070707
	.word 0x07070707,0x07070707,0x07070707,0x07070707,0x07070707,0x07070707,0x07070707,0x07070707
	.word 0x07070707,0x07070707,0x07070707,0x07070707,0x07070707,0x07070707,0x07070707,0x07070707
	.word 0x07070707,0x07070707,0x07070707,0x07070707,0x07070707,0x07070707,0x07070707,0x07070707
	.word 0x07070707,0x07070707,0x07070707,0x07070707,0x07070707,0x07070707,0x07070707,0x07070707
	.word 0x07070707,0x07070707,0x00000007,0x0D0D0D0D,0x0D0D0D0D,0x0D0D0D0D,0x0D0D0D0D,0x0D0D0D0D

	.word 0x0D0D0D0D,0x0D0D0D0D,0x0D0D0D0D,0x0D0D0D0D,0x0D0D0D0D,0x00000D0D,0x00000000,0x00000000
	.word 0x00000000,0x00000000,0x00000000,0x00000000,0x00000000,0x00000000,0x00000000,0x00000000
	.word 0x00000000,0x00000000,0x00000000,0x00000000,0x00000000,0x00000000,0x00000000,0x00000000
	.word 0x00000000,0x00000000,0x00000000,0x00000000,0x00000000,0x00000000,0x00000000,0x00000000
	.word 0x00000000,0x00000000,0x00000000,0x00000000,0x00000000,0x00000000,0x00000000,0x00000000
	.word 0x00000000,0x00000000,0x00000000,0x00000000,0x00000000,0x00000000,0x00000000,0x00000000
	.word 0x00000000,0x00000000,0x00000000,0x00000000,0x00000000,0x00000000,0x00000000,0x00000000
	.word 0x00000000,0x00000000,0x0D000000,0x0D0D0D0D,0x0D0D0D0D,0x0D0D0D0D,0x0D0D0D0D,0x0D0D0D0D

	.word 0x0D0D0D0D,0x0D0D0D0D,0x0D0D0D0D,0x0D0D0D0D,0x0D0D0D0D,0x000D0D0D,0x00000000,0x00000000
	.word 0x00000000,0x00000000,0x00000000,0x00000000,0x00000000,0x00000000,0x00000000,0x00000000
	.word 0x00000000,0x00000000,0x00000000,0x00000000,0x00000000,0x00000000,0x00000000,0x00000000
	.word 0x00000000,0x00000000,0x00000000,0x00000000,0x00000000,0x00000000,0x00000000,0x00000000
	.word 0x00000000,0x00000000,0x00000000,0x00000000,0x00000000,0x00000000,0x00000000,0x00000000
	.word 0x00000000,0x00000000,0x00000000,0x00000000,0x00000000,0x00000000,0x00000000,0x00000000
	.word 0x00000000,0x00000000,0x00000000,0x00000000,0x00000000,0x00000000,0x00000000,0x00000000
	.word 0x00000000,0x00000000,0x0D0D0000,0x0D0D0D0D,0x0D0D0D0D,0x0D0D0D0D,0x0D0D0D0D,0x0D0D0D0D

	.word 0x0D0D0D0D,0x0D0D0D0D,0x0D0D0D0D,0x0D0D0D0D,0x0D0D0D0D,0x0D0D0D0D,0x0D0D0D0D,0x0D0D0D0D
	.word 0x0D0D0D0D,0x0D0D0D0D,0x0D0D0D0D,0x0D0D0D0D,0x0D0D0D0D,0x0D0D0D0D,0x0D0D0D0D,0x0D0D0D0D
	.word 0x0D0D0D0D,0x0D0D0D0D,0x0D0D0D0D,0x0D0D0D0D,0x0D0D0D0D,0x0D0D0D0D,0x0D0D0D0D,0x0D0D0D0D
	.word 0x0D0D0D0D,0x0D0D0D0D,0x0D0D0D0D,0x0D0D0D0D,0x0D0D0D0D,0x0D0D0D0D,0x0D0D0D0D,0x0D0D0D0D
	.word 0x0D0D0D0D,0x0D0D0D0D,0x0D0D0D0D,0x0D0D0D0D,0x0D0D0D0D,0x0D0D0D0D,0x0D0D0D0D,0x0D0D0D0D
	.word 0x0D0D0D0D,0x0D0D0D0D,0x0D0D0D0D,0x0D0D0D0D,0x0D0D0D0D,0x0D0D0D0D,0x0D0D0D0D,0x0D0D0D0D
	.word 0x0D0D0D0D,0x0D0D0D0D,0x0D0D0D0D,0x0D0D0D0D,0x0D0D0D0D,0x0D0D0D0D,0x0D0D0D0D,0x0D0D0D0D
	.word 0x0D0D0D0D,0x0D0D0D0D,0x0D0D0D0D,0x0D0D0D0D,0x0D0D0D0D,0x0D0D0D0D,0x0D0D0D0D,0x0D0D0D0D

	.word 0x0D0D0D0D,0x0D0D0D0D,0x0D0D0D0D,0x0D0D0D0D,0x0D0D0D0D,0x0D0D0D0D,0x0D0D0D0D,0x0D0D0D0D
	.word 0x0D0D0D0D,0x0D0D0D0D,0x0D0D0D0D,0x0D0D0D0D,0x0D0D0D0D,0x0D0D0D0D,0x0D0D0D0D,0x0D0D0D0D
	.word 0x0D0D0D0D,0x0D0D0D0D,0x0D0D0D0D,0x0D0D0D0D,0x0D0D0D0D,0x0D0D0D0D,0x0D0D0D0D,0x0D0D0D0D
	.word 0x0D0D0D0D,0x0D0D0D0D,0x0D0D0D0D,0x0D0D0D0D,0x0D0D0D0D,0x0D0D0D0D,0x0D0D0D0D,0x0D0D0D0D
	.word 0x0D0D0D0D,0x0D0D0D0D,0x0D0D0D0D,0x0D0D0D0D,0x0D0D0D0D,0x0D0D0D0D,0x0D0D0D0D,0x0D0D0D0D
	.word 0x0D0D0D0D,0x0D0D0D0D,0x0D0D0D0D,0x0D0D0D0D,0x0D0D0D0D,0x0D0D0D0D,0x0D0D0D0D,0x0D0D0D0D
	.word 0x0D0D0D0D,0x0D0D0D0D,0x0D0D0D0D,0x0D0D0D0D,0x0D0D0D0D,0x0D0D0D0D,0x0D0D0D0D,0x0D0D0D0D
	.word 0x0D0D0D0D,0x0D0D0D0D,0x0D0D0D0D,0x0D0D0D0D,0x0D0D0D0D,0x0D0D0D0D,0x0D0D0D0D,0x0D0D0D0D

	.word 0x0D0D0D0D,0x0D0D0D0D,0x0D0D0D0D,0x0D0D0D0D,0x0D0D0D0D,0x0D0D0D0D,0x0D0D0D0D,0x0D0D0D0D
	.word 0x0D0D0D0D,0x0D0D0D0D,0x0D0D0D0D,0x0D0D0D0D,0x0D0D0D0D,0x0D0D0D0D,0x0D0D0D0D,0x0D0D0D0D
	.word 0x0D0D0D0D,0x0D0D0D0D,0x0D0D0D0D,0x0D0D0D0D,0x0D0D0D0D,0x0D0D0D0D,0x0D0D0D0D,0x0D0D0D0D
	.word 0x0D0D0D0D,0x0D0D0D0D,0x0D0D0D0D,0x0D0D0D0D,0x0D0D0D0D,0x0D0D0D0D,0x0D0D0D0D,0x0D0D0D0D
	.word 0x0D0D0D0D,0x0D0D0D0D,0x0D0D0D0D,0x0D0D0D0D,0x0D0D0D0D,0x0D0D0D0D,0x0D0D0D0D,0x0D0D0D0D
	.word 0x0D0D0D0D,0x0D0D0D0D,0x0D0D0D0D,0x0D0D0D0D,0x0D0D0D0D,0x0D0D0D0D,0x0D0D0D0D,0x0D0D0D0D
	.word 0x0D0D0D0D,0x0D0D0D0D,0x0D0D0D0D,0x0D0D0D0D,0x0D0D0D0D,0x0D0D0D0D,0x0D0D0D0D,0x0D0D0D0D
	.word 0x0D0D0D0D,0x0D0D0D0D,0x0D0D0D0D,0x0D0D0D0D,0x0D0D0D0D,0x0D0D0D0D,0x0D0D0D0D,0x0D0D0D0D

	.word 0x0D0D0D0D,0x0D0D0D0D,0x0D0D0D0D,0x0D0D0D0D,0x0D0D0D0D,0x0D0D0D0D,0x0D0D0D0D,0x0D0D0D0D
	.word 0x0D0D0D0D,0x0D0D0D0D,0x0D0D0D0D,0x0D0D0D0D,0x0D0D0D0D,0x0D0D0D0D,0x0D0D0D0D,0x0D0D0D0D
	.word 0x0D0D0D0D,0x0D0D0D0D,0x0D0D0D0D,0x0D0D0D0D,0x0D0D0D0D,0x0D0D0D0D,0x0D0D0D0D,0x0D0D0D0D
	.word 0x0D0D0D0D,0x0D0D0D0D,0x0D0D0D0D,0x0D0D0D0D,0x0D0D0D0D,0x0D0D0D0D,0x0D0D0D0D,0x0D0D0D0D
	.word 0x0D0D0D0D,0x0D0D0D0D,0x0D0D0D0D,0x0D0D0D0D,0x0D0D0D0D,0x0D0D0D0D,0x0D0D0D0D,0x0D0D0D0D
	.word 0x0D0D0D0D,0x0D0D0D0D,0x0D0D0D0D,0x0D0D0D0D,0x0D0D0D0D,0x0D0D0D0D,0x0D0D0D0D,0x0D0D0D0D
	.word 0x0D0D0D0D,0x0D0D0D0D,0x0D0D0D0D,0x0D0D0D0D,0x0D0D0D0D,0x0D0D0D0D,0x0D0D0D0D,0x0D0D0D0D
	.word 0x0D0D0D0D,0x0D0D0D0D,0x0D0D0D0D,0x0D0D0D0D,0x0D0D0D0D,0x0D0D0D0D,0x0D0D0D0D,0x0D0D0D0D

	.word 0x0D0D0D0D,0x0D0D0D0D,0x0D0D0D0D,0x0D0D0D0D,0x0D0D0D0D,0x0D0D0D0D,0x0D0D0D0D,0x0D0D0D0D
	.word 0x0D0D0D0D,0x0D0D0D0D,0x0D0D0D0D,0x0D0D0D0D,0x0D0D0D0D,0x0D0D0D0D,0x0D0D0D0D,0x0D0D0D0D
	.word 0x0D0D0D0D,0x0D0D0D0D,0x0D0D0D0D,0x0D0D0D0D,0x0D0D0D0D,0x0D0D0D0D,0x0D0D0D0D,0x0D0D0D0D
	.word 0x0D0D0D0D,0x0D0D0D0D,0x0D0D0D0D,0x0D0D0D0D,0x0D0D0D0D,0x0D0D0D0D,0x0D0D0D0D,0x0D0D0D0D
	.word 0x0D0D0D0D,0x0D0D0D0D,0x0D0D0D0D,0x0D0D0D0D,0x0D0D0D0D,0x0D0D0D0D,0x0D0D0D0D,0x0D0D0D0D
	.word 0x0D0D0D0D,0x0D0D0D0D,0x0D0D0D0D,0x0D0D0D0D,0x0D0D0D0D,0x0D0D0D0D,0x0D0D0D0D,0x0D0D0D0D
	.word 0x0D0D0D0D,0x0D0D0D0D,0x0D0D0D0D,0x0D0D0D0D,0x0D0D0D0D,0x0D0D0D0D,0x0D0D0D0D,0x0D0D0D0D
	.word 0x0D0D0D0D,0x0D0D0D0D,0x0D0D0D0D,0x0D0D0D0D,0x0D0D0D0D,0x0D0D0D0D,0x0D0D0D0D,0x0D0D0D0D

	.word 0x0D0D0D0D,0x0D0D0D0D,0x0D0D0D0D,0x0D0D0D0D,0x0D0D0D0D,0x0D0D0D0D,0x0D0D0D0D,0x0D0D0D0D
	.word 0x0D0D0D0D,0x0D0D0D0D,0x0D0D0D0D,0x0D0D0D0D,0x0D0D0D0D,0x0D0D0D0D,0x0D0D0D0D,0x0D0D0D0D
	.word 0x0D0D0D0D,0x0D0D0D0D,0x0D0D0D0D,0x0D0D0D0D,0x0D0D0D0D,0x0D0D0D0D,0x0D0D0D0D,0x0D0D0D0D
	.word 0x0D0D0D0D,0x0D0D0D0D,0x0D0D0D0D,0x0D0D0D0D,0x0D0D0D0D,0x0D0D0D0D,0x0D0D0D0D,0x0D0D0D0D
	.word 0x0D0D0D0D,0x0D0D0D0D,0x0D0D0D0D,0x0D0D0D0D,0x0D0D0D0D,0x0D0D0D0D,0x0D0D0D0D,0x0D0D0D0D
	.word 0x0D0D0D0D,0x0D0D0D0D,0x0D0D0D0D,0x0D0D0D0D,0x0D0D0D0D,0x0D0D0D0D,0x0D0D0D0D,0x0D0D0D0D
	.word 0x0D0D0D0D,0x0D0D0D0D,0x0D0D0D0D,0x0D0D0D0D,0x0D0D0D0D,0x0D0D0D0D,0x0D0D0D0D,0x0D0D0D0D
	.word 0x0D0D0D0D,0x0D0D0D0D,0x0D0D0D0D,0x0D0D0D0D,0x0D0D0D0D,0x0D0D0D0D,0x0D0D0D0D,0x0D0D0D0D

	.word 0x0D0D0D0D,0x0D0D0D0D,0x0D0D0D0D,0x0D0D0D0D,0x0D0D0D0D,0x0D0D0D0D,0x0D0D0D0D,0x0D0D0D0D
	.word 0x0D0D0D0D,0x0D0D0D0D,0x0D0D0D0D,0x0D0D0D0D,0x0D0D0D0D,0x0D0D0D0D,0x0D0D0D0D,0x0D0D0D0D
	.word 0x0D0D0D0D,0x0D0D0D0D,0x0D0D0D0D,0x0D0D0D0D,0x0D0D0D0D,0x0D0D0D0D,0x0D0D0D0D,0x0D0D0D0D
	.word 0x0D0D0D0D,0x0D0D0D0D,0x0D0D0D0D,0x0D0D0D0D,0x0D0D0D0D,0x0D0D0D0D,0x0D0D0D0D,0x0D0D0D0D
	.word 0x0D0D0D0D,0x0D0D0D0D,0x0D0D0D0D,0x0D0D0D0D,0x0D0D0D0D,0x0D0D0D0D,0x0D0D0D0D,0x0D0D0D0D
	.word 0x0D0D0D0D,0x0D0D0D0D,0x0D0D0D0D,0x0D0D0D0D,0x0D0D0D0D,0x0D0D0D0D,0x0D0D0D0D,0x0D0D0D0D
	.word 0x0D0D0D0D,0x0D0D0D0D,0x0D0D0D0D,0x0D0D0D0D,0x0D0D0D0D,0x0D0D0D0D,0x0D0D0D0D,0x0D0D0D0D
	.word 0x0D0D0D0D,0x0D0D0D0D,0x0D0D0D0D,0x0D0D0D0D,0x0D0D0D0D,0x0D0D0D0D,0x0D0D0D0D,0x0D0D0D0D

	.word 0x0D0D0D0D,0x0D0D0D0D,0x0D0D0D0D,0x0D0D0D0D,0x0D0D0D0D,0x0D0D0D0D,0x0D0D0D0D,0x0D0D0D0D
	.word 0x0D0D0D0D,0x0D0D0D0D,0x0D0D0D0D,0x0D0D0D0D,0x0D0D0D0D,0x0D0D0D0D,0x0D0D0D0D,0x0D0D0D0D
	.word 0x0D0D0D0D,0x0D0D0D0D,0x0D0D0D0D,0x0D0D0D0D,0x0D0D0D0D,0x0D0D0D0D,0x0D0D0D0D,0x0D0D0D0D
	.word 0x0D0D0D0D,0x0D0D0D0D,0x0D0D0D0D,0x0D0D0D0D,0x0D0D0D0D,0x0D0D0D0D,0x0D0D0D0D,0x0D0D0D0D
	.word 0x0D0D0D0D,0x0D0D0D0D,0x0D0D0D0D,0x0D0D0D0D,0x0D0D0D0D,0x0D0D0D0D,0x0D0D0D0D,0x0D0D0D0D
	.word 0x0D0D0D0D,0x0D0D0D0D,0x0D0D0D0D,0x0D0D0D0D,0x0D0D0D0D,0x0D0D0D0D,0x0D0D0D0D,0x0D0D0D0D
	.word 0x0D0D0D0D,0x0D0D0D0D,0x0D0D0D0D,0x0D0D0D0D,0x0D0D0D0D,0x0D0D0D0D,0x0D0D0D0D,0x0D0D0D0D
	.word 0x0D0D0D0D,0x0D0D0D0D,0x0D0D0D0D,0x0D0D0D0D,0x0D0D0D0D,0x0D0D0D0D,0x0D0D0D0D,0x0D0D0D0D

	.word 0x0D0D0D0D,0x0D0D0D0D,0x0D0D0D0D,0x0D0D0D0D,0x0D0D0D0D,0x0D0D0D0D,0x0D0D0D0D,0x0D0D0D0D
	.word 0x0D0D0D0D,0x0D0D0D0D,0x0D0D0D0D,0x0D0D0D0D,0x0D0D0D0D,0x0D0D0D0D,0x0D0D0D0D,0x0D0D0D0D
	.word 0x0D0D0D0D,0x0D0D0D0D,0x0D0D0D0D,0x0D0D0D0D,0x0D0D0D0D,0x0D0D0D0D,0x0D0D0D0D,0x0D0D0D0D
	.word 0x0D0D0D0D,0x0D0D0D0D,0x0D0D0D0D,0x0D0D0D0D,0x0D0D0D0D,0x0D0D0D0D,0x0D0D0D0D,0x0D0D0D0D
	.word 0x0D0D0D0D,0x0D0D0D0D,0x0D0D0D0D,0x0D0D0D0D,0x0D0D0D0D,0x0D0D0D0D,0x0D0D0D0D,0x0D0D0D0D
	.word 0x0D0D0D0D,0x0D0D0D0D,0x0D0D0D0D,0x0D0D0D0D,0x0D0D0D0D,0x0D0D0D0D,0x0D0D0D0D,0x0D0D0D0D
	.word 0x0D0D0D0D,0x0D0D0D0D,0x0D0D0D0D,0x0D0D0D0D,0x0D0D0D0D,0x0D0D0D0D,0x0D0D0D0D,0x0D0D0D0D
	.word 0x0D0D0D0D,0x0D0D0D0D,0x0D0D0D0D,0x0D0D0D0D,0x0D0D0D0D,0x0D0D0D0D,0x0D0D0D0D,0x0D0D0D0D

	.word 0x0D0D0D0D,0x0D0D0D0D,0x0D0D0D0D,0x0D0D0D0D,0x0D0D0D0D,0x0D0D0D0D,0x0D0D0D0D,0x0D0D0D0D
	.word 0x0D0D0D0D,0x0D0D0D0D,0x0D0D0D0D,0x0D0D0D0D,0x0D0D0D0D,0x0D0D0D0D,0x0D0D0D0D,0x0D0D0D0D
	.word 0x0D0D0D0D,0x0D0D0D0D,0x0D0D0D0D,0x0D0D0D0D,0x0D0D0D0D,0x0D0D0D0D,0x0D0D0D0D,0x0D0D0D0D
	.word 0x0D0D0D0D,0x0D0D0D0D,0x0D0D0D0D,0x0D0D0D0D,0x0D0D0D0D,0x0D0D0D0D,0x0D0D0D0D,0x0D0D0D0D
	.word 0x0D0D0D0D,0x0D0D0D0D,0x0D0D0D0D,0x0D0D0D0D,0x0D0D0D0D,0x0D0D0D0D,0x0D0D0D0D,0x0D0D0D0D
	.word 0x0D0D0D0D,0x0D0D0D0D,0x0D0D0D0D,0x0D0D0D0D,0x0D0D0D0D,0x0D0D0D0D,0x0D0D0D0D,0x0D0D0D0D
	.word 0x0D0D0D0D,0x0D0D0D0D,0x0D0D0D0D,0x0D0D0D0D,0x0D0D0D0D,0x0D0D0D0D,0x0D0D0D0D,0x0D0D0D0D
	.word 0x0D0D0D0D,0x0D0D0D0D,0x0D0D0D0D,0x0D0D0D0D,0x0D0D0D0D,0x0D0D0D0D,0x0D0D0D0D,0x0D0D0D0D

	.word 0x0D0D0D0D,0x0D0D0D0D,0x0D0D0D0D,0x0D0D0D0D,0x0D0D0D0D,0x0D0D0D0D,0x0D0D0D0D,0x0D0D0D0D
	.word 0x0D0D0D0D,0x0D0D0D0D,0x0D0D0D0D,0x0D0D0D0D,0x0D0D0D0D,0x0D0D0D0D,0x0D0D0D0D,0x0D0D0D0D
	.word 0x0D0D0D0D,0x0D0D0D0D,0x0D0D0D0D,0x0D0D0D0D,0x0D0D0D0D,0x0D0D0D0D,0x0D0D0D0D,0x0D0D0D0D
	.word 0x0D0D0D0D,0x0D0D0D0D,0x0D0D0D0D,0x0D0D0D0D,0x0D0D0D0D,0x0D0D0D0D,0x0D0D0D0D,0x0D0D0D0D
	.word 0x0D0D0D0D,0x0D0D0D0D,0x0D0D0D0D,0x0D0D0D0D,0x0D0D0D0D,0x0D0D0D0D,0x0D0D0D0D,0x0D0D0D0D
	.word 0x0D0D0D0D,0x0D0D0D0D,0x0D0D0D0D,0x0D0D0D0D,0x0D0D0D0D,0x0D0D0D0D,0x0D0D0D0D,0x0D0D0D0D
	.word 0x0D0D0D0D,0x0D0D0D0D,0x0D0D0D0D,0x0D0D0D0D,0x0D0D0D0D,0x0D0D0D0D,0x0D0D0D0D,0x0D0D0D0D
	.word 0x0D0D0D0D,0x0D0D0D0D,0x0D0D0D0D,0x0D0D0D0D,0x0D0D0D0D,0x0D0D0D0D,0x0D0D0D0D,0x0D0D0D0D

	.word 0x0D0D0D0D,0x0D0D0D0D,0x0D0D0D0D,0x0D0D0D0D,0x0D0D0D0D,0x0D0D0D0D,0x0D0D0D0D,0x0D0D0D0D
	.word 0x0D0D0D0D,0x0D0D0D0D,0x0D0D0D0D,0x0D0D0D0D,0x0D0D0D0D,0x0D0D0D0D,0x0D0D0D0D,0x0D0D0D0D
	.word 0x0D0D0D0D,0x0D0D0D0D,0x0D0D0D0D,0x0D0D0D0D,0x0D0D0D0D,0x0D0D0D0D,0x0D0D0D0D,0x0D0D0D0D
	.word 0x0D0D0D0D,0x0D0D0D0D,0x0D0D0D0D,0x0D0D0D0D,0x0D0D0D0D,0x0D0D0D0D,0x0D0D0D0D,0x0D0D0D0D
	.word 0x0D0D0D0D,0x0D0D0D0D,0x0D0D0D0D,0x0D0D0D0D,0x0D0D0D0D,0x0D0D0D0D,0x0D0D0D0D,0x0D0D0D0D
	.word 0x0D0D0D0D,0x0D0D0D0D,0x0D0D0D0D,0x0D0D0D0D,0x0D0D0D0D,0x0D0D0D0D,0x0D0D0D0D,0x0D0D0D0D
	.word 0x0D0D0D0D,0x0D0D0D0D,0x0D0D0D0D,0x0D0D0D0D,0x0D0D0D0D,0x0D0D0D0D,0x0D0D0D0D,0x0D0D0D0D
	.word 0x0D0D0D0D,0x0D0D0D0D,0x0D0D0D0D,0x0D0D0D0D,0x0D0D0D0D,0x0D0D0D0D,0x0D0D0D0D,0x0D0D0D0D

	.word 0x0D0D0D0D,0x0D0D0D0D,0x0D0D0D0D,0x0D0D0D0D,0x0D0D0D0D,0x0D0D0D0D,0x0D0D0D0D,0x0D0D0D0D
	.word 0x0D0D0D0D,0x0D0D0D0D,0x0D0D0D0D,0x0D0D0D0D,0x0D0D0D0D,0x0D0D0D0D,0x0D0D0D0D,0x0D0D0D0D
	.word 0x0D0D0D0D,0x0D0D0D0D,0x0D0D0D0D,0x0D0D0D0D,0x0D0D0D0D,0x0D0D0D0D,0x0D0D0D0D,0x0D0D0D0D
	.word 0x0D0D0D0D,0x0D0D0D0D,0x0D0D0D0D,0x0D0D0D0D,0x0D0D0D0D,0x0D0D0D0D,0x0D0D0D0D,0x0D0D0D0D
	.word 0x0D0D0D0D,0x0D0D0D0D,0x0D0D0D0D,0x0D0D0D0D,0x0D0D0D0D,0x0D0D0D0D,0x0D0D0D0D,0x0D0D0D0D
	.word 0x0D0D0D0D,0x0D0D0D0D,0x0D0D0D0D,0x0D0D0D0D,0x0D0D0D0D,0x0D0D0D0D,0x0D0D0D0D,0x0D0D0D0D
	.word 0x0D0D0D0D,0x0D0D0D0D,0x0D0D0D0D,0x0D0D0D0D,0x0D0D0D0D,0x0D0D0D0D,0x0D0D0D0D,0x0D0D0D0D
	.word 0x0D0D0D0D,0x0D0D0D0D,0x0D0D0D0D,0x0D0D0D0D,0x0D0D0D0D,0x0D0D0D0D,0x0D0D0D0D,0x0D0D0D0D

	.section .rodata
	.align	2
	.global storePal		@ 512 unsigned chars
	.hidden storePal
storePal:
	.hword 0x0000,0x7E6C,0x7F79,0x11DB,0x1CE6,0x3E9B,0x1AED,0x7FFF
	.hword 0x5DFA,0x4E0D,0x1D51,0x1EFD,0x35AD,0x6FFC,0x4EDD,0x5AB3
	.hword 0x2651,0x1884,0x294B,0x41F0,0x450E,0x112A,0x1D72,0x739C
	.hword 0x18EC,0x5EBD,0x1CA8,0x4F1D,0x19B1,0x0000,0x0000,0x0000
	.hword 0x0000,0x0000,0x0000,0x0000,0x0000,0x0000,0x0000,0x0000
	.hword 0x0000,0x0000,0x0000,0x0000,0x0000,0x0000,0x0000,0x0000
	.hword 0x0000,0x0000,0x0000,0x0000,0x0000,0x0000,0x0000,0x0000
	.hword 0x0000,0x0000,0x0000,0x0000,0x0000,0x0000,0x0000,0x0000

	.hword 0x0000,0x0000,0x0000,0x0000,0x0000,0x0000,0x0000,0x0000
	.hword 0x0000,0x0000,0x0000,0x0000,0x0000,0x0000,0x0000,0x0000
	.hword 0x0000,0x0000,0x0000,0x0000,0x0000,0x0000,0x0000,0x0000
	.hword 0x0000,0x0000,0x0000,0x0000,0x0000,0x0000,0x0000,0x0000
	.hword 0x0000,0x0000,0x0000,0x0000,0x0000,0x0000,0x0000,0x0000
	.hword 0x0000,0x0000,0x0000,0x0000,0x0000,0x0000,0x0000,0x0000
	.hword 0x0000,0x0000,0x0000,0x0000,0x0000,0x0000,0x0000,0x0000
	.hword 0x0000,0x0000,0x0000,0x0000,0x0000,0x0000,0x0000,0x0000

	.hword 0x0000,0x0000,0x0000,0x0000,0x0000,0x0000,0x0000,0x0000
	.hword 0x0000,0x0000,0x0000,0x0000,0x0000,0x0000,0x0000,0x0000
	.hword 0x0000,0x0000,0x0000,0x0000,0x0000,0x0000,0x0000,0x0000
	.hword 0x0000,0x0000,0x0000,0x0000,0x0000,0x0000,0x0000,0x0000
	.hword 0x0000,0x0000,0x0000,0x0000,0x0000,0x0000,0x0000,0x0000
	.hword 0x0000,0x0000,0x0000,0x0000,0x0000,0x0000,0x0000,0x0000
	.hword 0x0000,0x0000,0x0000,0x0000,0x0000,0x0000,0x0000,0x0000
	.hword 0x0000,0x0000,0x0000,0x0000,0x0000,0x0000,0x0000,0x0000

	.hword 0x0000,0x0000,0x0000,0x0000,0x0000,0x0000,0x0000,0x0000
	.hword 0x0000,0x0000,0x0000,0x0000,0x0000,0x0000,0x0000,0x0000
	.hword 0x0000,0x0000,0x0000,0x0000,0x0000,0x0000,0x0000,0x0000
	.hword 0x0000,0x0000,0x0000,0x0000,0x0000,0x0000,0x0000,0x0000
	.hword 0x0000,0x0000,0x0000,0x0000,0x0000,0x0000,0x0000,0x0000
	.hword 0x0000,0x0000,0x0000,0x0000,0x0000,0x0000,0x0000,0x0000
	.hword 0x0000,0x0000,0x0000,0x0000,0x0000,0x0000,0x0000,0x0000
	.hword 0x0000,0x0000,0x0000,0x0000,0x0000,0x0000,0x0000,0x0000

@}}BLOCK(store)
